lat,lon,kategori
-6.9147418,107.614526,sekolah
-6.8964982,107.5899956,sekolah
-6.8654562,107.6059886,sekolah
-6.8752133,107.6050273,sekolah
-7.275235,107.1058254,sekolah
-6.5301746,106.7689943,sekolah
-6.5726996,106.8074851,sekolah
-6.5780607,106.8144052,sekolah
-6.5927797,106.7967433,sekolah
-6.5921296,106.7965072,sekolah
-6.5921495,106.7960425,sekolah
-6.5885879,106.7993953,sekolah
-6.2710398,107.1038566,sekolah
-6.2696215,107.1038088,sekolah
-6.5856782,106.7988911,sekolah
-6.5837278,106.7999961,sekolah
-6.7012267,107.0528886,sekolah
-6.6139501,106.8109933,sekolah
-6.5229981,106.8075912,sekolah
-6.5232752,106.8062018,sekolah
-6.5222839,106.8058799,sekolah
-6.521122,106.806234,sekolah
-6.5214525,106.8077575,sekolah
-6.9059498,107.6180692,sekolah
-6.9063188,107.6184864,sekolah
-7.017397,107.7625835,sekolah
-6.5849668,106.8087058,sekolah
-6.6060803,106.8081403,sekolah
-6.8965277,107.6122468,sekolah
-6.8903413,107.6265975,sekolah
-6.8877225,107.6250855,sekolah
-6.3608561,106.8331691,sekolah
-6.5928603,106.7960741,sekolah
-6.2850521,106.9181862,sekolah
-6.8417256,107.6609526,sekolah
-6.1997558,106.8919112,sekolah
-6.8645262,107.6829362,sekolah
-6.5822665,106.8895894,sekolah
-6.5872626,106.7882751,sekolah
-6.5768706,106.6332578,sekolah
-6.5817307,106.6363048,sekolah
-6.5761351,106.6347062,sekolah
-6.1634462,107.0421125,sekolah
-6.4449048,107.0374033,sekolah
-6.4473142,107.0383421,sekolah
-6.5864868,106.8045396,sekolah
-6.5863588,106.8039066,sekolah
-6.5864442,106.804207,sekolah
-6.5859614,106.8019062,sekolah
-6.293643,106.9643085,sekolah
-6.2918301,106.9650273,sekolah
-6.3961379,106.8140196,sekolah
-6.3903514,106.8142932,sekolah
-6.390445,106.8143004,sekolah
-6.3933959,106.8145522,sekolah
-6.3960389,106.8142044,sekolah
-6.3963575,106.814121,sekolah
-6.3701323,106.8485263,sekolah
-6.3697182,106.8500941,sekolah
-6.3666418,106.8357598,sekolah
-6.9732361,108.5198455,sekolah
-6.7977683,106.7770751,sekolah
-6.3826783,106.8272837,sekolah
-6.3828273,106.8271335,sekolah
-6.3828208,106.8273159,sekolah
-6.3823776,106.829393,sekolah
-6.3825375,106.8292965,sekolah
-6.3786799,106.8256783,sekolah
-6.3788105,106.8253591,sekolah
-6.3839204,106.8116396,sekolah
-6.3850373,106.8155837,sekolah
-6.3852159,106.8156736,sekolah
-6.3852426,106.8155771,sekolah
-6.37951,106.815409,sekolah
-6.3797621,106.8153598,sekolah
-6.3838874,106.8125032,sekolah
-6.8909182,107.6034266,sekolah
-6.8907828,107.604046,sekolah
-6.8911142,107.6040522,sekolah
-6.384059,106.822091,sekolah
-6.383801,106.822135,sekolah
-6.3841262,106.8223871,sekolah
-6.3818818,106.8200214,sekolah
-6.9246284,107.6074997,sekolah
-6.9268011,107.606872,sekolah
-6.9256576,107.6067688,sekolah
-6.924269,107.6082668,sekolah
-6.3786586,106.8311339,sekolah
-6.3747668,106.8218373,sekolah
-6.3811104,106.8027304,sekolah
-6.3815161,106.8024396,sekolah
-6.3769419,106.8145364,sekolah
-6.4037999,106.8388855,sekolah
-6.3819521,106.8193424,sekolah
-6.3797141,106.8050038,sekolah
-6.3749853,106.8069028,sekolah
-6.3896167,106.8080132,sekolah
-6.3797793,106.814976,sekolah
-6.3889344,106.8077397,sekolah
-6.3846615,106.8114825,sekolah
-6.3844882,106.811704,sekolah
-6.3843016,106.8112533,sekolah
-6.3846721,106.811771,sekolah
-6.3784666,106.8031477,sekolah
-6.3792183,106.8363964,sekolah
-6.3708242,106.8338042,sekolah
-6.3784933,106.831048,sekolah
-6.374047,106.8386923,sekolah
-7.2170924,106.881623,sekolah
-7.215718,106.8825865,sekolah
-7.2162123,106.8833589,sekolah
-7.2171952,106.8866414,sekolah
-7.2076335,106.8814739,sekolah
-6.7974208,107.652336,sekolah
-6.9865918,107.838328,sekolah
-6.9875462,107.8389564,sekolah
-7.2164617,107.9023235,sekolah
-7.2173591,107.9020025,sekolah
-6.5669125,106.7531816,sekolah
-7.3578708,107.8091645,sekolah
-6.2524163,107.1727125,sekolah
-6.7996899,106.779964,sekolah
-6.799072,106.7797494,sekolah
-6.8781282,107.5803356,sekolah
-6.6139387,106.8130067,sekolah
-6.4086557,106.7640964,sekolah
-6.5937623,106.7792411,sekolah
-6.6621992,106.8536282,sekolah
-6.2957034,107.2990572,sekolah
-6.3414293,107.3472916,sekolah
-6.3684598,107.369261,sekolah
-6.3086842,107.2925959,sekolah
-7.2052112,107.9027065,sekolah
-6.8250559,107.1387476,sekolah
-6.2569167,106.9645546,sekolah
-6.2546314,106.9656317,sekolah
-7.1974886,107.8803425,sekolah
-7.306841,107.796229,sekolah
-7.2955729,107.7905357,sekolah
-7.311092,107.791447,sekolah
-7.311179,107.792246,sekolah
-7.313162,107.792928,sekolah
-7.326068,107.794424,sekolah
-7.357169,107.807699,sekolah
-7.357646,107.807605,sekolah
-7.3562079,107.8072012,sekolah
-7.3560329,107.8072596,sekolah
-7.363595,107.779655,sekolah
-7.354334,107.785386,sekolah
-7.253748,107.9023049,sekolah
-7.247107,107.882996,sekolah
-7.253766,107.871077,sekolah
-7.1698677,107.8946428,sekolah
-7.1895283,107.9032182,sekolah
-7.1048978,107.8985822,sekolah
-7.277412,107.7758909,sekolah
-7.2750846,107.7810224,sekolah
-6.2621117,106.7221705,sekolah
-6.2605877,106.7490145,sekolah
-6.6020069,106.8041051,sekolah
-6.5849666,106.8446605,sekolah
-6.5852666,106.8445287,sekolah
-6.4957768,106.8118354,sekolah
-6.4968969,106.8396638,sekolah
-6.592256,106.5135633,sekolah
-6.5922477,106.5142487,sekolah
-6.5927666,106.5185689,sekolah
-6.5711099,106.8174264,sekolah
-6.5817489,106.8315616,sekolah
-6.5710666,106.81143,sekolah
-6.5710093,106.8112068,sekolah
-6.5709432,106.8109024,sekolah
-6.5708487,106.8106456,sekolah
-6.3808839,106.8769012,sekolah
-6.3794424,106.8767743,sekolah
-6.3792177,106.8764544,sekolah
-7.1699769,107.573257,sekolah
-6.1864202,106.627561,sekolah
-6.9109009,107.630962,sekolah
-6.1877959,106.6126368,sekolah
-6.1885558,106.611659,sekolah
-6.1927454,106.6151224,sekolah
-6.1940003,106.617279,sekolah
-6.1955781,106.6184825,sekolah
-6.1957,106.6231757,sekolah
-6.1980793,106.6077604,sekolah
-6.1992316,106.612506,sekolah
-6.202154,106.615866,sekolah
-6.2040783,106.604051,sekolah
-6.2046415,106.6135235,sekolah
-6.2049847,106.6010575,sekolah
-6.20512,106.6130112,sekolah
-6.2056952,106.6132806,sekolah
-6.2057171,106.6137752,sekolah
-6.2061342,106.6134263,sekolah
-6.2055981,106.6127246,sekolah
-6.2061825,106.6137576,sekolah
-6.206986,106.6135986,sekolah
-6.2083112,106.6066597,sekolah
-6.2109951,106.6043791,sekolah
-6.2113661,106.6048715,sekolah
-6.2115813,106.604017,sekolah
-6.2118052,106.6046485,sekolah
-6.2125294,106.6716077,sekolah
-6.1595513,106.6359619,sekolah
-6.3395191,106.9455407,sekolah
-6.3396518,106.9447005,sekolah
-6.3113699,106.9488148,sekolah
-6.3170809,106.9709085,sekolah
-6.3203398,106.9497446,sekolah
-6.3203754,106.9500963,sekolah
-6.3195661,106.9503177,sekolah
-6.319605,106.9499237,sekolah
-6.3204434,106.948393,sekolah
-6.2854406,106.9668572,sekolah
-6.2851733,106.9671333,sekolah
-6.2849228,106.9671381,sekolah
-6.2845437,106.9671596,sekolah
-6.3513138,106.9399566,sekolah
-6.2772566,106.9890326,sekolah
-6.331253,106.9719686,sekolah
-6.3700967,106.8511569,sekolah
-6.3330483,106.7955895,sekolah
-6.6028014,106.7846092,sekolah
-6.382565,106.876512,sekolah
-6.38209,106.8679149,sekolah
-6.2590186,106.7895671,sekolah
-6.8370451,107.9278882,sekolah
-6.9175501,107.6167487,sekolah
-6.915829,106.9309214,sekolah
-6.9161725,106.9312647,sekolah
-6.9168701,106.9316268,sekolah
-6.9164494,106.9293228,sekolah
-6.4184123,106.7418848,sekolah
-6.290065,107.0099645,sekolah
-6.290537,107.0219079,sekolah
-6.3541121,106.7528598,sekolah
-6.3858973,106.7404763,sekolah
-6.639631,108.4054987,sekolah
-6.8357915,107.9284029,sekolah
-6.8121167,107.9225915,sekolah
-6.8053703,107.9205642,sekolah
-6.366388,106.9214112,sekolah
-7.6850442,108.6522333,sekolah
-6.9695542,108.5035731,sekolah
-6.8803349,107.6163704,sekolah
-6.8750686,107.618959,sekolah
-6.4084546,106.8458496,sekolah
-6.1822985,107.4628012,sekolah
-6.7507764,108.1988312,sekolah
-6.3435293,106.9251461,sekolah
-6.2681045,106.7454433,sekolah
-6.9650836,107.6590144,sekolah
-6.9284661,107.6376778,sekolah
-6.9432575,107.6435013,sekolah
-6.9399699,107.6599319,sekolah
-6.6171931,106.8184329,sekolah
-6.3921617,106.8096587,sekolah
-6.1710449,106.632376,sekolah
-6.3569892,106.7802015,sekolah
-6.3854956,106.8299262,sekolah
-6.9279317,107.6413069,sekolah
-6.2843712,106.6988948,sekolah
-6.2268058,107.0112395,sekolah
-6.3953838,106.814397,sekolah
-6.3938003,106.8021978,sekolah
-6.4308398,107.0402991,sekolah
-6.1467188,106.5901771,sekolah
-6.72889,106.812185,sekolah
-6.2277859,106.7052208,sekolah
-6.1211131,106.9171535,sekolah
-6.1808593,106.9783332,sekolah
-6.3512757,107.0053599,sekolah
-6.6684784,107.6405262,sekolah
-6.9692517,107.5520609,sekolah
-6.9395748,107.5646672,sekolah
-6.9127345,107.577271,sekolah
-6.9039023,107.5968438,sekolah
-6.9037977,107.596552,sekolah
-6.9033651,107.597212,sekolah
-6.9122154,107.5956125,sekolah
-6.9121876,107.5955681,sekolah
-6.9166475,107.5925889,sekolah
-6.9182299,107.5817875,sekolah
-6.940396,107.6032825,sekolah
-6.9128355,107.611423,sekolah
-6.8848369,107.5813111,sekolah
-6.8999383,107.6340497,sekolah
-6.8969564,107.634667,sekolah
-6.8962699,107.6342322,sekolah
-6.8959753,107.6343196,sekolah
-6.8935451,107.6370893,sekolah
-6.8937561,107.6392515,sekolah
-6.8954618,107.6423524,sekolah
-6.8996345,107.6423333,sekolah
-6.9200384,107.597042,sekolah
-6.9831763,107.6316399,sekolah
-6.8745529,107.5957186,sekolah
-6.9069935,107.6006151,sekolah
-6.9062722,107.5997176,sekolah
-6.9056777,107.6000707,sekolah
-6.9001218,107.5629381,sekolah
-6.9038733,107.5993747,sekolah
-6.9196755,107.5949399,sekolah
-5.9618938,107.3085985,sekolah
-5.9740507,107.1263249,sekolah
-5.9770961,107.1311131,sekolah
-5.9855822,107.1483927,sekolah
-6.0062176,107.1143976,sekolah
-6.0088344,107.2983525,sekolah
-6.0088727,107.2981413,sekolah
-6.009598,107.1632617,sekolah
-6.0096782,107.1630155,sekolah
-6.0096833,107.2393718,sekolah
-6.0120219,107.0941665,sekolah
-6.0153177,107.3858817,sekolah
-6.0167746,107.1040964,sekolah
-6.0173779,107.1443682,sekolah
-6.0183109,107.1019878,sekolah
-6.0204645,107.1370808,sekolah
-6.0209157,107.3367556,sekolah
-6.0225335,107.3380199,sekolah
-6.0226035,107.3377526,sekolah
-6.0248098,107.1021515,sekolah
-6.0251623,107.3198782,sekolah
-6.0252126,107.3196464,sekolah
-6.026637,107.3231196,sekolah
-6.0267049,107.1092299,sekolah
-6.026723,107.3228406,sekolah
-6.0271602,107.241052,sekolah
-6.0275563,107.1599903,sekolah
-6.0275656,107.1597156,sekolah
-6.0276501,107.2594989,sekolah
-6.0276612,107.259767,sekolah
-6.0287154,107.1558925,sekolah
-6.028989,107.3119142,sekolah
-6.0290917,107.3116543,sekolah
-6.0330199,107.3507653,sekolah
-6.0330957,107.3505539,sekolah
-6.0331937,107.1139478,sekolah
-6.0331947,107.1136769,sekolah
-6.0336974,107.1139111,sekolah
-6.0337917,107.1136402,sekolah
-6.0345958,107.3359275,sekolah
-6.0346867,107.3356512,sekolah
-6.0362135,107.3669618,sekolah
-6.0362897,107.2486651,sekolah
-6.0363292,107.3667019,sekolah
-6.0380693,107.1155862,sekolah
-6.0381953,107.1153545,sekolah
-6.0410263,107.2508473,sekolah
-6.0421119,107.1455188,sekolah
-6.0421751,107.1214964,sekolah
-6.0422981,107.1212674,sekolah
-6.042952,107.1610371,sekolah
-6.0430259,107.1608443,sekolah
-6.0443435,107.2232251,sekolah
-6.0443774,107.222996,sekolah
-6.0451988,107.326957,sekolah
-6.0453517,107.3266725,sekolah
-6.0455306,107.3001805,sekolah
-6.045574,107.2999196,sekolah
-6.0457727,107.2586696,sekolah
-6.0458431,107.2584291,sekolah
-6.0460247,107.2062947,sekolah
-6.0460601,107.2060798,sekolah
-6.0464554,107.2489076,sekolah
-6.0464869,107.1867637,sekolah
-6.0464839,107.1864923,sekolah
-6.0465113,107.2486393,sekolah
-6.0466909,107.133542,sekolah
-6.0467654,107.1333531,sekolah
-6.0475794,107.2643352,sekolah
-6.0476598,107.2641039,sekolah
-6.0485906,107.293509,sekolah
-6.0486638,107.2932973,sekolah
-6.0493973,107.1402899,sekolah
-6.050424,107.3555325,sekolah
-6.0505261,107.1556126,sekolah
-6.0505263,107.1555452,sekolah
-6.0510058,107.3487516,sekolah
-6.0513728,107.3467256,sekolah
-6.0516445,107.2488685,sekolah
-6.0517502,107.2486219,sekolah
-6.0529705,107.2748905,sekolah
-6.0530812,107.2746335,sekolah
-6.0534566,107.3516139,sekolah
-6.054451,107.3551946,sekolah
-6.054666,107.182172,sekolah
-6.0551976,107.2792629,sekolah
-6.0558966,107.2356097,sekolah
-6.0559478,107.2353808,sekolah
-6.0563923,107.1396794,sekolah
-6.05666,107.3546252,sekolah
-6.0580412,107.2822076,sekolah
-6.0580873,107.2818432,sekolah
-6.0582331,107.3241021,sekolah
-6.0582445,107.192199,sekolah
-6.0583604,107.3238254,sekolah
-6.058748,107.4048624,sekolah
-6.0587685,107.4104897,sekolah
-6.0589231,107.3248394,sekolah
-6.0601731,107.1467652,sekolah
-6.0602412,107.1465279,sekolah
-6.0606456,107.1927679,sekolah
-6.0608724,107.1539878,sekolah
-6.0609047,107.1542754,sekolah
-6.0631456,107.1562592,sekolah
-6.063236,107.155993,sekolah
-6.0642623,107.1525258,sekolah
-6.0643199,107.152291,sekolah
-6.0646946,107.2315192,sekolah
-6.0647206,107.2312875,sekolah
-6.0652041,107.1727015,sekolah
-6.0652045,107.1725987,sekolah
-6.0654132,107.3604554,sekolah
-6.0664306,107.1613487,sekolah
-6.0664312,107.1611904,sekolah
-6.0672256,107.2554516,sekolah
-6.0679724,107.1723557,sekolah
-6.0679729,107.1722529,sekolah
-6.068087,107.3473406,sekolah
-6.0681484,107.3470921,sekolah
-6.0684211,107.1654279,sekolah
-6.0692024,107.3844523,sekolah
-6.0699063,107.2384542,sekolah
-6.0705574,107.1477507,sekolah
-6.0711027,107.3894999,sekolah
-6.0712315,107.1702159,sekolah
-6.0712316,107.1701902,sekolah
-6.0717978,107.2957022,sekolah
-6.0719212,107.2954887,sekolah
-6.07196,107.2628044,sekolah
-6.0720474,107.3270728,sekolah
-6.0729305,107.3931281,sekolah
-6.0734206,107.18483,sekolah
-6.0734639,107.1846116,sekolah
-6.0736191,107.1742424,sekolah
-6.0736197,107.1740858,sekolah
-6.0743618,107.1822485,sekolah
-6.0743634,107.1818002,sekolah
-6.0744025,107.1743988,sekolah
-6.07441,107.1747317,sekolah
-6.074832,107.3427123,sekolah
-6.0748655,107.3424844,sekolah
-6.0753974,107.2946134,sekolah
-6.0754816,107.2943781,sekolah
-6.0755292,107.188434,sekolah
-6.0756257,107.1881465,sekolah
-6.0766479,107.1750201,sekolah
-6.0767046,107.1896978,sekolah
-6.0788493,107.1768977,sekolah
-6.0800867,107.3031589,sekolah
-6.080799,107.1914242,sekolah
-6.0816607,107.3005524,sekolah
-6.0819102,107.2357004,sekolah
-6.0823854,107.3650494,sekolah
-6.083708,107.1930661,sekolah
-6.0857742,107.3295171,sekolah
-6.085832,107.3292812,sekolah
-6.086187,107.2138943,sekolah
-6.0867825,107.3363158,sekolah
-6.0867952,107.3779112,sekolah
-6.0868798,107.1935949,sekolah
-6.0869061,107.3292253,sekolah
-6.0869514,107.3290003,sekolah
-6.0875079,107.1939515,sekolah
-6.0876146,107.3373416,sekolah
-6.0876638,107.3371285,sekolah
-6.0879001,107.1942875,sekolah
-6.0880613,107.3065956,sekolah
-6.0882051,107.4129492,sekolah
-6.0883642,107.4115223,sekolah
-6.0889312,107.2083045,sekolah
-6.0890948,107.3628644,sekolah
-6.0893476,107.2124989,sekolah
-6.0895014,107.1972057,sekolah
-6.0897498,107.3743065,sekolah
-6.0914151,107.3372576,sekolah
-6.0917496,107.2055365,sekolah
-6.0922806,107.3132271,sekolah
-6.0926982,107.4270376,sekolah
-6.0930574,107.3131248,sekolah
-6.0930665,107.210698,sekolah
-6.0935275,107.2383512,sekolah
-6.0939295,107.369529,sekolah
-6.0959054,107.2330376,sekolah
-6.0974348,107.3901721,sekolah
-6.0978659,107.212745,sekolah
-6.0982534,107.2534774,sekolah
-6.0982534,107.3411575,sekolah
-6.0993905,107.2418446,sekolah
-6.099441,107.2415969,sekolah
-6.0996431,107.3646771,sekolah
-6.0998556,107.2502571,sekolah
-6.0999029,107.2499167,sekolah
-6.1012227,107.2317404,sekolah
-6.1013473,107.2254062,sekolah
-6.1018391,107.2486647,sekolah
-6.1019397,107.2200969,sekolah
-6.1021536,107.2704231,sekolah
-6.1021677,107.2704624,sekolah
-6.1027095,107.2790373,sekolah
-6.102786,107.3328205,sekolah
-6.104032,107.3637634,sekolah
-6.1040963,107.2747381,sekolah
-6.1041433,107.2747366,sekolah
-6.1046979,107.2534796,sekolah
-6.1048454,107.2695394,sekolah
-6.104857,107.3425812,sekolah
-6.1048605,107.2695772,sekolah
-6.1057472,107.2772809,sekolah
-6.106328,107.2741659,sekolah
-6.1066414,107.4023041,sekolah
-6.107945,107.2491666,sekolah
-6.108868,107.3633903,sekolah
-6.108916,107.2626624,sekolah
-6.1089521,107.3631121,sekolah
-6.114224,107.3675375,sekolah
-6.1143261,107.3673226,sekolah
-6.1157997,107.3629304,sekolah
-6.1158081,107.3627077,sekolah
-6.1158302,107.3614171,sekolah
-6.1158344,107.3612068,sekolah
-6.1162081,107.353327,sekolah
-6.1186489,107.3227436,sekolah
-6.1188107,107.3506647,sekolah
-6.1195357,107.3219963,sekolah
-6.1195977,107.3418243,sekolah
-6.1199283,107.4035092,sekolah
-6.12024,107.2963306,sekolah
-6.1216626,107.3216266,sekolah
-6.1233548,107.3311058,sekolah
-6.1263087,107.3189602,sekolah
-6.1268696,107.2815788,sekolah
-6.1272818,107.3496278,sekolah
-6.1273076,107.3463106,sekolah
-6.129869,107.3183963,sekolah
-6.1299672,107.4103554,sekolah
-6.1307554,107.3963094,sekolah
-6.1310117,107.4073615,sekolah
-6.1313801,107.4090208,sekolah
-6.1327097,107.2863276,sekolah
-6.1339019,107.3083658,sekolah
-6.1349048,107.4081569,sekolah
-6.1376011,107.3009194,sekolah
-6.1393241,107.4105778,sekolah
-6.1395343,107.3721964,sekolah
-6.1399118,107.3394957,sekolah
-6.1413911,107.294792,sekolah
-6.1431689,107.3376122,sekolah
-6.1451974,107.3354609,sekolah
-6.1466008,107.3941174,sekolah
-6.147062,107.294295,sekolah
-6.1473022,107.3937519,sekolah
-6.1476327,107.4033162,sekolah
-6.14915,107.302442,sekolah
-6.1495658,107.3331877,sekolah
-6.1507679,107.4159986,sekolah
-6.1531721,107.3309257,sekolah
-6.1532208,107.3575919,sekolah
-6.1540347,107.3580515,sekolah
-6.1540377,107.3573568,sekolah
-6.1540676,107.2973172,sekolah
-6.1565936,107.3367314,sekolah
-6.156663,107.2982927,sekolah
-6.1572704,107.3068843,sekolah
-6.1578219,107.2906099,sekolah
-6.158038,107.2927338,sekolah
-6.1580869,107.4934489,sekolah
-6.1583325,107.4926142,sekolah
-6.1584413,107.3238589,sekolah
-6.1597282,107.3187,sekolah
-6.1598415,107.3229056,sekolah
-6.1606159,107.4052862,sekolah
-6.1622416,107.2951644,sekolah
-6.1628171,107.2976019,sekolah
-6.163396,107.2960057,sekolah
-6.1645893,107.3472204,sekolah
-6.1652729,107.3233561,sekolah
-6.165581,107.3116809,sekolah
-6.1656388,107.2906112,sekolah
-6.1656476,107.3938798,sekolah
-6.1656748,107.3988609,sekolah
-6.1659025,107.2816377,sekolah
-6.1661114,107.4342951,sekolah
-6.1665554,107.3238539,sekolah
-6.1666125,107.3112029,sekolah
-6.1690724,107.2979511,sekolah
-6.1693868,107.4291375,sekolah
-6.1704443,107.297834,sekolah
-6.170588,107.3290084,sekolah
-6.171257,107.4413813,sekolah
-6.1728156,107.304713,sekolah
-6.1729917,107.4269541,sekolah
-6.1730778,107.333394,sekolah
-6.1732606,107.2989605,sekolah
-6.1733626,107.392837,sekolah
-6.1734661,107.3928778,sekolah
-6.1741234,107.3733491,sekolah
-6.1752937,107.4328219,sekolah
-6.1755876,107.362387,sekolah
-6.1766855,107.4454299,sekolah
-6.1769119,107.4537236,sekolah
-6.1771629,107.440487,sekolah
-6.1773165,107.4461429,sekolah
-6.1775945,107.3982618,sekolah
-6.1776844,107.4217874,sekolah
-6.1785737,107.340173,sekolah
-6.1797275,107.3440697,sekolah
-6.1797913,107.2909616,sekolah
-6.180139,107.4381572,sekolah
-6.180706,107.383563,sekolah
-6.1808215,107.3442017,sekolah
-6.1811857,107.3032558,sekolah
-6.1824078,107.5479244,sekolah
-6.1824757,107.4634332,sekolah
-6.1834956,107.4410102,sekolah
-6.1842357,107.4640048,sekolah
-6.1850112,107.4391963,sekolah
-6.1850507,107.4660074,sekolah
-6.1858399,107.456035,sekolah
-6.1883838,107.4483382,sekolah
-6.1890467,107.438072,sekolah
-6.189177,107.2926747,sekolah
-6.1896155,107.4500328,sekolah
-6.1906407,107.4787816,sekolah
-6.1909692,107.4691032,sekolah
-6.1911089,107.3220856,sekolah
-6.1920654,107.295621,sekolah
-6.1926913,107.5277725,sekolah
-6.1931631,107.5860923,sekolah
-6.1933202,107.4737734,sekolah
-6.1937684,107.3244776,sekolah
-6.1942485,107.3646029,sekolah
-6.1949777,107.3440294,sekolah
-6.1953544,107.4857703,sekolah
-6.1955908,107.4621256,sekolah
-6.1956013,107.2962597,sekolah
-6.1956772,107.449309,sekolah
-6.1960563,107.3348284,sekolah
-6.1960962,107.2993958,sekolah
-6.1966073,107.4742781,sekolah
-6.1966943,107.5251164,sekolah
-6.1983592,107.3833518,sekolah
-6.1987217,107.4883371,sekolah
-6.1992232,107.5122108,sekolah
-6.1996156,107.3662946,sekolah
-6.2002432,107.3297173,sekolah
-6.2008297,107.5351702,sekolah
-6.2012153,107.5469925,sekolah
-6.201639,107.4880844,sekolah
-6.2020147,107.4889912,sekolah
-6.2024926,107.3005494,sekolah
-6.202713,107.4044358,sekolah
-6.2030659,107.5330554,sekolah
-6.2030967,107.3977008,sekolah
-6.2032136,107.4940015,sekolah
-6.2033139,107.2992896,sekolah
-6.2035953,107.4710888,sekolah
-6.2041475,107.4975355,sekolah
-6.2054869,107.5866509,sekolah
-6.2055929,107.3441064,sekolah
-6.2057362,107.3241119,sekolah
-6.2060516,107.6228566,sekolah
-6.2062415,107.3510378,sekolah
-6.2066397,107.5470153,sekolah
-6.2068477,107.2977052,sekolah
-6.2072166,107.5515196,sekolah
-6.2114411,107.3218575,sekolah
-6.2098003,107.4013581,sekolah
-6.210663,107.5103884,sekolah
-6.2108037,107.5154751,sekolah
-6.2116775,107.397232,sekolah
-6.212822,107.336431,sekolah
-6.2129721,107.472237,sekolah
-6.2130455,107.3148786,sekolah
-6.2146511,107.3014714,sekolah
-6.216428,107.4045294,sekolah
-6.2167637,107.2957858,sekolah
-6.2173553,107.3604677,sekolah
-6.2174598,107.5311717,sekolah
-6.2175735,107.5582997,sekolah
-6.2184079,107.284553,sekolah
-6.2189423,107.4036347,sekolah
-6.219545,107.2923878,sekolah
-6.2203743,107.3604231,sekolah
-6.2219316,107.5630862,sekolah
-6.2225618,107.3792718,sekolah
-6.2229694,107.399983,sekolah
-6.2236793,107.3284327,sekolah
-6.2242838,107.3268307,sekolah
-6.2258786,107.4284707,sekolah
-6.2258791,107.6202247,sekolah
-6.2262024,107.3208935,sekolah
-6.2262061,107.3575613,sekolah
-6.2270368,107.371552,sekolah
-6.2272431,107.3558288,sekolah
-6.2285818,107.3925963,sekolah
-6.2287826,107.3836604,sekolah
-6.2288742,107.354829,sekolah
-6.2289002,107.3555329,sekolah
-6.2291097,107.3606849,sekolah
-6.2298662,107.3920522,sekolah
-6.2304219,107.3643036,sekolah
-6.232238,107.5861718,sekolah
-6.2323008,107.5123754,sekolah
-6.2323244,107.5754402,sekolah
-6.2332993,107.4851191,sekolah
-6.2337017,107.3284485,sekolah
-6.2339625,107.6117648,sekolah
-6.2346361,107.5142176,sekolah
-6.2359052,107.5793813,sekolah
-6.2361541,107.4231452,sekolah
-6.2362463,107.5239687,sekolah
-6.2364449,107.4213881,sekolah
-6.2364942,107.4239674,sekolah
-6.2365806,107.4850406,sekolah
-6.2376085,107.4247255,sekolah
-6.2379433,107.5365453,sekolah
-6.2384155,107.5121201,sekolah
-6.2394529,107.3372244,sekolah
-6.2397983,107.4095971,sekolah
-6.2400438,107.4156345,sekolah
-6.2404258,107.3208859,sekolah
-6.240473,107.3619642,sekolah
-6.2410788,107.3260039,sekolah
-6.2413365,107.311174,sekolah
-6.2416209,107.4622007,sekolah
-6.2420034,107.4610407,sekolah
-6.242028,107.3936545,sekolah
-6.2432364,107.4861709,sekolah
-6.2434872,107.3813255,sekolah
-6.2438111,107.3947796,sekolah
-6.2439363,107.6014539,sekolah
-6.2441457,107.4306694,sekolah
-6.2448877,107.3944347,sekolah
-6.2453168,107.3710296,sekolah
-6.2453233,107.3761927,sekolah
-6.245522,107.5747291,sekolah
-6.2467542,107.3589721,sekolah
-6.2471548,107.3581571,sekolah
-6.248543,107.4280745,sekolah
-6.2487567,107.5979928,sekolah
-6.2494937,107.3128063,sekolah
-6.2495218,107.358695,sekolah
-6.2504881,107.34921,sekolah
-6.2509752,107.3045168,sekolah
-6.2512431,107.5292947,sekolah
-6.2513409,107.3161864,sekolah
-6.2525202,107.5809516,sekolah
-6.2529288,107.5943462,sekolah
-6.2536419,107.5256519,sekolah
-6.2541466,107.2803078,sekolah
-6.2548384,107.362617,sekolah
-6.2564469,107.4490275,sekolah
-6.2565898,107.2787621,sekolah
-6.2568714,107.4840444,sekolah
-6.2572685,107.4810798,sekolah
-6.257532,107.344813,sekolah
-6.2574441,107.295652,sekolah
-6.2579468,107.4350686,sekolah
-6.2581383,107.3650503,sekolah
-6.2587066,107.3664597,sekolah
-6.2589634,107.3938493,sekolah
-6.2594434,107.5718285,sekolah
-6.2596285,107.4251864,sekolah
-6.2607116,107.4168176,sekolah
-6.2607269,107.5419094,sekolah
-6.2607296,107.3574248,sekolah
-6.2608948,107.5289657,sekolah
-6.2610424,107.2769324,sekolah
-6.26153,107.4600858,sekolah
-6.2615772,107.5079886,sekolah
-6.261708,107.4732485,sekolah
-6.2624532,107.4176517,sekolah
-6.2629825,107.4414062,sekolah
-6.2634643,107.3936926,sekolah
-6.2637076,107.5470104,sekolah
-6.2638299,107.5234572,sekolah
-6.2640539,107.5508965,sekolah
-6.2645752,107.4795391,sekolah
-6.2650179,107.5523352,sekolah
-6.2650414,107.3572719,sekolah
-6.2651017,107.5543805,sekolah
-6.2656845,107.343472,sekolah
-6.2659861,107.4794673,sekolah
-6.2671974,107.3908802,sekolah
-6.2672364,107.3742255,sekolah
-6.2673426,107.4387042,sekolah
-6.2673682,107.2773743,sekolah
-6.2680652,107.5478085,sekolah
-6.2682692,107.4443471,sekolah
-6.2692649,107.4182815,sekolah
-6.2693001,107.5480567,sekolah
-6.2694394,107.5649956,sekolah
-6.2697758,107.5449343,sekolah
-6.2699879,107.5003635,sekolah
-6.2702771,107.5038743,sekolah
-6.2703249,107.3132622,sekolah
-6.2709253,107.2761172,sekolah
-6.2720475,107.435154,sekolah
-6.2720741,107.2733987,sekolah
-6.2726042,107.2716989,sekolah
-6.2730633,107.4941925,sekolah
-6.2730785,107.5564595,sekolah
-6.2742478,107.4843084,sekolah
-6.2757545,107.4403932,sekolah
-6.2762796,107.3601241,sekolah
-6.276324,107.5149613,sekolah
-6.2764179,107.4481572,sekolah
-6.2772066,107.3865423,sekolah
-6.277392,107.3617507,sekolah
-6.2774696,107.4753111,sekolah
-6.27747,107.4315244,sekolah
-6.2777108,107.4093022,sekolah
-6.2786543,107.4669536,sekolah
-6.2795484,107.4640659,sekolah
-6.2797061,107.4278171,sekolah
-6.2799371,107.3360827,sekolah
-6.2801885,107.5484237,sekolah
-6.2802707,107.348044,sekolah
-6.2804792,107.57702,sekolah
-6.2811611,107.3109115,sekolah
-6.2814147,107.2808134,sekolah
-6.2815496,107.542854,sekolah
-6.2816129,107.3847729,sekolah
-6.2819605,107.2714502,sekolah
-6.2825919,107.4009083,sekolah
-6.2829768,107.4540475,sekolah
-6.2841412,107.3672591,sekolah
-6.2842129,107.46449,sekolah
-6.2850261,107.3842215,sekolah
-6.2854754,107.4356812,sekolah
-6.2854793,107.4562696,sekolah
-6.2861764,107.4136982,sekolah
-6.286773,107.2864266,sekolah
-6.286853,107.3848533,sekolah
-6.2878161,107.4352796,sekolah
-6.2884965,107.3830753,sekolah
-6.2887492,107.3950734,sekolah
-6.2888884,107.3664282,sekolah
-6.2889837,107.447006,sekolah
-6.2892767,107.3931201,sekolah
-6.2834181,107.2832788,sekolah
-6.2906097,107.4891963,sekolah
-6.2910284,107.3468111,sekolah
-6.2911476,107.3267805,sekolah
-6.2912884,107.384439,sekolah
-6.2913945,107.4521986,sekolah
-6.2918661,107.4727282,sekolah
-6.2920896,107.5065461,sekolah
-6.2922543,107.4209323,sekolah
-6.2923629,107.3636871,sekolah
-6.2923666,107.2766099,sekolah
-6.292441,107.3832151,sekolah
-6.2931328,107.2932835,sekolah
-6.2934505,107.5501768,sekolah
-6.2951405,107.512864,sekolah
-6.2953156,107.3843201,sekolah
-6.2959959,107.2903965,sekolah
-6.2963604,107.3292906,sekolah
-6.2965544,107.2981597,sekolah
-6.2968183,107.3291764,sekolah
-6.2974407,107.3829821,sekolah
-6.2977572,107.4992624,sekolah
-6.298078,107.4061871,sekolah
-6.299128,107.4400365,sekolah
-6.2994312,107.3898576,sekolah
-6.2995192,107.5807382,sekolah
-6.2995484,107.2422473,sekolah
-6.2995981,107.3006562,sekolah
-6.3003321,107.300729,sekolah
-6.3003172,107.3672799,sekolah
-6.3004054,107.5381198,sekolah
-6.301033,107.5162986,sekolah
-6.3012433,107.3820436,sekolah
-6.301272,107.2915638,sekolah
-6.3014737,107.3018854,sekolah
-6.3003833,107.3379595,sekolah
-6.3016549,107.57419,sekolah
-6.3019028,107.4759291,sekolah
-6.3021216,107.3027839,sekolah
-6.3023584,107.3995648,sekolah
-6.3032524,107.368336,sekolah
-6.3035142,107.301531,sekolah
-6.3036331,107.4641025,sekolah
-6.3036568,107.3666098,sekolah
-6.3038113,107.3812193,sekolah
-6.3041374,107.5725036,sekolah
-6.3045695,107.3419513,sekolah
-6.3048302,107.4219263,sekolah
-6.3057593,107.298782,sekolah
-6.3058071,107.3085446,sekolah
-6.3059485,107.324686,sekolah
-6.3059738,107.2332777,sekolah
-6.3062196,107.4512309,sekolah
-6.3069888,107.5379373,sekolah
-6.3070029,107.3212992,sekolah
-6.3073105,107.2678741,sekolah
-6.3076553,107.311633,sekolah
-6.3076576,107.4856332,sekolah
-6.3077138,107.2931014,sekolah
-6.3079534,107.5670474,sekolah
-6.3079939,107.3006412,sekolah
-6.3089031,107.3059002,sekolah
-6.3090415,107.2987307,sekolah
-6.3093438,107.3454284,sekolah
-6.3091968,107.4345561,sekolah
-6.3095022,107.35403,sekolah
-6.3095221,107.3008991,sekolah
-6.3103237,107.2911168,sekolah
-6.3113855,107.2532024,sekolah
-6.3107628,107.2881062,sekolah
-6.3109751,107.4159264,sekolah
-6.3120046,107.278848,sekolah
-6.3124769,107.3520553,sekolah
-6.3125909,107.3028784,sekolah
-6.3127096,107.3853952,sekolah
-6.3130509,107.4400467,sekolah
-6.3130687,107.3141055,sekolah
-6.3144148,107.3285869,sekolah
-6.3148493,107.2539231,sekolah
-6.3149863,107.4321399,sekolah
-6.3159203,107.2271549,sekolah
-6.3160093,107.3213157,sekolah
-6.3160484,107.3028121,sekolah
-6.316476,107.438016,sekolah
-6.3166001,107.5633353,sekolah
-6.3169382,107.372495,sekolah
-6.3169461,107.4962516,sekolah
-6.3171598,107.2260381,sekolah
-6.317256,107.4145847,sekolah
-6.3176047,107.4513404,sekolah
-6.3177045,107.3033427,sekolah
-6.317722,107.2905294,sekolah
-6.3183453,107.3306128,sekolah
-6.3184223,107.3121212,sekolah
-6.3190229,107.3064124,sekolah
-6.3190234,107.3077038,sekolah
-6.3195115,107.3437075,sekolah
-6.3197574,107.5318234,sekolah
-6.3198116,107.2957831,sekolah
-6.3203076,107.4657461,sekolah
-6.3205132,107.3230155,sekolah
-6.3207625,107.4111194,sekolah
-6.3210031,107.4414246,sekolah
-6.3212035,107.3908066,sekolah
-6.3213699,107.2547093,sekolah
-6.3216869,107.4123053,sekolah
-6.3221139,107.4846815,sekolah
-6.3222493,107.5580607,sekolah
-6.3229864,107.5000094,sekolah
-6.3233155,107.3807585,sekolah
-6.3245776,107.2970042,sekolah
-6.3247142,107.3607305,sekolah
-6.325369,107.3122339,sekolah
-6.3257926,107.345286,sekolah
-6.3270075,107.3574693,sekolah
-6.3277378,107.4584372,sekolah
-6.3282206,107.4460205,sekolah
-6.3290268,107.3311631,sekolah
-6.3292441,107.4732206,sekolah
-6.3295319,107.2199621,sekolah
-6.3296715,107.3917231,sekolah
-6.3298124,107.4116081,sekolah
-6.3304979,107.556454,sekolah
-6.3318284,107.3820469,sekolah
-6.3331565,107.365882,sekolah
-6.3332219,107.2918848,sekolah
-6.3338858,107.4924772,sekolah
-6.3341514,107.5101127,sekolah
-6.3341699,107.432955,sekolah
-6.3345256,107.3823526,sekolah
-6.3357767,107.2518814,sekolah
-6.336658,107.2966497,sekolah
-6.3369876,107.3107777,sekolah
-6.3370611,107.3015009,sekolah
-6.3373552,107.4395272,sekolah
-6.3373723,107.4697069,sekolah
-6.3375164,107.2258906,sekolah
-6.3378456,107.5291912,sekolah
-6.3378544,107.4196585,sekolah
-6.338012,107.253782,sekolah
-6.3384046,107.310417,sekolah
-6.3387429,107.2879847,sekolah
-6.3394245,107.3417098,sekolah
-6.339097,107.2897597,sekolah
-6.3391542,107.289743,sekolah
-6.3392279,107.2550579,sekolah
-6.3393588,107.5407516,sekolah
-6.3396404,107.4036392,sekolah
-6.339653,107.4105611,sekolah
-6.339701,107.3018755,sekolah
-6.3398359,107.2669188,sekolah
-6.3399782,107.2443724,sekolah
-6.3405723,107.3128421,sekolah
-6.3412715,107.3475678,sekolah
-6.3414562,107.379803,sekolah
-6.34212,107.3889685,sekolah
-6.3423459,107.4702073,sekolah
-6.343014,107.2887022,sekolah
-6.3437788,107.2776243,sekolah
-6.3442702,107.3587241,sekolah
-6.3443147,107.3113019,sekolah
-6.3445822,107.5461014,sekolah
-6.3455007,107.433153,sekolah
-6.3457284,107.304452,sekolah
-6.3457368,107.3044599,sekolah
-6.3461252,107.4243366,sekolah
-6.3465586,107.54714,sekolah
-6.3466925,107.4322668,sekolah
-6.3470032,107.3252167,sekolah
-6.3474913,107.425677,sekolah
-6.347831,107.3075838,sekolah
-6.3482238,107.4534628,sekolah
-6.3485087,107.3452274,sekolah
-6.3485148,107.3051581,sekolah
-6.3485393,107.4775745,sekolah
-6.3487499,107.4233459,sekolah
-6.3492444,107.4656643,sekolah
-6.3493458,107.5455332,sekolah
-6.3497863,107.3289458,sekolah
-6.3499355,107.3435162,sekolah
-6.3504279,107.4950346,sekolah
-6.3508242,107.3801052,sekolah
-6.3512896,107.3411108,sekolah
-6.3522283,107.4046149,sekolah
-6.353382,107.5450101,sekolah
-6.3541548,107.5146508,sekolah
-6.3547506,107.3661333,sekolah
-6.3550126,107.4677786,sekolah
-6.3550181,107.4208245,sekolah
-6.3550744,107.465233,sekolah
-6.3553855,107.2322572,sekolah
-6.3554105,107.4028876,sekolah
-6.3554669,107.5449174,sekolah
-6.3556014,107.4927173,sekolah
-6.3559694,107.4473477,sekolah
-6.3565344,107.231779,sekolah
-6.3568961,107.3080355,sekolah
-6.3574021,107.4010938,sekolah
-6.358677,107.355437,sekolah
-6.3593486,107.3449431,sekolah
-6.3602638,107.3707482,sekolah
-6.360323,107.4023822,sekolah
-6.360496,107.4492279,sekolah
-6.3615622,107.3161502,sekolah
-6.3619241,107.229431,sekolah
-6.3623472,107.3797418,sekolah
-6.3633827,107.4900017,sekolah
-6.3640056,107.5188181,sekolah
-6.3648441,107.3796803,sekolah
-6.3650318,107.4243907,sekolah
-6.3650515,107.4383633,sekolah
-6.3651507,107.5287965,sekolah
-6.3654736,107.5300339,sekolah
-6.3657849,107.4248526,sekolah
-6.36626,107.3944802,sekolah
-6.3665825,107.3905522,sekolah
-6.3666173,107.4545264,sekolah
-6.3670318,107.4422518,sekolah
-6.3683435,107.5402433,sekolah
-6.3683823,107.3714785,sekolah
-6.3684053,107.5075667,sekolah
-6.3685687,107.4422042,sekolah
-6.3690136,107.369669,sekolah
-6.3693188,107.3718718,sekolah
-6.3693208,107.4064729,sekolah
-6.3693706,107.5401604,sekolah
-6.3694922,107.3579781,sekolah
-6.36991,107.2241665,sekolah
-6.3702003,107.5232094,sekolah
-6.3712845,107.3772546,sekolah
-6.3715447,107.4585894,sekolah
-6.3715691,107.3953157,sekolah
-6.3717246,107.3853194,sekolah
-6.3728054,107.5106671,sekolah
-6.3736408,107.2235891,sekolah
-6.3739383,107.4650563,sekolah
-6.3739986,107.3551166,sekolah
-6.3744267,107.384981,sekolah
-6.375378,107.5246088,sekolah
-6.3755331,107.4642966,sekolah
-6.3759394,107.51355,sekolah
-6.3777796,107.2328898,sekolah
-6.3785118,107.2617863,sekolah
-6.3787435,107.5112053,sekolah
-6.3808023,107.4700943,sekolah
-6.3814207,107.416484,sekolah
-6.3815033,107.3667202,sekolah
-6.3824713,107.4661707,sekolah
-6.3830585,107.5216109,sekolah
-6.3830934,107.5290093,sekolah
-6.3831351,107.4682245,sekolah
-6.3845328,107.2237733,sekolah
-6.3848885,107.3958048,sekolah
-6.3849956,107.5144899,sekolah
-6.3853192,107.386468,sekolah
-6.3853813,107.2257249,sekolah
-6.3857348,107.4399069,sekolah
-6.3859573,107.4763759,sekolah
-6.386675,107.3964001,sekolah
-6.3873418,107.498953,sekolah
-6.3884549,107.4684952,sekolah
-6.3893054,107.3604952,sekolah
-6.3894811,107.4171862,sekolah
-6.3915676,107.4479489,sekolah
-6.3921651,107.4918312,sekolah
-6.3928756,107.2246484,sekolah
-6.3928825,107.5292503,sekolah
-6.3931562,107.3578318,sekolah
-6.3931865,107.3572264,sekolah
-6.3936339,107.3037977,sekolah
-6.3936397,107.4295316,sekolah
-6.3938305,107.481272,sekolah
-6.3939972,107.4164339,sekolah
-6.3943405,107.3784156,sekolah
-6.3949737,107.477014,sekolah
-6.3956173,107.4322658,sekolah
-6.3956757,107.3976653,sekolah
-6.3956978,107.5321127,sekolah
-6.3960028,107.3879822,sekolah
-6.3962316,107.3907797,sekolah
-6.3966329,107.4355182,sekolah
-6.3966512,107.459657,sekolah
-6.3968904,107.4233466,sekolah
-6.3972532,107.4515884,sekolah
-6.397935,107.4063117,sekolah
-6.3984169,107.4850048,sekolah
-6.3991105,107.4364209,sekolah
-6.3999427,107.4362995,sekolah
-6.4002277,107.3510838,sekolah
-6.4003747,107.4303094,sekolah
-6.4004274,107.4322558,sekolah
-6.4006788,107.4909691,sekolah
-6.4007834,107.4540595,sekolah
-6.4010466,107.4214995,sekolah
-6.4013631,107.5322328,sekolah
-6.4015669,107.4919553,sekolah
-6.4017889,107.4593639,sekolah
-6.4018504,107.4621942,sekolah
-6.4025022,107.3408304,sekolah
-6.4030588,107.4898296,sekolah
-6.4032473,107.4756008,sekolah
-6.4053531,107.4662543,sekolah
-6.4054082,107.4699254,sekolah
-6.4064492,107.4844496,sekolah
-6.4065525,107.4957422,sekolah
-6.4075625,107.4632084,sekolah
-6.407752,107.4571176,sekolah
-6.4091724,107.4640247,sekolah
-6.4091833,107.4886969,sekolah
-6.4094074,107.4839778,sekolah
-6.4094775,107.3751747,sekolah
-6.4095583,107.5293133,sekolah
-6.4098345,107.4808643,sekolah
-6.4109238,107.3772095,sekolah
-6.4110587,107.4662155,sekolah
-6.4121568,107.4936261,sekolah
-6.4132157,107.4653538,sekolah
-6.4135429,107.3724694,sekolah
-6.4136081,107.4885083,sekolah
-6.4140985,107.469562,sekolah
-6.4146629,107.4767026,sekolah
-6.4151687,107.3446675,sekolah
-6.4152575,107.4615969,sekolah
-6.4156045,107.3472453,sekolah
-6.4158733,107.3566499,sekolah
-6.4169115,107.2233654,sekolah
-6.4182415,107.3675264,sekolah
-6.4185148,107.4557547,sekolah
-6.4189619,107.2344406,sekolah
-6.4194961,107.3675322,sekolah
-6.4207639,107.3786928,sekolah
-6.4220711,107.401767,sekolah
-6.4219119,107.4715101,sekolah
-6.422818,107.2146106,sekolah
-6.4230682,107.4544338,sekolah
-6.4235824,107.338599,sekolah
-6.4236538,107.2438004,sekolah
-6.4241309,107.454474,sekolah
-6.4264921,107.3970166,sekolah
-6.4292179,107.3822332,sekolah
-6.4308704,107.3827301,sekolah
-6.4322809,107.2107558,sekolah
-6.4337253,107.3689946,sekolah
-6.4337486,107.3983175,sekolah
-6.4367298,107.3873058,sekolah
-6.4413298,107.3755868,sekolah
-6.4436056,107.4066881,sekolah
-6.4486013,107.2127281,sekolah
-6.4488359,107.3528802,sekolah
-6.4502389,107.3853941,sekolah
-6.4518324,107.382333,sekolah
-6.4523318,107.3803285,sekolah
-6.46147,107.3836982,sekolah
-6.4621657,107.226828,sekolah
-6.4635095,107.2182248,sekolah
-6.4661653,107.3539594,sekolah
-6.4662693,107.2160122,sekolah
-6.4674711,107.2247485,sekolah
-6.4705421,107.1917811,sekolah
-6.4726053,107.2154991,sekolah
-6.4764607,107.2139966,sekolah
-6.4796876,107.2148456,sekolah
-6.4800067,107.3734244,sekolah
-6.485233,107.2163748,sekolah
-6.4950164,107.2420095,sekolah
-6.4957612,107.2652312,sekolah
-6.5021722,107.2358427,sekolah
-6.5032037,107.2177995,sekolah
-6.507483,107.2321769,sekolah
-6.5081315,107.2698869,sekolah
-6.5099143,107.2343735,sekolah
-6.5106727,107.2211805,sekolah
-6.5141867,107.2729873,sekolah
-6.5166009,107.2283936,sekolah
-6.5173203,107.1849155,sekolah
-6.5204458,107.2242718,sekolah
-6.522458,107.1811434,sekolah
-6.522628,107.201912,sekolah
-6.5236566,107.2022815,sekolah
-6.5244168,107.2032359,sekolah
-6.5246467,107.2149242,sekolah
-6.5310757,107.1801984,sekolah
-6.5434375,107.2358519,sekolah
-6.5625395,107.2302932,sekolah
-6.5697741,107.229136,sekolah
-6.9233604,107.6149527,sekolah
-6.9348195,107.6083018,sekolah
-6.4904178,106.7719254,sekolah
-7.2147071,107.5972267,sekolah
-7.2593055,106.6276119,sekolah
-6.3068911,107.0295928,sekolah
-6.4108408,106.8315038,sekolah
-6.3934321,106.8229788,sekolah
-6.3930963,106.8225523,sekolah
-6.3107435,106.7063342,sekolah
-6.315638,106.7080166,sekolah
-6.8322215,107.3477179,sekolah
-6.8322695,107.3480719,sekolah
-6.8327608,107.3481873,sekolah
-6.3264933,106.7060404,sekolah
-6.3265466,106.7056703,sekolah
-6.3378978,106.7331913,sekolah
-6.5174804,108.3489328,sekolah
-6.5212142,108.3496168,sekolah
-6.2357212,106.6264849,sekolah
-6.2375764,106.6304981,sekolah
-6.5245283,106.8291585,sekolah
-6.524507,106.8290619,sekolah
-6.5261287,106.8312259,sekolah
-6.5626113,106.610066,sekolah
-6.301108,107.3012789,sekolah
-6.8940161,107.6477005,sekolah
-6.3940859,106.8398256,sekolah
-6.9028421,107.7436462,sekolah
-6.2256423,106.8768763,sekolah
-6.2257363,106.8767931,sekolah
-6.5440859,106.8328619,sekolah
-6.1980056,106.7824638,sekolah
-6.2882326,106.6511433,sekolah
-6.1527553,106.8093999,sekolah
-6.1919484,106.7452699,sekolah
-6.5993434,106.8123031,sekolah
-6.2135186,106.8114337,sekolah
-6.1720545,106.6362416,sekolah
-6.334808,106.8511149,sekolah
-6.2061134,106.8506481,sekolah
-6.2158871,106.9208819,sekolah
-6.2215287,106.9394324,sekolah
-6.1346877,106.7062166,sekolah
-6.1345091,106.7052993,sekolah
-6.1578635,106.8090512,sekolah
-6.3625971,106.8350058,sekolah
-6.3705528,106.8343127,sekolah
-6.9917935,108.4612804,sekolah
-6.152846,106.8429744,sekolah
-6.3267039,106.8591468,sekolah
-6.233512,106.9384906,sekolah
-7.6918411,108.6484617,sekolah
-6.1200825,106.8673329,sekolah
-6.2885386,106.8999365,sekolah
-6.1804742,106.7829761,sekolah
-6.138498,107.2818066,sekolah
-6.1318369,107.2749737,sekolah
-6.1326089,107.2725932,sekolah
-6.1533074,107.2587034,sekolah
-6.2721666,107.2615164,sekolah
-6.2679534,107.250292,sekolah
-6.275368,107.2616324,sekolah
-6.2747734,107.2630271,sekolah
-6.2748974,107.2627777,sekolah
-6.3443858,106.8849289,sekolah
-6.3282,106.8806082,sekolah
-6.1343645,106.7380087,sekolah
-6.2329547,107.0506324,sekolah
-6.2227985,107.0342723,sekolah
-6.2089643,107.0351719,sekolah
-6.2188455,107.0440489,sekolah
-6.233324,107.0447946,sekolah
-6.2209172,107.035368,sekolah
-6.2093396,107.0350327,sekolah
-6.217303,107.0331269,sekolah
-6.2189215,107.0440154,sekolah
-6.2183562,107.0439403,sekolah
-6.2227611,107.0342025,sekolah
-6.2227971,107.0338739,sekolah
-6.224513,107.0411856,sekolah
-6.2244636,107.0411333,sekolah
-6.2244063,107.0411548,sekolah
-6.2315109,107.0465085,sekolah
-6.2369302,107.0499954,sekolah
-6.6189151,106.8101603,sekolah
-6.618967,106.8119372,sekolah
-6.618598,106.8119185,sekolah
-6.6187712,106.8119024,sekolah
-6.6188338,106.8107477,sekolah
-6.6187192,106.8104875,sekolah
-6.6189337,106.8104433,sekolah
-6.6186167,106.8100061,sekolah
-6.6240372,106.8093328,sekolah
-6.0992505,106.9617231,sekolah
-6.0990595,106.9616644,sekolah
-6.0983334,106.9617433,sekolah
-6.5449957,106.820244,sekolah
-6.5468223,106.8222275,sekolah
-6.5451835,106.811716,sekolah
-6.5435301,106.820118,sekolah
-6.5467304,106.8141434,sekolah
-6.5463254,106.8136995,sekolah
-6.5822365,106.7938846,sekolah
-6.5821899,106.7939128,sekolah
-6.5821486,106.7938323,sekolah
-6.2347218,106.8972323,sekolah
-6.5307805,106.7659441,sekolah
-6.5284401,106.7718013,sekolah
-6.5335399,106.7662324,sekolah
-6.5264681,106.7739129,sekolah
-6.5326645,106.7733523,sekolah
-6.525724,106.7668667,sekolah
-6.5264208,106.7739277,sekolah
-6.5165182,106.7694175,sekolah
-6.5377529,106.7661459,sekolah
-6.5379661,106.7660614,sekolah
-6.5378422,106.7661124,sekolah
-6.5335146,106.7661707,sekolah
-6.2220353,106.7831684,sekolah
-6.1220063,106.8813283,sekolah
-6.1258717,106.8919201,sekolah
-7.3573969,107.8099577,sekolah
-6.1753382,106.9085788,sekolah
-6.1168147,106.770876,sekolah
-6.9747378,108.4841277,sekolah
-6.1349004,106.8298759,sekolah
-6.1180644,106.9582471,sekolah
-6.8364745,107.5838488,sekolah
-6.8225008,107.5862494,sekolah
-6.830826,107.3755646,sekolah
-6.830091,107.3759106,sekolah
-6.8295583,107.3757362,sekolah
-6.9085709,107.6536708,sekolah
-6.9096786,107.6498848,sekolah
-6.9079478,107.6513788,sekolah
-6.9064327,107.650094,sekolah
-6.3116282,106.8173314,sekolah
-6.1150368,106.7748375,sekolah
-6.2359572,106.7628608,sekolah
-6.7033846,106.7891287,sekolah
-6.7064934,106.785428,sekolah
-7.2183055,106.8959341,sekolah
-6.1228544,106.8861926,sekolah
-6.9324024,107.786911,sekolah
-6.3453818,106.7328292,sekolah
-6.3460639,106.7300824,sekolah
-6.3455129,106.7333403,sekolah
-6.3458434,106.7331579,sekolah
-6.166528,106.7466761,sekolah
-6.3959816,106.8181508,sekolah
-6.1967676,107.1790823,sekolah
-6.9049736,106.9179489,sekolah
-7.5404427,108.7056145,sekolah
-6.1454378,106.7304884,sekolah
-6.1481976,106.836176,sekolah
-6.1965778,106.7692378,sekolah
-6.3635604,107.3498756,sekolah
-6.5925996,106.806298,sekolah
-6.5933652,106.8067297,sekolah
-6.5945668,106.8066998,sekolah
-6.5928877,106.8062357,sekolah
-6.9723199,107.6370755,sekolah
-6.2563701,106.7369547,sekolah
-6.2606734,106.7489362,sekolah
-6.260676,106.7477694,sekolah
-7.2044105,107.9013726,sekolah
-7.2169763,107.9132805,sekolah
-7.2036196,107.9063189,sekolah
-7.1998749,107.9080342,sekolah
-7.1998563,107.9067546,sekolah
-6.9049297,107.6804344,sekolah
-6.8396282,108.6363339,sekolah
-7.0050991,107.6340662,sekolah
-6.5770998,106.7819214,sekolah
-6.2585373,106.7777308,sekolah
-6.5175762,106.3637043,sekolah
-6.1414119,106.7948013,sekolah
-7.0280853,107.6921607,sekolah
-7.0313398,107.6965114,sekolah
-7.0327156,107.6983276,sekolah
-6.8651878,107.5401771,sekolah
-6.8691843,107.5368532,sekolah
-6.2811871,106.7028417,sekolah
-6.9913175,107.0573078,sekolah
-6.9633191,107.0479716,sekolah
-6.9577967,107.037195,sekolah
-6.9701052,107.0401827,sekolah
-6.2782319,106.7046762,sekolah
-6.3599133,106.8176348,sekolah
-6.5301019,107.7097926,sekolah
-6.1756959,106.6320795,sekolah
-6.1719967,106.6347641,sekolah
-6.1736266,106.6328992,sekolah
-6.1724484,106.6346188,sekolah
-6.1724579,106.6353385,sekolah
-6.1672492,106.6304437,sekolah
-6.1697405,106.6256555,sekolah
-6.177564,106.6304844,sekolah
-6.1828121,106.6314029,sekolah
-6.1681248,106.8144569,sekolah
-6.1625067,106.817194,sekolah
-6.1538868,106.7973467,sekolah
-6.1628523,106.7941544,sekolah
-6.1760965,106.7870088,sekolah
-6.1995154,106.8026693,sekolah
-6.403929,106.8192603,sekolah
-6.3997565,106.8195546,sekolah
-6.2044521,106.8582168,sekolah
-6.1999464,106.852613,sekolah
-6.1940526,106.838191,sekolah
-6.5858432,106.7964907,sekolah
-6.582281,106.8068866,sekolah
-6.5831927,106.8067327,sekolah
-6.5891077,106.8046299,sekolah
-6.6599746,106.9347913,sekolah
-6.6598999,106.934493,sekolah
-6.2509637,106.8430382,sekolah
-6.2906285,106.8438945,sekolah
-6.1575415,106.8084526,sekolah
-6.2369371,106.8435005,sekolah
-6.2421187,106.8423459,sekolah
-6.2279836,106.8477367,sekolah
-6.2257955,106.8477539,sekolah
-6.1878863,106.8465591,sekolah
-6.1668222,106.8242922,sekolah
-6.1636856,106.8242573,sekolah
-6.1630077,106.824084,sekolah
-6.168584,106.8341074,sekolah
-6.1876557,106.8472263,sekolah
-6.9048974,107.612126,sekolah
-6.1698735,106.8404543,sekolah
-6.1596836,106.8377763,sekolah
-6.1951785,106.6205475,sekolah
-6.1952374,106.6209475,sekolah
-6.1823835,106.5979479,sekolah
-6.1868528,106.6130767,sekolah
-6.1863445,106.6129175,sekolah
-6.1891564,106.8321068,sekolah
-6.1884509,106.8318812,sekolah
-6.2801459,106.7963291,sekolah
-6.1641828,106.7899341,sekolah
-6.1341128,106.7930922,sekolah
-6.1309118,106.7942975,sekolah
-6.1077908,106.7369764,sekolah
-6.108137,106.7379063,sekolah
-6.319496,107.3859215,sekolah
-6.0595919,107.3543378,sekolah
-6.224676,107.113849,sekolah
-6.4074175,107.4625225,sekolah
-6.94545,106.9517153,sekolah
-6.9302473,106.9460687,sekolah
-6.9262346,106.9459945,sekolah
-6.9289693,106.9420792,sekolah
-6.9364768,107.1537941,sekolah
-6.9270418,107.143019,sekolah
-6.9276865,107.129911,sekolah
-6.9281104,107.128974,sekolah
-6.9250021,107.1279494,sekolah
-6.933922,107.1261265,sekolah
-6.9258619,107.1395232,sekolah
-6.9490534,107.0065968,sekolah
-6.9417697,107.0063933,sekolah
-6.9434028,106.9964694,sekolah
-6.9289464,107.0064539,sekolah
-6.9187401,106.9850736,sekolah
-6.9272379,107.0071997,sekolah
-6.9186134,106.9842339,sekolah
-6.9174367,106.9693224,sekolah
-6.9173023,106.9688722,sekolah
-6.9186619,106.9819434,sekolah
-6.8264299,107.1439407,sekolah
-6.8264459,107.1472806,sekolah
-6.8180908,107.1472219,sekolah
-6.8259514,107.1533104,sekolah
-6.8290926,107.1435095,sekolah
-6.1153507,106.8943286,sekolah
-6.2539571,106.4697819,sekolah
-6.2527681,106.4707481,sekolah
-6.2526414,106.4657995,sekolah
-6.250867,106.4667458,sekolah
-6.2267335,106.471698,sekolah
-6.2271425,106.4718875,sekolah
-6.2278455,106.4705799,sekolah
-6.2572745,106.4603849,sekolah
-6.24519,106.4684487,sekolah
-6.2410074,106.4676644,sekolah
-6.2575713,106.4669954,sekolah
-6.2692552,106.4677932,sekolah
-6.2675666,106.4658085,sekolah
-6.261272,106.4752688,sekolah
-6.2365379,106.8565377,sekolah
-6.1508596,106.5639019,sekolah
-6.3989381,106.7603627,sekolah
-6.2290272,106.9570262,sekolah
-6.2322013,106.9580452,sekolah
-6.9057793,107.6196335,sekolah
-6.2504529,106.4723351,sekolah
-6.2471512,106.4725368,sekolah
-7.7725542,108.4615052,sekolah
-6.2137479,106.7061032,sekolah
-6.212234,106.707414,sekolah
-6.2632728,106.4644821,sekolah
-6.2687953,106.4274626,sekolah
-6.2503935,106.4540599,sekolah
-6.2477126,106.452444,sekolah
-6.2428356,106.4524693,sekolah
-6.2646131,106.4286155,sekolah
-6.5501338,107.4377406,sekolah
-6.5367003,107.437397,sekolah
-6.5359631,107.4374966,sekolah
-6.5474934,107.442315,sekolah
-6.547616,107.4429239,sekolah
-6.5465208,107.4413146,sekolah
-6.5476027,107.4402283,sekolah
-6.5423277,107.4391333,sekolah
-6.4715212,106.8288071,sekolah
-6.536377,107.4442062,sekolah
-6.4715367,106.8312451,sekolah
-6.4903307,106.8346968,sekolah
-6.463286,106.8335326,sekolah
-6.4669833,106.8396645,sekolah
-6.1688298,106.6001986,sekolah
-6.1932723,106.6344732,sekolah
-6.192355,106.6348761,sekolah
-6.1688139,106.6002119,sekolah
-6.1684846,106.6272234,sekolah
-6.1696316,106.6257403,sekolah
-6.1715843,106.6361786,sekolah
-6.1954133,106.6344033,sekolah
-6.1688188,106.6002139,sekolah
-6.1912481,106.6648773,sekolah
-6.192356,106.6348843,sekolah
-6.1923533,106.6348357,sekolah
-6.2530952,106.5175514,sekolah
-6.2683125,107.0224719,sekolah
-6.2673062,107.0186634,sekolah
-6.9594796,106.9521725,sekolah
-6.1967239,106.8215712,sekolah
-6.1299418,106.6332992,sekolah
-7.3495815,108.4858582,sekolah
-7.3061508,108.2074922,sekolah
-6.1846503,106.7877808,sekolah
-6.9478817,107.0186866,sekolah
-6.9281465,106.9576968,sekolah
-6.2144451,107.5551349,sekolah
-6.9457767,107.019269,sekolah
-6.9846351,108.3176666,sekolah
-6.9849293,108.3188279,sekolah
-6.4808849,106.8090418,sekolah
-6.4823906,106.8114907,sekolah
-6.4736252,106.8150553,sekolah
-6.3037945,107.0190519,sekolah
-6.2672314,107.3742232,sekolah
-6.8087708,107.6495586,sekolah
-6.543037,107.7236377,sekolah
-6.302182,106.6253507,sekolah
-6.2293952,106.9565109,sekolah
-6.2295658,106.9564144,sekolah
-6.6951604,107.7465794,sekolah
-7.3602976,108.529703,sekolah
-6.5305404,107.4161377,sekolah
-6.5282384,107.4215153,sekolah
-6.1853715,106.6193854,sekolah
-6.1614627,106.8426765,sekolah
-6.3418625,106.9465826,sekolah
-7.3386051,108.4202123,sekolah
-7.33869,108.4201911,sekolah
-6.8133462,107.2483322,sekolah
-6.8147139,107.2509056,sekolah
-6.7871955,107.2583491,sekolah
-6.7907016,107.259439,sekolah
-6.781483,107.2626054,sekolah
-6.7987057,107.2557812,sekolah
-6.8122723,107.2556968,sekolah
-6.9229471,106.935225,sekolah
-6.5688529,106.7642869,sekolah
-6.9178123,106.9104534,sekolah
-6.5783253,106.7717001,sekolah
-6.9219537,106.9357414,sekolah
-6.9205033,106.9344247,sekolah
-6.9191162,106.9357394,sekolah
-6.9151485,106.9372716,sekolah
-6.9196139,106.9356824,sekolah
-6.9202111,106.9313912,sekolah
-6.918223,106.9322726,sekolah
-6.9177348,106.9345459,sekolah
-6.9183112,106.9352534,sekolah
-6.9196632,106.9314216,sekolah
-6.9199221,106.9313958,sekolah
-6.9186184,106.9352299,sekolah
-6.918632,106.9357457,sekolah
-6.9202728,106.9327989,sekolah
-6.9158715,106.932486,sekolah
-6.9149166,106.9322532,sekolah
-6.9116261,106.9275816,sekolah
-6.9197897,106.924154,sekolah
-6.9163891,106.9237206,sekolah
-6.9192361,106.9229237,sekolah
-6.9131082,106.9305117,sekolah
-7.0178059,107.7624837,sekolah
-6.9996998,107.4740713,sekolah
-6.8088728,107.5973685,sekolah
-6.7111378,107.4723821,sekolah
-6.2050097,106.5757946,sekolah
-6.2053857,106.5755451,sekolah
-7.3814714,108.297133,sekolah
-6.1846038,106.8727636,sekolah
-6.5215675,106.8157539,sekolah
-6.1809479,107.0047025,sekolah
-6.9693216,107.8281669,sekolah
-6.6788159,108.0699585,sekolah
-6.3482453,106.9251156,sekolah
-7.4080856,108.4479073,sekolah
-6.6468623,108.3798789,sekolah
-6.6472419,108.3772201,sekolah
-6.6473348,108.3780494,sekolah
-6.6557539,108.3664804,sekolah
-7.350514,107.799785,sekolah
-6.1721135,107.000859,sekolah
-6.178976,106.9996183,sekolah
-6.3352753,107.1633911,sekolah
-6.3829503,106.8206805,sekolah
-6.3555585,106.8088279,sekolah
-6.8027772,107.5797711,sekolah
-6.5721017,106.8987733,sekolah
-6.2562936,106.9344675,sekolah
-6.7592442,108.4786694,sekolah
-6.7612139,108.4788873,sekolah
-6.2549352,106.6832286,sekolah
-6.442425,106.835395,sekolah
-6.4204795,106.7668846,sekolah
-6.4194483,106.7608122,sekolah
-6.5420821,106.7657343,sekolah
-6.5427907,106.7664702,sekolah
-7.0328295,106.9802375,sekolah
-6.8609476,107.5865398,sekolah
-6.1615113,106.7962306,sekolah
-6.2974245,107.1253141,sekolah
-6.8516157,107.5861726,sekolah
-6.3901591,107.4950323,sekolah
-6.8057581,108.2983914,sekolah
-6.1783983,107.295479,sekolah
-7.3543101,108.1196364,sekolah
-6.6494034,107.386315,sekolah
-6.375227,106.7704123,sekolah
-6.213384,106.7252087,sekolah
-6.1892664,106.8312027,sekolah
-6.3241564,106.9759889,sekolah
-7.4036361,108.6593684,sekolah
-7.4057019,108.658859,sekolah
-6.8821368,107.5342938,sekolah
-6.8816682,107.5335857,sekolah
-6.8847229,107.6172633,sekolah
-6.8848024,107.6183326,sekolah
-6.8852984,107.6190478,sekolah
-6.4745505,106.8295682,sekolah
-6.4220276,106.8367057,sekolah
-6.3539612,106.8367688,sekolah
-6.1806856,106.6198993,sekolah
-6.1701162,106.6333228,sekolah
-6.1832018,106.691352,sekolah
-6.3198322,106.7140464,sekolah
-6.2973987,106.7332048,sekolah
-6.3147745,106.8621984,sekolah
-6.2671156,106.7936541,sekolah
-6.12468,106.7909796,sekolah
-6.1843193,106.658202,sekolah
-6.3864864,106.9393137,sekolah
-6.4150283,106.9601689,sekolah
-6.4080568,106.9667237,sekolah
-6.3035282,106.9891254,sekolah
-6.2457362,107.0117591,sekolah
-6.2599461,107.0190667,sekolah
-6.2272332,106.7137951,sekolah
-6.300318,107.3019484,sekolah
-6.2329645,106.9876189,sekolah
-6.2666658,107.0986096,sekolah
-6.2290333,107.0182823,sekolah
-6.3179396,107.0349774,sekolah
-7.1244098,108.2172181,sekolah
-6.173029,106.5382808,sekolah
-6.1699863,106.5367077,sekolah
-6.171985,106.560908,sekolah
-6.1715677,106.541698,sekolah
-6.172521,106.5413962,sekolah
-6.172177,106.5618038,sekolah
-6.4927504,106.7676628,sekolah
-6.9171495,106.8978712,sekolah
-6.9208972,106.9602393,sekolah
-6.8131182,107.1329293,sekolah
-6.8155485,107.1335864,sekolah
-6.8119437,107.1402329,sekolah
-6.8969519,107.5848895,sekolah
-6.8997498,107.590899,sekolah
-6.8997705,107.5414089,sekolah
-6.9260341,107.5889155,sekolah
-6.8496462,107.4926108,sekolah
-6.9233601,107.6225303,sekolah
-6.8970091,107.5371516,sekolah
-6.9240201,107.5586239,sekolah
-6.9420391,107.6456606,sekolah
-6.920782,107.6164461,sekolah
-6.8773529,107.5452511,sekolah
-6.9454317,107.6497883,sekolah
-6.9488006,107.6524771,sekolah
-6.9084836,107.6462063,sekolah
-6.9570754,107.6715195,sekolah
-6.9160049,106.9186022,sekolah
-6.9172109,106.9080639,sekolah
-6.9425114,107.5687129,sekolah
-6.8669797,107.546478,sekolah
-6.8671611,107.5371122,sekolah
-6.8705786,107.5438421,sekolah
-6.9067402,107.6729219,sekolah
-6.908962,107.6695954,sekolah
-6.9108546,107.5647798,sekolah
-6.9363552,107.6602424,sekolah
-6.9375913,107.7223115,sekolah
-6.3892807,106.9437508,sekolah
-6.9288073,107.6754078,sekolah
-6.9300994,107.6761744,sekolah
-6.7161731,108.5347072,sekolah
-6.9252101,107.6060462,sekolah
-6.9642949,107.6081312,sekolah
-6.927954,107.6252744,sekolah
-6.8075015,107.1466584,sekolah
-6.9201682,107.5525986,sekolah
-6.9099588,107.5662059,sekolah
-6.9092512,107.5599477,sekolah
-6.9153787,107.6287561,sekolah
-6.9205059,107.558913,sekolah
-6.9128109,107.6816245,sekolah
-6.9577288,107.6571714,sekolah
-6.9094825,107.5551722,sekolah
-6.900335,107.547471,sekolah
-6.9043921,107.5607836,sekolah
-6.8677587,107.5601057,sekolah
-6.9377953,107.6087898,sekolah
-6.9061634,107.664689,sekolah
-6.9103627,107.6062649,sekolah
-6.2277759,106.7046998,sekolah
-6.2964701,107.0299802,sekolah
-6.2964787,107.0296021,sekolah
-6.2960908,107.0296631,sekolah
-6.3900071,106.8363764,sekolah
-7.2658097,108.1856848,sekolah
-6.3217188,106.6822704,sekolah
-6.3536649,108.2697184,sekolah
-6.9242841,107.5635768,sekolah
-6.924854,107.562574,sekolah
-6.9193759,107.5989295,sekolah
-6.2429865,106.8364049,sekolah
-6.9186057,106.7711575,sekolah
-6.9138054,107.6328564,sekolah
-6.8428656,106.3718241,sekolah
-6.8423817,106.3703652,sekolah
-6.8318246,106.3305031,sekolah
-6.8329588,106.3290193,sekolah
-6.833431,106.3288545,sekolah
-6.8335638,106.3285688,sekolah
-6.7313079,107.0681021,sekolah
-6.732765,107.0514152,sekolah
-6.2960955,107.0014755,sekolah
-6.5149173,107.9032926,sekolah
-6.5226037,107.9107968,sekolah
-6.512936,107.9077148,sekolah
-6.5118522,107.9111885,sekolah
-6.5096962,107.9022323,sekolah
-6.3573008,107.7227037,sekolah
-6.3630606,106.9368859,sekolah
-6.3629525,106.9368831,sekolah
-6.3742425,106.7971463,sekolah
-6.913175,107.6085084,sekolah
-6.9612036,107.2822765,sekolah
-6.2429254,106.7158283,sekolah
-6.9156116,107.1332851,sekolah
-6.4108507,106.9791735,sekolah
-6.1865798,106.8578365,sekolah
-6.1866308,106.8730216,sekolah
-6.261183,107.0589839,sekolah
-6.26338,107.0597886,sekolah
-6.1958331,106.8045938,sekolah
-6.4309794,106.8272206,sekolah
-6.5814641,106.8931982,sekolah
-6.3994001,106.9600382,sekolah
-6.3984744,106.9596772,sekolah
-6.5261521,106.76657,sekolah
-6.524318,106.7667701,sekolah
-6.5274399,106.7638126,sekolah
-6.8190699,107.6594533,sekolah
-7.4744558,108.7103591,sekolah
-7.5100646,108.7314343,sekolah
-7.5232994,108.7362605,sekolah
-6.8192386,107.6594769,sekolah
-6.9363444,107.6020651,sekolah
-6.2209689,107.0043704,sekolah
-6.2213067,107.0041498,sekolah
-6.2228443,107.0019923,sekolah
-6.2225321,107.001988,sekolah
-6.2222411,107.0019859,sekolah
-6.22096,107.0019611,sekolah
-6.2207449,107.0019311,sekolah
-6.2203318,107.0019342,sekolah
-6.7075994,108.5047538,sekolah
-6.2010845,106.9903338,sekolah
-6.3015109,106.9720125,sekolah
-6.2662659,106.9752407,sekolah
-6.213462,106.9831365,sekolah
-6.2737094,106.922217,sekolah
-6.2810883,106.9738816,sekolah
-6.2658892,106.9824282,sekolah
-6.2948864,107.0306719,sekolah
-6.1760998,106.9813016,sekolah
-6.343616,106.9399657,sekolah
-6.2225917,106.9725827,sekolah
-6.2681288,107.0049732,sekolah
-6.1968841,107.0085493,sekolah
-6.3487915,106.9796783,sekolah
-6.3106591,106.9315798,sekolah
-6.270596,106.9637764,sekolah
-6.2375803,107.036024,sekolah
-6.3103777,106.9995908,sekolah
-6.3364074,106.9915019,sekolah
-6.224017,107.1064266,sekolah
-6.8802288,106.9547143,sekolah
-6.1376641,106.5335779,sekolah
-6.1382529,106.5338079,sekolah
-6.138766,106.5338343,sekolah
-7.1008091,107.9075394,sekolah
-7.0967493,107.909111,sekolah
-6.6978897,108.547903,sekolah
-6.2994978,106.9994174,sekolah
-6.3304236,107.3497203,sekolah
-6.3232433,107.3557776,sekolah
-6.3060698,107.3100903,sekolah
-6.9759361,107.667691,sekolah
-6.271299,107.0055551,sekolah
-6.2715453,107.0054684,sekolah
-6.2865266,106.993554,sekolah
-6.2921379,106.9945139,sekolah
-6.2878807,106.999751,sekolah
-6.2961571,107.0305032,sekolah
-6.2960306,106.9803471,sekolah
-6.2575808,107.0119473,sekolah
-7.4842584,108.7914978,sekolah
-6.3239726,107.332154,sekolah
-6.5470286,106.6986083,sekolah
-6.9215628,107.6725278,sekolah
-6.5457148,106.6986577,sekolah
-6.544553,106.6928669,sekolah
-6.5445591,106.6930857,sekolah
-6.5446731,106.6932698,sekolah
-6.5477624,106.6909207,sekolah
-6.1231525,106.5165307,sekolah
-6.1231626,106.5163869,sekolah
-7.0051186,108.4049768,sekolah
-7.0054962,108.404547,sekolah
-7.0058935,108.4056868,sekolah
-7.0025943,108.4085539,sekolah
-7.0031835,108.40479,sekolah
-6.3707243,106.6855845,sekolah
-6.1953108,107.121495,sekolah
-6.4895228,106.8820891,sekolah
-6.2843867,107.000001,sekolah
-6.28456,107.0003175,sekolah
-6.2788153,106.991662,sekolah
-7.2024955,107.8905805,sekolah
-6.9942938,107.7058344,sekolah
-6.3752447,106.8639379,sekolah
-6.2189798,106.9240758,sekolah
-6.3376902,106.7080438,sekolah
-6.2661244,106.7426303,sekolah
-6.2660604,106.7422521,sekolah
-7.4858501,108.7709685,sekolah
-7.4816372,108.7739223,sekolah
-7.4821099,108.7704872,sekolah
-7.4850059,108.7831173,sekolah
-7.487764,108.7971451,sekolah
-7.4882827,108.7976599,sekolah
-7.4871939,108.7830311,sekolah
-7.4877,108.7978021,sekolah
-6.6313211,106.9029004,sekolah
-6.2978134,106.9892464,sekolah
-6.576563,106.7440137,sekolah
-6.5767709,106.7440137,sekolah
-6.5653431,106.7454238,sekolah
-6.5807044,106.7619811,sekolah
-6.5806032,106.7616834,sekolah
-6.5660113,106.7651796,sekolah
-6.5388734,106.7419732,sekolah
-6.5383325,106.7419919,sekolah
-6.5393038,106.7367952,sekolah
-6.5395076,106.7369024,sekolah
-6.5392531,106.7368877,sekolah
-6.5391745,106.7369547,sekolah
-6.5395063,106.7367361,sekolah
-6.5376663,106.7373276,sekolah
-6.555869,106.7292139,sekolah
-6.8680665,108.6331087,sekolah
-6.5590293,106.6944551,sekolah
-6.5590746,106.6946107,sekolah
-6.5670725,106.6962603,sekolah
-6.5668633,106.6963904,sekolah
-6.5593783,106.7013001,sekolah
-6.861003,108.6169991,sekolah
-6.8614092,108.5869107,sekolah
-6.8582953,108.6077698,sekolah
-6.5582778,106.7786859,sekolah
-6.5583351,106.7785625,sekolah
-6.567251,106.7849234,sekolah
-6.5699742,106.7686906,sekolah
-6.5700235,106.7685284,sekolah
-7.3374136,108.2131938,sekolah
-6.595146,106.7857186,sekolah
-6.5950447,106.7854357,sekolah
-6.5948303,106.7853458,sekolah
-6.5876055,106.7840047,sekolah
-6.5875256,106.7839538,sekolah
-6.5874297,106.7839149,sekolah
-6.8610669,108.586728,sekolah
-6.5718507,106.7977866,sekolah
-6.2922364,106.989247,sekolah
-6.5698447,106.7487864,sekolah
-6.8622172,108.6387873,sekolah
-6.8613747,108.6336018,sekolah
-6.8515383,108.6254502,sekolah
-6.8664344,108.6288028,sekolah
-6.8831077,108.6161244,sekolah
-6.8663072,108.6276045,sekolah
-6.244134,106.5089504,sekolah
-6.2548414,106.5081034,sekolah
-6.4890257,106.5954362,sekolah
-6.59999,106.7753559,sekolah
-6.6035256,106.78584,sekolah
-6.2914173,106.7993621,sekolah
-7.1001062,107.4661387,sekolah
-6.2578052,106.7880161,sekolah
-6.5236049,107.6741439,sekolah
-6.5270755,107.6744898,sekolah
-6.5018789,107.6588869,sekolah
-6.5150787,107.6746164,sekolah
-6.1573088,106.7007994,sekolah
-6.3432454,106.7939985,sekolah
-7.0325699,107.7044733,sekolah
-7.0415518,107.712041,sekolah
-7.0412016,107.7120398,sekolah
-6.9725234,107.6245691,sekolah
-7.1791109,107.6782772,sekolah
-7.1878121,107.6737908,sekolah
-7.1874079,107.6723603,sekolah
-7.1874495,107.6727169,sekolah
-7.1877539,107.6736875,sekolah
-7.1967899,107.6713496,sekolah
-7.1943027,107.6743979,sekolah
-7.1941897,107.6745309,sekolah
-7.1943216,107.6747459,sekolah
-7.1931193,107.67611,sekolah
-7.1879767,107.6807375,sekolah
-7.2104338,107.6727233,sekolah
-7.0463916,107.709967,sekolah
-7.1932889,107.6762322,sekolah
-7.1630852,107.6904566,sekolah
-7.2113599,107.672992,sekolah
-7.1646712,107.6878698,sekolah
-7.2333238,107.6583802,sekolah
-6.327472,107.3456715,sekolah
-6.3271523,107.3455592,sekolah
-6.3277974,107.3454488,sekolah
-6.3234236,107.2755537,sekolah
-6.6565497,108.4268563,sekolah
-6.6485641,108.4120905,sekolah
-6.4312887,106.8268378,sekolah
-7.3091328,107.6839816,sekolah
-6.652591,108.4133308,sekolah
-6.6524201,108.4137062,sekolah
-6.6529416,108.4134524,sekolah
-7.4130048,107.6592437,sekolah
-7.10021,107.4655639,sekolah
-7.0688613,107.4880266,sekolah
-7.2724589,107.6756044,sekolah
-7.0999298,107.4655745,sekolah
-7.2863118,107.6773491,sekolah
-7.5056091,107.5791055,sekolah
-7.358003,107.6742294,sekolah
-7.3718504,107.6743006,sekolah
-7.0897283,107.4652001,sekolah
-7.1031472,107.4623987,sekolah
-7.4372694,107.6483556,sekolah
-7.0899602,107.5041421,sekolah
-7.0782624,107.4695701,sekolah
-7.1040226,107.4595885,sekolah
-7.1117509,107.4780506,sekolah
-7.0936857,107.4838454,sekolah
-7.0762408,107.5225555,sekolah
-7.0543904,107.534085,sekolah
-7.0268588,107.4719181,sekolah
-6.6438459,108.4056002,sekolah
-6.4702099,106.8619312,sekolah
-6.320748,107.3550666,sekolah
-6.3172507,106.9486966,sekolah
-6.1466837,106.7398435,sekolah
-6.8187412,107.6275518,sekolah
-6.9745418,106.910616,sekolah
-6.974832,106.9123022,sekolah
-6.976295,106.9065557,sekolah
-6.9729183,106.9143341,sekolah
-6.9766543,106.9094587,sekolah
-6.9734561,106.9147864,sekolah
-6.9654371,106.9105475,sekolah
-6.9740616,106.910778,sekolah
-6.9756985,106.9108531,sekolah
-6.9700358,106.9219767,sekolah
-6.9763028,106.9064838,sekolah
-6.9730656,106.9147914,sekolah
-6.9609814,106.9125903,sekolah
-6.9648409,106.9111042,sekolah
-6.9716826,106.918398,sekolah
-6.9624858,106.9145306,sekolah
-6.9710112,106.9177896,sekolah
-6.3018171,107.3427803,sekolah
-6.2277661,107.01083,sekolah
-6.231684,107.0116533,sekolah
-6.2366461,107.0078169,sekolah
-6.3871971,106.7710965,sekolah
-6.404673,106.8238828,sekolah
-6.3953947,106.8143599,sekolah
-6.39966,106.8105498,sekolah
-6.159993,106.8345797,sekolah
-6.1599287,106.8345949,sekolah
-6.1638035,106.5813424,sekolah
-6.2505286,106.6726239,sekolah
-6.5874393,106.6627217,sekolah
-6.9173249,107.6549714,sekolah
-6.3741443,106.8020877,sekolah
-6.3741388,106.8021182,sekolah
-6.3959991,106.7971145,sekolah
-6.2211863,107.036653,sekolah
-6.1819968,107.0066696,sekolah
-6.4016214,106.763676,sekolah
-6.4014375,106.7639898,sekolah
-6.4004712,106.7650413,sekolah
-6.2158666,106.8251453,sekolah
-6.2154729,106.8262738,sekolah
-6.7061662,106.7898242,sekolah
-6.6564633,106.6972333,sekolah
-7.3535367,108.3230878,sekolah
-6.8788604,108.5343997,sekolah
-6.2191827,107.0292243,sekolah
-6.2190128,107.029209,sekolah
-6.2194279,107.0272106,sekolah
-6.5916508,106.8303629,sekolah
-6.6376765,106.7491127,sekolah
-6.8493533,106.7640196,sekolah
-7.1992,107.8828934,sekolah
-6.9536674,107.599169,sekolah
-6.9471929,106.4471615,sekolah
-6.9494178,106.4482803,sekolah
-6.946724,106.4477714,sekolah
-6.9506313,106.4487045,sekolah
-6.9495968,106.4494793,sekolah
-6.9536207,106.4500378,sekolah
-6.9518545,106.4413674,sekolah
-6.9560902,106.4644868,sekolah
-6.9536928,106.4545706,sekolah
-6.9459728,106.4538833,sekolah
-6.9518132,106.4412216,sekolah
-6.9519194,106.4393585,sekolah
-6.9465672,106.4484089,sekolah
-6.950171,106.4439202,sekolah
-7.0278449,106.5693823,sekolah
-7.0340338,106.5686931,sekolah
-7.0299489,106.5688364,sekolah
-7.0246085,106.5643615,sekolah
-6.9495191,106.4540627,sekolah
-6.9487384,106.4514301,sekolah
-6.9551997,106.4325977,sekolah
-7.0336717,106.5787634,sekolah
-7.0337553,106.5785566,sekolah
-7.0343578,106.5787767,sekolah
-7.0341072,106.5791926,sekolah
-7.0375103,106.5823576,sekolah
-7.042614,106.593126,sekolah
-7.0380417,106.5972965,sekolah
-7.0374048,106.5823832,sekolah
-7.0421348,106.5929749,sekolah
-7.0403714,106.5852786,sekolah
-7.017365,106.562695,sekolah
-7.0188423,106.5588339,sekolah
-7.0138876,106.5665295,sekolah
-7.021908,106.5576096,sekolah
-7.0139589,106.5651142,sekolah
-7.0202003,106.558526,sekolah
-7.0230282,106.5601809,sekolah
-7.0181166,106.5663116,sekolah
-7.0147112,106.5713426,sekolah
-7.0140378,106.5673754,sekolah
-7.0176257,106.5659406,sekolah
-7.0172877,106.565972,sekolah
-6.948892,106.4452233,sekolah
-6.3153425,107.3592664,sekolah
-7.0269079,106.5672594,sekolah
-7.0267628,106.5683699,sekolah
-7.0269385,106.5692228,sekolah
-6.7312078,108.5425173,sekolah
-6.5126949,106.804263,sekolah
-6.3075833,106.5700739,sekolah
-6.9196376,106.9482697,sekolah
-7.2890313,108.2360364,sekolah
-6.9081671,107.0878386,sekolah
-6.9683089,107.770332,sekolah
-7.0198238,107.8868783,sekolah
-7.0033072,107.6232286,sekolah
-6.736992,108.5304151,sekolah
-6.8591352,107.5313527,sekolah
-6.859381,107.5310256,sekolah
-6.8592051,107.5307599,sekolah
-6.7340221,108.5374222,sekolah
-6.7214528,108.548277,sekolah
-6.7425768,108.5426755,sekolah
-6.7419285,108.5256073,sekolah
-6.7253409,108.5541728,sekolah
-6.7256492,108.5539053,sekolah
-6.7247219,108.5540903,sekolah
-7.0029375,107.6231875,sekolah
-6.3882285,107.404108,sekolah
-6.3904559,107.4063642,sekolah
-6.9493675,106.4591745,sekolah
-6.9395015,106.4599818,sekolah
-6.3378356,107.1407664,sekolah
-6.7018127,108.5510071,sekolah
-6.7305439,108.5457594,sekolah
-6.730374,108.5457165,sekolah
-6.5617382,106.8224989,sekolah
-6.8704523,108.6426229,sekolah
-6.8634464,107.7296599,sekolah
-6.8234553,108.4924574,sekolah
-6.7177288,108.3542217,sekolah
-6.9605939,107.7020001,sekolah
-6.9605739,107.7021651,sekolah
-6.2563717,106.6169507,sekolah
-6.9211568,106.9319723,sekolah
-6.8142585,107.1389991,sekolah
-6.8220434,107.1428437,sekolah
-6.9689278,107.7580956,sekolah
-7.3513342,108.572444,sekolah
-7.3512272,108.572446,sekolah
-6.1869606,106.9863835,sekolah
-6.994125,108.2263099,sekolah
-6.7320957,108.5738299,sekolah
-6.3008786,107.3294374,sekolah
-6.8540731,108.498069,sekolah
-6.8554035,108.501267,sekolah
-6.8547518,108.4984019,sekolah
-6.8508662,108.5031507,sekolah
-6.853367,108.4982412,sekolah
-6.8553351,108.5012713,sekolah
-6.8553366,108.5012391,sekolah
-6.4576166,106.7700584,sekolah
-6.7918456,108.5443868,sekolah
-6.742057,108.5583604,sekolah
-6.7029389,108.5603245,sekolah
-6.7077958,108.5650378,sekolah
-6.7316749,108.564957,sekolah
-6.7304466,108.5632876,sekolah
-6.7282397,108.5646421,sekolah
-6.8926687,107.5817903,sekolah
-7.3530659,108.2906161,sekolah
-6.6096,106.7411,sekolah
-6.611953,106.748689,sekolah
-6.6877,106.9094,sekolah
-6.6947,106.9145,sekolah
-6.6949,106.9144,sekolah
-6.7044,106.92,sekolah
-6.586,107.0611,sekolah
-6.566368,107.069545,sekolah
-6.611,107.0675,sekolah
-6.6136,107.0543,sekolah
-6.6061,107.0621,sekolah
-6.577,107.0614,sekolah
-6.5656,107.0664,sekolah
-6.6259,106.7302,sekolah
-6.6119,106.7345,sekolah
-6.611323,106.7385303,sekolah
-6.4815,107.1021,sekolah
-6.5269,107.0763,sekolah
-6.5630957,107.0564006,sekolah
-6.522955,107.0758463,sekolah
-6.5538,107.0556,sekolah
-6.5263,107.0741,sekolah
-6.5626,107.0482,sekolah
-6.4226199,107.022972,sekolah
-6.4320784,107.0143842,sekolah
-6.4394,107.0269,sekolah
-6.4401,107.0268,sekolah
-6.4311,107.0275,sekolah
-6.4263,107.0184,sekolah
-6.431273,107.029382,sekolah
-6.7455,106.8207,sekolah
-6.7423,106.8213,sekolah
-6.7428,106.8216,sekolah
-6.7465,106.821,sekolah
-6.6219,106.6595,sekolah
-6.617419,106.657682,sekolah
-6.6234,106.6594,sekolah
-6.617938,106.654573,sekolah
-6.6142,106.6564,sekolah
-6.6143,106.6563,sekolah
-6.6112,106.7098,sekolah
-6.6207,106.706,sekolah
-6.6177,106.7088,sekolah
-6.6261,106.7145,sekolah
-6.6129,106.7096,sekolah
-6.6289,106.704,sekolah
-6.6164,107.1487,sekolah
-6.6159,107.1557,sekolah
-6.619,107.1559,sekolah
-6.6052,106.654,sekolah
-6.6052,106.6606,sekolah
-6.6362067,106.8133117,sekolah
-6.6385167,106.814065,sekolah
-6.637395,106.8167683,sekolah
-6.6299,106.8123,sekolah
-6.6310317,106.8126967,sekolah
-6.561,106.7194,sekolah
-6.5576,106.7097,sekolah
-6.5584,106.7153,sekolah
-6.5587,106.7125,sekolah
-6.5543,106.7138,sekolah
-6.5711,106.7775,sekolah
-6.5748,106.779,sekolah
-6.567,106.773,sekolah
-6.575,106.7785,sekolah
-6.5761,106.6717,sekolah
-6.5757,106.6713,sekolah
-6.576,106.6603,sekolah
-6.5853,106.6626,sekolah
-6.5815,106.6612,sekolah
-6.5611,106.8265,sekolah
-6.5645,106.8277,sekolah
-6.6884,106.812,sekolah
-6.683,106.8099,sekolah
-6.6899,106.8035,sekolah
-6.6709,106.817,sekolah
-6.6705,106.8178,sekolah
-6.6195883,106.79457,sekolah
-6.62048,106.7876983,sekolah
-6.620035,106.794476,sekolah
-6.6385,106.8501,sekolah
-6.6311,106.8402,sekolah
-6.5708,106.7658,sekolah
-6.5668,106.7623,sekolah
-6.5699,106.7686,sekolah
-6.5698,106.7715,sekolah
-6.5728,106.7722,sekolah
-6.5693,106.7662,sekolah
-6.5664228,106.768788,sekolah
-6.577,106.7701,sekolah
-6.5741,106.7701,sekolah
-6.5671,106.7627,sekolah
-6.5686,106.7641,sekolah
-6.5763,106.773,sekolah
-6.5663,106.7688,sekolah
-6.5344,106.8002,sekolah
-6.5207,106.8018,sekolah
-6.521,106.8019,sekolah
-6.582,106.794,sekolah
-6.5821,106.7942,sekolah
-6.5819,106.7938,sekolah
-6.6835,106.9522,sekolah
-6.6501,106.8509,sekolah
-6.6554,106.8499,sekolah
-6.6625,106.8468,sekolah
-6.6558,106.8501,sekolah
-6.6538,106.8486,sekolah
-6.6539,106.849,sekolah
-6.6691,106.8476,sekolah
-6.6557,106.8496,sekolah
-6.6057,106.6754,sekolah
-6.5935,106.6768,sekolah
-6.5949,106.6751,sekolah
-6.6064,106.6753,sekolah
-6.49287,106.767679,sekolah
-6.4901,106.757,sekolah
-6.492,106.7644,sekolah
-6.4825,106.7452,sekolah
-6.493,106.768,sekolah
-6.5014,106.7678,sekolah
-6.4965,106.761,sekolah
-6.6811,106.6552,sekolah
-6.6722,106.6473,sekolah
-6.686888,106.664773,sekolah
-6.6972,106.6695,sekolah
-6.70799,106.678047,sekolah
-6.6719,106.647,sekolah
-6.6903,106.6593,sekolah
-6.672,106.6469,sekolah
-6.6952,106.9518,sekolah
-6.6964,106.953,sekolah
-6.696,106.9528,sekolah
-6.695,106.9692,sekolah
-6.7036,106.9734,sekolah
-6.7072,106.9649,sekolah
-6.6974,106.97,sekolah
-6.698624,106.97047,sekolah
-6.5951,106.745,sekolah
-6.6006,106.7549,sekolah
-6.541,106.6759,sekolah
-6.5407,106.6759,sekolah
-6.5483,106.6756,sekolah
-6.5465,106.6732,sekolah
-6.5466,106.6731,sekolah
-6.529025,106.689806,sekolah
-6.52755,106.690283,sekolah
-6.5412,106.6796,sekolah
-6.4452369,106.9039007,sekolah
-6.4422,106.9117,sekolah
-6.4503,106.91,sekolah
-6.4504,106.9085,sekolah
-6.4445,106.9118,sekolah
-6.4505,106.9083,sekolah
-6.4481,106.9058,sekolah
-6.4444,106.9118,sekolah
-6.4496,106.9146,sekolah
-6.4508,106.8998,sekolah
-6.4361,106.9124,sekolah
-6.4515,106.9084,sekolah
-6.4516,106.9084,sekolah
-6.4507,106.9193,sekolah
-6.4361,106.9126,sekolah
-6.3594472,106.9570362,sekolah
-6.365995,106.955408,sekolah
-6.3442,106.9633,sekolah
-6.3444,106.961,sekolah
-6.3645,106.9499,sekolah
-6.3594,106.957,sekolah
-6.3466,106.9611,sekolah
-6.3659,106.9554,sekolah
-6.3595252,106.9570837,sekolah
-6.3678,106.9567,sekolah
-6.377122,106.957884,sekolah
-6.3696,106.9457,sekolah
-6.3712,106.9479,sekolah
-6.3632,106.9504,sekolah
-6.358648,106.960766,sekolah
-6.3462,106.9613,sekolah
-6.3458,106.9616,sekolah
-6.349,106.9627,sekolah
-6.3712,106.9481,sekolah
-6.33864,106.966528,sekolah
-6.339161,106.9643864,sekolah
-6.3461,106.9616,sekolah
-6.5683,106.7305,sekolah
-6.5762,106.7405,sekolah
-6.575,106.7348,sekolah
-6.5696,106.74,sekolah
-6.5694,106.7406,sekolah
-6.5776,106.7366,sekolah
-6.4373,106.9546,sekolah
-6.4228,106.9831,sekolah
-6.4298,106.9737,sekolah
-6.4323,106.9562,sekolah
-6.4307,106.9631,sekolah
-6.431797,106.972479,sekolah
-6.4395,106.9622,sekolah
-6.4407,106.9621,sekolah
-6.4381,106.9682,sekolah
-6.428,106.9607,sekolah
-6.4299423,106.969378,sekolah
-6.4397,106.9624,sekolah
-6.4176,106.9695,sekolah
-6.4282,106.9554,sekolah
-6.420446,106.964882,sekolah
-6.4219,106.5977,sekolah
-6.4006,106.5881,sekolah
-6.3974,106.5867,sekolah
-6.4028,106.5919,sekolah
-6.4178,106.5899,sekolah
-6.4224,106.5975,sekolah
-6.4078,106.5884,sekolah
-6.4001,106.5885,sekolah
-6.632,106.5379,sekolah
-6.6466,106.5211,sekolah
-6.6322,106.5331,sekolah
-6.6323,106.5355,sekolah
-6.6182,106.5378,sekolah
-6.5405,106.8535,sekolah
-6.5535,106.8622,sekolah
-6.543232,106.853555,sekolah
-6.5471,106.8527,sekolah
-6.5366,106.8451,sekolah
-6.5439,106.858,sekolah
-6.5434,106.8453,sekolah
-6.5577,106.8554,sekolah
-6.5327,106.8481,sekolah
-6.5539,106.8529,sekolah
-6.5422,106.8534,sekolah
-6.5537,106.8575,sekolah
-6.543242,106.853543,sekolah
-6.3456,106.5731,sekolah
-6.3569,106.5827,sekolah
-6.3458,106.5733,sekolah
-6.3495,106.5861,sekolah
-6.3454,106.5728,sekolah
-6.3458,106.5737,sekolah
-6.3514,106.5767,sekolah
-6.3582,106.5816,sekolah
-6.3459,106.5737,sekolah
-6.346,106.5739,sekolah
-6.3586,106.5831,sekolah
-6.468,107.0657,sekolah
-6.4799,107.0724,sekolah
-6.4682,107.0677,sekolah
-6.4703,107.0732,sekolah
-6.4658,107.0682,sekolah
-6.463,107.0782,sekolah
-6.4738,107.0601,sekolah
-6.465,107.0659,sekolah
-6.4651,107.0683,sekolah
-6.4705,107.074,sekolah
-6.4693,107.0608,sekolah
-6.5179,106.4657,sekolah
-6.504892,106.44688,sekolah
-6.5324,106.442,sekolah
-6.5324,106.4419,sekolah
-6.4278,106.906,sekolah
-6.4233,106.9073,sekolah
-6.4367,106.9054,sekolah
-6.4254114,106.9153641,sekolah
-6.4412,106.8941,sekolah
-6.425364,106.915108,sekolah
-6.4276,106.9056,sekolah
-6.4419,106.8943,sekolah
-6.4347,106.901,sekolah
-6.4265,106.8956,sekolah
-6.427,106.914,sekolah
-6.4338,106.9069,sekolah
-6.4184,106.9081,sekolah
-6.4266187,106.8954904,sekolah
-6.6058,106.8952,sekolah
-6.6051,106.9065,sekolah
-6.6313,106.9029,sekolah
-6.6053,106.8931,sekolah
-6.5997,106.8911,sekolah
-6.7392,106.7989,sekolah
-6.7335,106.7904,sekolah
-6.7336,106.797,sekolah
-6.5626,106.7655,sekolah
-6.5538,106.7611,sekolah
-6.5538,106.761,sekolah
-6.5537,106.7637,sekolah
-6.5626,106.7654,sekolah
-6.5641399,106.7637989,sekolah
-6.5515,106.762,sekolah
-6.5658,106.7652,sekolah
-6.5625,106.7639,sekolah
-6.4671898,106.8584976,sekolah
-6.46727,106.8584283,sekolah
-6.4663,106.8597,sekolah
-6.4613,106.8601,sekolah
-6.4654033,106.8635067,sekolah
-6.4683,106.8655,sekolah
-6.470055,106.861535,sekolah
-6.4668983,106.8655967,sekolah
-6.4671567,106.8649167,sekolah
-6.4595,106.8575,sekolah
-6.4595,106.8569,sekolah
-6.46525,106.863355,sekolah
-6.4665,106.8567,sekolah
-6.4698,106.87,sekolah
-6.4696,106.87,sekolah
-6.5936,106.5411,sekolah
-6.509,106.4737,sekolah
-6.5225,106.4734,sekolah
-6.5121,106.4789,sekolah
-6.619465,106.773927,sekolah
-6.6199,106.7739,sekolah
-6.6176,106.7742,sekolah
-6.6184242,106.7728807,sekolah
-6.4071,106.4582,sekolah
-6.4144,106.4581,sekolah
-6.407,106.4579,sekolah
-6.3954,106.4454,sekolah
-6.4013,106.4482,sekolah
-6.6019,106.5425,sekolah
-6.5945,106.5453,sekolah
-6.6069,106.548,sekolah
-6.599,106.5483,sekolah
-6.6527,106.8668,sekolah
-6.6499,106.8546,sekolah
-6.6509,106.8525,sekolah
-6.648998,106.8593868,sekolah
-6.6507,106.8529,sekolah
-6.6498,106.8534,sekolah
-6.7171,106.8672,sekolah
-6.706447,106.851757,sekolah
-6.7227,106.8727,sekolah
-6.7087053,106.8583223,sekolah
-6.72,106.8663,sekolah
-6.7051,106.8556,sekolah
-6.7175,106.8525,sekolah
-6.4345,106.7325,sekolah
-6.4307,106.7255,sekolah
-6.446,106.7281,sekolah
-6.4348,106.7325,sekolah
-6.4307,106.7254,sekolah
-6.4336,106.7331,sekolah
-6.4354,106.7252,sekolah
-6.4403,106.7338,sekolah
-6.4405,106.7335,sekolah
-6.4401,106.7338,sekolah
-6.44168,106.727107,sekolah
-6.6445,106.6519,sekolah
-6.6404,106.6519,sekolah
-6.6478,106.648,sekolah
-6.6437,106.6496,sekolah
-6.6318,106.6476,sekolah
-6.6565,106.6507,sekolah
-6.641,106.6528,sekolah
-6.4838,106.4715,sekolah
-6.4826,106.4684,sekolah
-6.4848,106.4694,sekolah
-6.4833,106.4639,sekolah
-6.4836,106.4711,sekolah
-6.4827,106.4683,sekolah
-6.649745,106.797441,sekolah
-6.6681,106.8014,sekolah
-6.6506,106.8045,sekolah
-6.6543,106.8026,sekolah
-6.6554,106.7997,sekolah
-6.6739,106.7969,sekolah
-6.6502,106.8044,sekolah
-6.6101,106.7604,sekolah
-6.6105,106.7648,sekolah
-6.603,106.7581,sekolah
-6.6010874,106.7594213,sekolah
-6.609441,106.76439,sekolah
-6.601,106.7596,sekolah
-6.6131,106.7615,sekolah
-6.6013,106.7596,sekolah
-6.6141,106.7584,sekolah
-6.6102,106.7648,sekolah
-6.6026,106.7582,sekolah
-6.4910063,106.8331893,sekolah
-6.4820039,106.8419436,sekolah
-6.4751983,106.8362967,sekolah
-6.4969,106.8397,sekolah
-6.4898,106.8382,sekolah
-6.4991,106.8284,sekolah
-6.4970833,106.8398417,sekolah
-6.492635,106.828381,sekolah
-6.4926667,106.8283764,sekolah
-6.4832567,106.843435,sekolah
-6.4935,106.4667,sekolah
-6.59,106.5011,sekolah
-6.5942,106.4867,sekolah
-6.5999,106.4947,sekolah
-6.5902,106.5007,sekolah
-6.6641,106.9302,sekolah
-6.6598,106.9345,sekolah
-6.663,106.9305,sekolah
-6.6628,106.93,sekolah
-6.6615,106.935,sekolah
-6.4249,107.0479,sekolah
-6.4104,107.0428,sekolah
-6.4069007,107.0540257,sekolah
-6.4002517,107.0547961,sekolah
-6.4002,107.0547,sekolah
-6.4074,107.0544,sekolah
-6.4097,107.054,sekolah
-6.4753,106.4552,sekolah
-6.4758,106.455,sekolah
-6.4809,106.4644,sekolah
-6.404,106.6517,sekolah
-6.4015,106.6522,sekolah
-6.3873,106.6536,sekolah
-6.4636,106.7307,sekolah
-6.4751,106.7313,sekolah
-6.4731,106.7197,sekolah
-6.4793,106.7267,sekolah
-6.48,106.7252,sekolah
-6.4734,106.7267,sekolah
-6.4637,106.7294,sekolah
-6.4763,106.729,sekolah
-6.4731,106.729,sekolah
-6.4735,106.7295,sekolah
-6.4769,106.728,sekolah
-6.4761,106.729,sekolah
-6.3349,106.5298,sekolah
-6.3294,106.5257,sekolah
-6.3337,106.5357,sekolah
-6.6907,106.8786,sekolah
-6.6912,106.8805,sekolah
-6.6901,106.8796,sekolah
-6.6903,106.8795,sekolah
-6.4587,106.73,sekolah
-6.452,106.7296,sekolah
-6.4504,106.7233,sekolah
-6.4571,106.7339,sekolah
-6.4502,106.7233,sekolah
-6.4587,106.7305,sekolah
-6.388193,106.517193,sekolah
-6.3842,106.5312,sekolah
-6.3969,106.5382,sekolah
-6.3844,106.535,sekolah
-6.3836,106.5396,sekolah
-6.3961805,106.5443965,sekolah
-6.3968,106.5452,sekolah
-6.3840637,106.5309649,sekolah
-6.3883,106.5403,sekolah
-6.6098,106.5062,sekolah
-6.615,106.5109,sekolah
-6.6009,106.5133,sekolah
-6.6052,106.5153,sekolah
-6.6057,106.5176,sekolah
-6.4576,106.7217,sekolah
-6.4597,106.7226,sekolah
-6.574,106.5637,sekolah
-6.5851,106.5613,sekolah
-6.586866,106.560699,sekolah
-6.3844,106.6682,sekolah
-6.3832,106.6803,sekolah
-6.3817,106.6802,sekolah
-6.3884,106.6736,sekolah
-6.3856,106.6745,sekolah
-6.3833,106.6848,sekolah
-6.3833,106.6595,sekolah
-6.3865,106.6666,sekolah
-6.3826085,106.6701833,sekolah
-6.5523,106.8809,sekolah
-6.5289,106.8849,sekolah
-6.5488,106.9159,sekolah
-6.5341,106.8948,sekolah
-6.5398,106.904,sekolah
-6.5218,106.9,sekolah
-6.5498,106.8918,sekolah
-6.5434,106.8928,sekolah
-6.5373,106.8858,sekolah
-6.4978,106.8986,sekolah
-6.5025,106.904,sekolah
-6.4967,106.9026,sekolah
-6.4884,106.9008,sekolah
-6.4872,106.8993,sekolah
-6.5031,106.9041,sekolah
-6.4889,106.8969,sekolah
-6.5018,106.9016,sekolah
-6.499,106.9055,sekolah
-6.4939411,106.9006635,sekolah
-6.4892,106.8967,sekolah
-6.6715,106.6629,sekolah
-6.6996,106.6841,sekolah
-6.6708,106.6635,sekolah
-6.7055,106.6882,sekolah
-6.6778,106.6621,sekolah
-6.6809,106.6721,sekolah
-6.6556,106.6617,sekolah
-6.71162,106.69654,sekolah
-6.6711,106.6633,sekolah
-6.6685,106.6632,sekolah
-6.711,106.6923,sekolah
-6.620594,106.671598,sekolah
-6.6253,106.6722,sekolah
-6.6396,106.6687,sekolah
-6.6182,106.6705,sekolah
-6.6315,106.6622,sekolah
-6.617891,106.667572,sekolah
-6.4578,106.4419,sekolah
-6.4601,106.4436,sekolah
-6.4589,106.4393,sekolah
-6.4764,106.4426,sekolah
-6.4664,106.449,sekolah
-6.4591,106.4392,sekolah
-6.6487,106.4919,sekolah
-6.6548,106.4959,sekolah
-6.6544,106.503,sekolah
-6.6579315,106.5051447,sekolah
-6.4522,106.9609,sekolah
-6.443,106.9456,sekolah
-6.4412,106.9518,sekolah
-6.4429,106.9458,sekolah
-6.4501,106.9646,sekolah
-6.4429,106.9455,sekolah
-6.4537,106.9563,sekolah
-6.4712,106.9656,sekolah
-6.613,106.4977,sekolah
-6.622,106.4979,sekolah
-6.4032,106.6045,sekolah
-6.396,106.5954,sekolah
-6.39,106.6136,sekolah
-6.391994,106.601572,sekolah
-6.5049,106.7503,sekolah
-6.4998,106.7565,sekolah
-6.512132,106.755345,sekolah
-6.5154,106.7572,sekolah
-6.5065,106.7544,sekolah
-6.502541,106.744281,sekolah
-6.4998,106.7567,sekolah
-6.5004,106.7481,sekolah
-6.4963,106.7573,sekolah
-6.5050919,106.7504247,sekolah
-6.4438,106.944,sekolah
-6.4487,106.934,sekolah
-6.4489,106.9338,sekolah
-6.4458,106.9443,sekolah
-6.4494,106.9355,sekolah
-6.4542,106.9323,sekolah
-6.4387,106.9407,sekolah
-6.4487,106.9339,sekolah
-6.4544,106.9326,sekolah
-6.4901,106.7947,sekolah
-6.499614,106.791681,sekolah
-6.4984,106.7969,sekolah
-6.4976,106.7985,sekolah
-6.4969,106.787,sekolah
-6.4956085,106.7902247,sekolah
-6.4973,106.7872,sekolah
-6.4993,106.7994,sekolah
-6.4957,106.79,sekolah
-6.5002,106.7926,sekolah
-6.4961616,106.7905909,sekolah
-6.4963,106.798,sekolah
-6.5003,106.7871,sekolah
-6.4899,106.7943,sekolah
-6.5436,107.1003,sekolah
-6.5586,107.0971,sekolah
-6.5374,107.1161,sekolah
-6.6441,106.6278,sekolah
-6.6278,106.6181,sekolah
-6.6396,106.6242,sekolah
-6.6342,106.6385,sekolah
-6.6332,106.6401,sekolah
-6.6368,106.634,sekolah
-6.6322,106.6226,sekolah
-6.5512847,106.6414966,sekolah
-6.5449,106.6379,sekolah
-6.5445,106.6443,sekolah
-6.5483,106.6406,sekolah
-6.5463,106.6229,sekolah
-6.5536,106.6362,sekolah
-6.5401,106.645,sekolah
-6.5509,106.6401,sekolah
-6.5548,106.6296,sekolah
-6.474551,106.675248,sekolah
-6.5011,106.6818,sekolah
-6.506,106.6829,sekolah
-6.4752,106.6747,sekolah
-6.5056,106.6827,sekolah
-6.4867,106.6783,sekolah
-6.4713,106.6778,sekolah
-6.4795,106.6745,sekolah
-6.48669,106.678354,sekolah
-6.4931,106.6811,sekolah
-6.4709,106.6778,sekolah
-6.4881,106.678,sekolah
-6.4892,106.6791,sekolah
-6.6074486,106.931853,sekolah
-6.5997,106.9242,sekolah
-6.5757,106.9122,sekolah
-6.5767,106.8928,sekolah
-6.605782,106.922945,sekolah
-6.5886,106.9283,sekolah
-6.5815,106.8952,sekolah
-6.5735,106.9029,sekolah
-6.594,106.9379,sekolah
-6.5876,106.9168,sekolah
-6.59864,106.921196,sekolah
-6.5913,106.9206,sekolah
-6.5828,106.9132,sekolah
-6.5765,106.9161,sekolah
-6.6008,106.9295,sekolah
-6.46212,106.8401567,sekolah
-6.4650569,106.8367615,sekolah
-6.46359,106.82831,sekolah
-6.4725019,106.8419905,sekolah
-6.4637,106.8327,sekolah
-6.4628,106.8328,sekolah
-6.4645775,106.8301626,sekolah
-6.455255,106.839447,sekolah
-6.4662633,106.836815,sekolah
-6.4610867,106.82614,sekolah
-6.4669567,106.8402683,sekolah
-6.46688,106.8401933,sekolah
-6.4541,106.8407,sekolah
-6.4975,106.8765,sekolah
-6.4962,106.8787,sekolah
-6.4943,106.8786,sekolah
-6.4488,106.8874,sekolah
-6.4677,106.8798,sekolah
-6.4478,106.8938,sekolah
-6.4514,106.8923,sekolah
-6.4551,106.8965,sekolah
-6.448707,106.889622,sekolah
-6.467635,106.879755,sekolah
-6.4645,106.8809,sekolah
-6.4647,106.8808,sekolah
-6.4651,106.8781,sekolah
-6.4488,106.8896,sekolah
-6.5227583,106.817425,sekolah
-6.5095783,106.80534,sekolah
-6.5170833,106.810715,sekolah
-6.5201867,106.8104183,sekolah
-6.5247858,106.8073584,sekolah
-6.52258,106.8057133,sekolah
-6.525323,106.819318,sekolah
-6.508118,106.804753,sekolah
-6.5252,106.8083,sekolah
-6.5084383,106.80537,sekolah
-6.523495,106.8066417,sekolah
-6.5067,106.7995,sekolah
-6.5228617,106.807865,sekolah
-6.5218633,106.81699,sekolah
-6.5288,106.8117,sekolah
-6.5212867,106.8062017,sekolah
-6.5107267,106.80529,sekolah
-6.5131733,106.812535,sekolah
-6.5211783,106.80587,sekolah
-6.5215,106.8077,sekolah
-6.5175017,106.8084183,sekolah
-6.51691,106.81017,sekolah
-6.5229317,106.8154483,sekolah
-6.51627,106.8172283,sekolah
-6.5212933,106.8045867,sekolah
-6.5213317,106.816,sekolah
-6.5158,106.817,sekolah
-6.50985,106.8059183,sekolah
-6.5245178,106.8085452,sekolah
-6.5167833,106.8101167,sekolah
-6.51283,106.804165,sekolah
-6.519743,106.810471,sekolah
-6.5081333,106.80142,sekolah
-6.509,106.8055,sekolah
-6.5175,106.809175,sekolah
-6.522,106.8077,sekolah
-6.5171,106.8107,sekolah
-6.4898,106.8723,sekolah
-6.4883,106.8725,sekolah
-6.4852,106.8716,sekolah
-6.4855,106.8667,sekolah
-6.4983,106.8691,sekolah
-6.4916,106.8787,sekolah
-6.4857,106.8676,sekolah
-6.4897,106.8722,sekolah
-6.4883,106.8721,sekolah
-6.4921,106.8787,sekolah
-6.4915,106.8647,sekolah
-6.4854,106.8667,sekolah
-6.4985,106.8695,sekolah
-6.4912,106.8777,sekolah
-6.4911678,106.8793384,sekolah
-6.4855,106.8684,sekolah
-6.4857,106.8677,sekolah
-6.4577,106.6496,sekolah
-6.4649,106.6282,sekolah
-6.462,106.6424,sekolah
-6.461,106.6487,sekolah
-6.6165,106.6291,sekolah
-6.6189,106.6412,sekolah
-6.6191,106.641,sekolah
-6.625827,106.622975,sekolah
-6.6169,106.6375,sekolah
-6.6231,106.6239,sekolah
-6.6088,106.6382,sekolah
-6.6224,106.612,sekolah
-6.6211,106.6273,sekolah
-6.6269,106.641,sekolah
-6.6273,106.641,sekolah
-6.5063,106.7877,sekolah
-6.5108,106.7899,sekolah
-6.5067,106.7867,sekolah
-6.5068,106.7871,sekolah
-6.5057,106.7869,sekolah
-6.5795,106.5515,sekolah
-6.5635,106.5719,sekolah
-6.588469,106.545426,sekolah
-6.569,106.5731,sekolah
-6.5818,106.5488,sekolah
-6.562,106.5715,sekolah
-6.5953,106.5576,sekolah
-6.6233,107.0122,sekolah
-6.602,107.0249,sekolah
-6.5142,106.4957,sekolah
-6.501,106.4879,sekolah
-6.5055,106.4966,sekolah
-6.5014,106.4883,sekolah
-6.5021,106.4904,sekolah
-6.5007,106.4935,sekolah
-6.5086,106.4948,sekolah
-6.5101,106.4979,sekolah
-6.5033,106.5016,sekolah
-6.539,106.5349,sekolah
-6.5387,106.5349,sekolah
-6.5392,106.535,sekolah
-6.5542,106.5538,sekolah
-6.5632,106.5618,sekolah
-6.5641,106.5642,sekolah
-6.559016,106.556221,sekolah
-6.5631,106.5618,sekolah
-6.5467,106.566,sekolah
-6.5814,106.5829,sekolah
-6.5881,106.5753,sekolah
-6.5957,106.5744,sekolah
-6.6024,106.5779,sekolah
-6.5609,106.57,sekolah
-6.5609,106.5692,sekolah
-6.4591,106.7424,sekolah
-6.4736,106.737,sekolah
-6.4716,106.7459,sekolah
-6.4603,106.7402,sekolah
-6.4591,106.7425,sekolah
-6.4705,106.7363,sekolah
-6.4744,106.7476,sekolah
-6.452,106.7364,sekolah
-6.4737,106.7372,sekolah
-6.4574,106.7464,sekolah
-6.4532581,106.7389796,sekolah
-6.4579,106.7469,sekolah
-6.4607,106.7471,sekolah
-6.468,106.7339,sekolah
-6.4343,106.9485,sekolah
-6.4175,106.9401,sekolah
-6.3998,106.9477,sekolah
-6.4114,106.9506,sekolah
-6.4058749,106.9396865,sekolah
-6.4205,106.9424,sekolah
-6.4258,106.9376,sekolah
-6.4079,106.9395,sekolah
-6.4069,106.9399,sekolah
-6.4151,106.9378,sekolah
-6.421,106.9428,sekolah
-6.4042,106.9511,sekolah
-6.4188,106.9317,sekolah
-6.4199,106.9427,sekolah
-6.4003,106.9481,sekolah
-6.4197,106.9496,sekolah
-6.4199,106.9426,sekolah
-6.4239,106.9401,sekolah
-6.4212,106.9427,sekolah
-6.6147,107.1318,sekolah
-6.633407,107.110107,sekolah
-6.6044,107.1242,sekolah
-6.6134,107.1333,sekolah
-6.6231,106.4964,sekolah
-6.6212,106.5047,sekolah
-6.6251,106.4957,sekolah
-6.4049,106.6768,sekolah
-6.387,106.6745,sekolah
-6.4043,106.6765,sekolah
-6.4093,106.6937,sekolah
-6.410325,106.667335,sekolah
-6.4068,106.6919,sekolah
-6.4106,106.6955,sekolah
-6.3942,106.6737,sekolah
-6.4087442,106.6917534,sekolah
-6.5785,106.9591,sekolah
-6.5853,106.9686,sekolah
-6.5677,106.9551,sekolah
-6.7446,106.7801,sekolah
-6.745,106.782,sekolah
-6.7453,106.7811,sekolah
-6.7482,106.7844,sekolah
-6.7527,106.7808,sekolah
-6.7353,106.782,sekolah
-6.7468,106.7739,sekolah
-6.744784,106.797179,sekolah
-6.7422,106.783,sekolah
-6.56104,106.690161,sekolah
-6.5588,106.6892,sekolah
-6.5603,106.6888,sekolah
-6.5561,106.6899,sekolah
-6.560857,106.686174,sekolah
-6.5612,106.6886,sekolah
-6.6851,106.6488,sekolah
-6.6846,106.6482,sekolah
-6.681,106.6459,sekolah
-6.6833,106.6479,sekolah
-6.6812,106.6461,sekolah
-6.712396,106.679833,sekolah
-6.6816,106.9589,sekolah
-6.6782,106.9858,sekolah
-6.6831,106.9523,sekolah
-6.529,106.7908,sekolah
-6.5211,106.7842,sekolah
-6.5324,106.7934,sekolah
-6.5232,106.7837,sekolah
-6.5288037,106.7900292,sekolah
-6.529,106.7909,sekolah
-6.528539,106.78339,sekolah
-6.5301,106.7845,sekolah
-6.5322,106.7936,sekolah
-6.55,106.8028,sekolah
-6.55,106.8069,sekolah
-6.5524,106.8155,sekolah
-6.5444,106.8038,sekolah
-6.5522,106.8115,sekolah
-6.5465,106.81,sekolah
-6.5516,106.8115,sekolah
-6.5578,106.8132,sekolah
-6.5154,106.5338,sekolah
-6.4869,106.5116,sekolah
-6.5155,106.5339,sekolah
-6.5017,106.5146,sekolah
-6.487,106.5116,sekolah
-6.4882,106.5156,sekolah
-6.488,106.5157,sekolah
-6.4883,106.5159,sekolah
-6.5610232,106.7879134,sekolah
-6.5637,106.7871,sekolah
-6.562761,106.787242,sekolah
-6.5609,106.7859,sekolah
-6.5639,106.7871,sekolah
-6.5645791,106.7895595,sekolah
-6.5605,106.7829,sekolah
-6.5609,106.7879,sekolah
-6.5708,106.7939,sekolah
-6.5679,106.8002,sekolah
-6.5792,106.7927,sekolah
-6.5682,106.7997,sekolah
-6.5654,106.8018,sekolah
-6.5676,106.8003,sekolah
-6.569,106.7951,sekolah
-6.5661,106.7987,sekolah
-6.5587,106.7921,sekolah
-6.5592,106.7939,sekolah
-6.5622,106.8006,sekolah
-6.5577,106.7923,sekolah
-6.5597,106.7941,sekolah
-6.5671,106.8063,sekolah
-6.5643,106.8048,sekolah
-6.5589,106.8079,sekolah
-6.5625,106.792,sekolah
-6.5633,106.796,sekolah
-6.5707,106.791,sekolah
-6.567,106.8066,sekolah
-6.5708,106.7908,sekolah
-6.5671,106.8056,sekolah
-6.5336,106.7665,sekolah
-6.5168,106.7694,sekolah
-6.5225,106.7679,sekolah
-6.5336,106.7664,sekolah
-6.5283,106.7719,sekolah
-6.5306,106.7661,sekolah
-6.5328,106.773,sekolah
-6.5282,106.7702,sekolah
-6.53,106.7692,sekolah
-6.6032,106.702,sekolah
-6.5921,106.707,sekolah
-6.599867,106.704102,sekolah
-6.6046,106.7079,sekolah
-6.5876,106.7842,sekolah
-6.5898,106.7849,sekolah
-6.5898,106.7811,sekolah
-6.595,106.7857,sekolah
-6.5907,106.7823,sekolah
-6.3656,106.9594,sekolah
-6.3365,106.9659,sekolah
-6.3554,106.9505,sekolah
-6.3589,106.9562,sekolah
-6.3656039,106.961211,sekolah
-6.366,106.9532,sekolah
-6.3393,106.9643,sekolah
-6.3426,106.9627,sekolah
-6.3641,106.9515,sekolah
-6.3643,106.9573,sekolah
-6.3677,106.952,sekolah
-6.3662,106.9559,sekolah
-6.3366,106.9683,sekolah
-6.366,106.9611,sekolah
-6.5354,106.6919,sekolah
-6.5437,106.6937,sekolah
-6.5394,106.6945,sekolah
-6.5445,106.6932,sekolah
-6.5446,106.6929,sekolah
-6.5401,106.6866,sekolah
-6.4689617,106.8301317,sekolah
-6.4741467,106.830415,sekolah
-6.470675,106.823585,sekolah
-6.4762367,106.8307633,sekolah
-6.4877217,106.8237333,sekolah
-6.4712,106.8217,sekolah
-6.471365,106.8317517,sekolah
-6.4742367,106.8304167,sekolah
-6.48508,106.8240583,sekolah
-6.6123,106.6855,sekolah
-6.6118,106.6862,sekolah
-6.6108,106.68,sekolah
-6.3267,106.4663,sekolah
-6.3357,106.4572,sekolah
-6.3222,106.4481,sekolah
-6.3275,106.4543,sekolah
-6.3336,106.4442,sekolah
-6.3284,106.4542,sekolah
-6.3328,106.445,sekolah
-6.3276,106.4634,sekolah
-6.3274,106.4633,sekolah
-6.333,106.4441,sekolah
-6.3274,106.4607,sekolah
-6.337,106.4644,sekolah
-6.7117,106.8136,sekolah
-6.7144,106.7994,sekolah
-6.7159,106.8112,sekolah
-6.7183,106.809,sekolah
-6.7118729,106.8134388,sekolah
-6.57858,106.693902,sekolah
-6.5648,106.7028,sekolah
-6.5739,106.7002,sekolah
-6.5673258,106.6958861,sekolah
-6.5814,106.6913,sekolah
-6.6769,106.8489,sekolah
-6.6771,106.8487,sekolah
-6.6769,106.8492,sekolah
-6.6892,106.8534,sekolah
-6.6795,106.8521,sekolah
-6.5235,107.1266,sekolah
-6.4968,107.1266,sekolah
-6.4984952,107.1269681,sekolah
-6.4984,107.1271,sekolah
-6.5033,107.1322,sekolah
-6.5106,107.1289,sekolah
-6.5076,107.122,sekolah
-6.511583,107.12796,sekolah
-6.5001056,107.1338627,sekolah
-6.5029,107.132,sekolah
-6.5214,107.1271,sekolah
-6.4893,107.1128,sekolah
-6.4909,107.1136,sekolah
-6.4909,107.1137,sekolah
-6.4894,107.1263,sekolah
-6.4959,107.117,sekolah
-6.583574,106.645238,sekolah
-6.5774,106.6427,sekolah
-6.5788,106.6523,sekolah
-6.5771,106.6568,sekolah
-6.579,106.6518,sekolah
-6.5776,106.6442,sekolah
-6.4614,106.4226,sekolah
-6.4584,106.4172,sekolah
-6.46,106.4226,sekolah
-6.4896,106.7189,sekolah
-6.4734,106.6987,sekolah
-6.4879,106.7188,sekolah
-6.4854,106.7157,sekolah
-6.4922,106.7191,sekolah
-6.4768,106.7031,sekolah
-6.4824,106.7031,sekolah
-6.4849,106.6995,sekolah
-6.4827,106.7038,sekolah
-6.4878,106.7198,sekolah
-6.4943,106.7142,sekolah
-6.4821,106.703,sekolah
-6.4889076,106.7139879,sekolah
-6.4756,106.6982,sekolah
-6.487836,106.723051,sekolah
-6.4755,106.698,sekolah
-6.4881,106.7029,sekolah
-6.4866933,106.7140493,sekolah
-6.4694,106.5848,sekolah
-6.4694,106.5845,sekolah
-6.4439,106.5952,sekolah
-6.7053,106.8204,sekolah
-6.7029,106.8176,sekolah
-6.7023,106.8164,sekolah
-6.7109,106.8328,sekolah
-6.7114,106.8285,sekolah
-6.6362,106.696,sekolah
-6.6313,106.6935,sekolah
-6.6287,106.6949,sekolah
-6.631313,106.692773,sekolah
-6.6354,106.6938,sekolah
-6.6309,106.6944,sekolah
-6.5037,106.8904,sekolah
-6.4956,106.8871,sekolah
-6.5029,106.8905,sekolah
-6.4928,106.888,sekolah
-6.4965,106.8925,sekolah
-6.5027,106.8906,sekolah
-6.5027,106.8818,sekolah
-6.5035,106.8872,sekolah
-6.5052893,106.8880029,sekolah
-6.5038348,106.8909359,sekolah
-6.4933,106.8904,sekolah
-6.5038,106.8865,sekolah
-6.5828,106.8406,sekolah
-6.5704192,106.8362383,sekolah
-6.5017,106.7126,sekolah
-6.613,107.1682,sekolah
-6.618,107.1884,sekolah
-6.6151,107.1687,sekolah
-6.6064247,107.167368,sekolah
-6.5294,106.5099,sekolah
-6.5317332,106.5141678,sekolah
-6.5332,106.5166,sekolah
-6.533,106.5167,sekolah
-6.533,106.5151,sekolah
-6.5252,106.5004,sekolah
-6.4424,106.7087,sekolah
-6.4382,106.7056,sekolah
-6.4376,106.703,sekolah
-6.4445,106.7021,sekolah
-6.4429,106.7087,sekolah
-6.4436,106.7083,sekolah
-6.4436,106.7084,sekolah
-6.5575,106.6951,sekolah
-6.558635,106.695661,sekolah
-6.5536,106.6973,sekolah
-6.5564,106.6946,sekolah
-6.5563,106.6952,sekolah
-6.5673,106.6925,sekolah
-6.5565,106.695,sekolah
-6.5595,106.6972,sekolah
-6.423,106.9323,sekolah
-6.4282,106.922,sekolah
-6.4344,106.9265,sekolah
-6.4361,106.9311,sekolah
-6.4294,106.9369,sekolah
-6.4208,106.930817,sekolah
-6.435524,106.92018,sekolah
-6.4274,106.9245,sekolah
-6.4409,106.9262,sekolah
-6.5742276,106.6889992,sekolah
-6.5857,106.6882,sekolah
-6.5741,106.6886,sekolah
-6.5829,106.6789,sekolah
-6.5708162,106.6845442,sekolah
-6.5747,106.6883,sekolah
-6.5857,106.6883,sekolah
-6.5678,106.6851,sekolah
-6.7185,106.792,sekolah
-6.7213,106.7952,sekolah
-6.717824,106.778502,sekolah
-6.7185,106.79,sekolah
-6.7144,106.7916,sekolah
-6.721,106.7844,sekolah
-6.7178,106.7784,sekolah
-6.7205,106.8053,sekolah
-6.7191,106.8034,sekolah
-6.7363,106.8182,sekolah
-6.7362,106.8183,sekolah
-6.7358,106.8188,sekolah
-6.7302,106.8062,sekolah
-6.7309,106.8121,sekolah
-6.736,106.8186,sekolah
-6.7289,106.8121,sekolah
-6.7306,106.8122,sekolah
-6.7303,106.8064,sekolah
-6.7355,106.8181,sekolah
-6.7306,106.806,sekolah
-6.7359,106.8186,sekolah
-6.7037,106.6393,sekolah
-6.6902,106.6395,sekolah
-6.69,106.6398,sekolah
-6.6844,106.6202,sekolah
-6.6786,106.6327,sekolah
-6.663,106.6258,sekolah
-6.687,106.6244,sekolah
-6.6702,106.6262,sekolah
-6.596,106.684,sekolah
-6.5958,106.6841,sekolah
-6.593,106.6815,sekolah
-6.5968401,106.6864653,sekolah
-6.593888,106.691646,sekolah
-6.5937,106.6875,sekolah
-6.597329,106.687405,sekolah
-6.346,106.5595,sekolah
-6.3443,106.5576,sekolah
-6.3385,106.544,sekolah
-6.3504,106.5473,sekolah
-6.3467,106.5597,sekolah
-6.3446,106.5575,sekolah
-6.3429,106.5633,sekolah
-6.3442,106.5545,sekolah
-6.3452,106.5594,sekolah
-6.5046,106.6546,sekolah
-6.4786,106.654,sekolah
-6.490479,106.649095,sekolah
-6.5035,106.6544,sekolah
-6.496,106.657,sekolah
-6.4839,106.6637,sekolah
-6.4892,106.6534,sekolah
-6.5037,106.6553,sekolah
-6.65,106.6427,sekolah
-6.6473,106.6368,sekolah
-6.6586,106.6384,sekolah
-6.6427,106.6419,sekolah
-6.651,106.6399,sekolah
-6.5047,107.0221,sekolah
-6.6603,106.6444,sekolah
-6.6613,106.6322,sekolah
-6.6628,106.6427,sekolah
-6.6197,106.6875,sekolah
-6.6248,106.6936,sekolah
-6.6207,106.6958,sekolah
-6.6162,106.6949,sekolah
-6.6204,106.6957,sekolah
-6.6195,106.6875,sekolah
-6.6141,106.6904,sekolah
-6.6189,106.6938,sekolah
-6.6186,106.6939,sekolah
-6.6078,106.6938,sekolah
-6.6128,106.6959,sekolah
-6.3983,106.687,sekolah
-6.3991,106.6881,sekolah
-6.3991,106.6879,sekolah
-6.3899,106.6932,sekolah
-6.3826,106.6916,sekolah
-6.3848,106.6919,sekolah
-6.3864,106.6939,sekolah
-6.4617,107.1005,sekolah
-6.4609,107.0894,sekolah
-6.4625,107.0953,sekolah
-6.4847633,106.8444867,sekolah
-6.48137,106.8541794,sekolah
-6.5028,106.8553,sekolah
-6.4788,106.8453,sekolah
-6.48001,106.8450883,sekolah
-6.50022,106.8522583,sekolah
-6.4974866,106.8546066,sekolah
-6.4862133,106.8582783,sekolah
-6.4829,106.8597,sekolah
-6.48343,106.8467167,sekolah
-6.4988617,106.85514,sekolah
-6.4795232,106.8540268,sekolah
-6.483225,106.8467867,sekolah
-6.4828,106.8598,sekolah
-6.4846749,106.8513946,sekolah
-6.4787733,106.84677,sekolah
-6.5021,106.4133,sekolah
-6.5243,106.4142,sekolah
-6.5019,106.4132,sekolah
-6.5439,106.4284,sekolah
-6.4517827,106.6655322,sekolah
-6.4385,106.6604,sekolah
-6.454,106.6762,sekolah
-6.4553,106.6644,sekolah
-6.443449,106.666401,sekolah
-6.7071,106.8003,sekolah
-6.707,106.8003,sekolah
-6.7006,106.8142,sekolah
-6.7064,106.8149,sekolah
-6.4921,106.6892,sekolah
-6.4955,106.6944,sekolah
-6.489211,106.691,sekolah
-6.4821,106.6891,sekolah
-6.4836,106.6891,sekolah
-6.4955,106.6943,sekolah
-6.7494,106.8042,sekolah
-6.7634617,106.8241217,sekolah
-6.7479678,106.8043706,sekolah
-6.7591,106.7999,sekolah
-6.7592,106.8001,sekolah
-6.7493,106.8048,sekolah
-6.748855,106.804661,sekolah
-6.7678,106.8203,sekolah
-6.7535,106.8007,sekolah
-6.7628,106.8396,sekolah
-6.7492,106.8041,sekolah
-6.7486,106.8042,sekolah
-6.4448,106.6876,sekolah
-6.4455,106.6879,sekolah
-6.4442,106.6713,sekolah
-6.4457,106.6872,sekolah
-6.4405,106.6779,sekolah
-6.4394,106.677,sekolah
-6.4426,106.6817,sekolah
-6.426,106.7258,sekolah
-6.4179,106.7197,sekolah
-6.4323,106.7175,sekolah
-6.431367,106.7150028,sekolah
-6.4326,106.7176,sekolah
-6.4313,106.7151,sekolah
-6.4213,106.7149,sekolah
-6.4208,106.7185,sekolah
-6.4249,106.7242,sekolah
-6.4137,106.7153,sekolah
-6.6849,106.9351,sekolah
-6.6866,106.9336,sekolah
-6.6909,106.9414,sekolah
-6.7005,106.9433,sekolah
-6.6908,106.941,sekolah
-6.6969,106.9398,sekolah
-6.6953,106.9507,sekolah
-6.4369,106.711,sekolah
-6.4264,106.7131,sekolah
-6.4203,106.7078,sekolah
-6.4342,106.7083,sekolah
-6.42,106.7081,sekolah
-6.4399,106.7118,sekolah
-6.4329506,106.7154434,sekolah
-6.4331,106.7101,sekolah
-6.7013,106.8827,sekolah
-6.7043,106.8956,sekolah
-6.695,106.8749,sekolah
-6.6959,106.8782,sekolah
-6.5551,106.7658,sekolah
-6.5563,106.7664,sekolah
-6.5598,106.7653,sekolah
-6.5646,106.7682,sekolah
-6.561,106.7704,sekolah
-6.6304,106.6778,sekolah
-6.6304,106.68,sekolah
-6.6383,106.6797,sekolah
-6.6377,106.6716,sekolah
-6.6306,106.6792,sekolah
-6.6309,106.6787,sekolah
-6.6379,106.6797,sekolah
-6.6346,106.6719,sekolah
-6.5527,106.7682,sekolah
-6.55,106.771,sekolah
-6.5556,106.7697,sekolah
-6.5414,106.7672,sekolah
-6.541337,106.76631,sekolah
-6.5665,106.6204,sekolah
-6.577,106.6232,sekolah
-6.5718,106.6238,sekolah
-6.5725,106.6233,sekolah
-6.5686,106.6255,sekolah
-6.5723,106.6245,sekolah
-6.5864,106.6196,sekolah
-6.5708,106.6156,sekolah
-6.5462,106.8137,sekolah
-6.5464,106.8229,sekolah
-6.547,106.8221,sekolah
-6.5448,106.82,sekolah
-6.5536,106.819,sekolah
-6.5434,106.8203,sekolah
-6.5466,106.814,sekolah
-6.5774039,106.6191704,sekolah
-6.5963,106.612,sekolah
-6.5906,106.6284,sekolah
-6.6105,106.6066,sekolah
-6.5771,106.6176,sekolah
-6.5937,106.6197,sekolah
-6.599,106.6087,sekolah
-6.584,106.6183,sekolah
-6.5897,106.6122,sekolah
-6.6092,106.6134,sekolah
-6.6099,106.6108,sekolah
-6.585,106.6168,sekolah
-6.587,106.7901,sekolah
-6.5831,106.7881,sekolah
-6.5829,106.7884,sekolah
-6.575849,106.7904772,sekolah
-6.5926,106.7884,sekolah
-6.5761,106.7905,sekolah
-6.5916,106.7885,sekolah
-6.5831,106.7882,sekolah
-6.592,106.7885,sekolah
-6.5923,106.7885,sekolah
-6.5922,106.7884,sekolah
-6.5881,106.7883,sekolah
-6.5892,106.6649,sekolah
-6.5851,106.6711,sekolah
-6.5943,106.6664,sekolah
-6.5874,106.6629,sekolah
-6.5967,106.6682,sekolah
-6.594269,106.666541,sekolah
-6.59235,106.666906,sekolah
-6.5942,106.6665,sekolah
-6.5966,106.6625,sekolah
-6.5891,106.8244,sekolah
-6.5891,106.8246,sekolah
-6.5884,106.8327,sekolah
-6.5661,106.8247,sekolah
-6.5818,106.8318,sekolah
-6.5861375,106.823723,sekolah
-6.5917,106.8303,sekolah
-6.5879,106.8327,sekolah
-6.5784,106.8256,sekolah
-6.5353,107.1385,sekolah
-6.5327,107.1387,sekolah
-6.5486,107.1541,sekolah
-6.6549,106.9234,sekolah
-6.6514,106.9148,sekolah
-6.5518,106.8219,sekolah
-6.5631,106.8188,sekolah
-6.5587,106.8178,sekolah
-6.5589,106.8178,sekolah
-6.5637,106.8162,sekolah
-6.5582,106.8163,sekolah
-6.552,106.8212,sekolah
-6.556,106.8196,sekolah
-6.5559,106.8204,sekolah
-6.566,106.8156,sekolah
-6.5524,106.8229,sekolah
-6.5653,106.7519,sekolah
-6.5702,106.75,sekolah
-6.5645,106.7571,sekolah
-6.5705,106.7506,sekolah
-6.5578,106.7551,sekolah
-6.5694,106.7515,sekolah
-6.5317,106.7963,sekolah
-6.5266,106.7994,sekolah
-6.5504,106.7977,sekolah
-6.5504,106.7974,sekolah
-6.5345103,106.7939314,sekolah
-6.5428,106.7901,sekolah
-6.5317,106.7964,sekolah
-6.5319,106.7963,sekolah
-6.5153,106.7936,sekolah
-6.5317,106.7967,sekolah
-6.5142,106.7879,sekolah
-6.5308,106.7953,sekolah
-6.5142,106.788,sekolah
-6.5179,106.7973,sekolah
-6.5488,106.7731,sekolah
-6.542,106.7773,sekolah
-6.5532,106.7812,sekolah
-6.5435,106.7704,sekolah
-6.5514,106.7782,sekolah
-6.5359,106.7747,sekolah
-6.5527,106.7835,sekolah
-6.5534,106.7754,sekolah
-6.5502,106.772,sekolah
-6.5347,107.1482,sekolah
-6.539,107.1726,sekolah
-6.5304,107.1686,sekolah
-6.5305,107.1687,sekolah
-6.5292,107.1549,sekolah
-6.6618,106.8399,sekolah
-6.6656083,106.8353,sekolah
-6.6682533,106.8435867,sekolah
-6.6664,106.8376,sekolah
-6.6734067,106.8408833,sekolah
-6.6766,106.8359,sekolah
-6.6788,106.8413,sekolah
-6.6653167,106.8354433,sekolah
-6.6687967,106.842945,sekolah
-6.6693419,106.8339099,sekolah
-6.6712936,106.8430343,sekolah
-6.3381,106.4762,sekolah
-6.3461,106.46946,sekolah
-6.327,106.4786,sekolah
-6.614965,106.8082517,sekolah
-6.61041,106.80039,sekolah
-6.6163267,106.80549,sekolah
-6.6163,106.806,sekolah
-6.615,106.8081,sekolah
-6.6147617,106.8077367,sekolah
-6.6147717,106.8082117,sekolah
-6.4385,106.4602,sekolah
-6.446,106.4614,sekolah
-6.452,106.4612,sekolah
-6.4558,106.4578,sekolah
-6.4464,106.4615,sekolah
-6.6072333,106.8109917,sekolah
-6.6019433,106.8039817,sekolah
-6.6138523,106.8114818,sekolah
-6.6128317,106.81065,sekolah
-6.6157,106.814,sekolah
-6.602042,106.813856,sekolah
-6.6022,106.8039,sekolah
-6.61309,106.8180767,sekolah
-6.613588,106.811646,sekolah
-6.6021,106.8117,sekolah
-6.6138,106.8117,sekolah
-6.6020817,106.8136767,sekolah
-6.603791,106.814881,sekolah
-6.6139183,106.8119467,sekolah
-6.6053,106.8071,sekolah
-6.60043,106.8173967,sekolah
-6.600599,106.817349,sekolah
-6.615375,106.81825,sekolah
-6.615595,106.8183867,sekolah
-6.6174533,106.8211483,sekolah
-6.618,106.821,sekolah
-6.60156,106.8126267,sekolah
-6.38541,106.590393,sekolah
-6.3723,106.5869,sekolah
-6.3834,106.579,sekolah
-6.3666,106.5881,sekolah
-6.3719,106.5863,sekolah
-6.6189067,106.8067767,sekolah
-6.6183667,106.8106217,sekolah
-6.6188,106.8107,sekolah
-6.6240867,106.809075,sekolah
-6.6193622,106.8069059,sekolah
-6.6240183,106.8091433,sekolah
-6.618865,106.810615,sekolah
-6.6188183,106.81197,sekolah
-6.4023,106.9258,sekolah
-6.4024,106.9252,sekolah
-6.4002,106.9319,sekolah
-6.394,106.9314,sekolah
-6.417336,106.92921,sekolah
-6.395,106.9299,sekolah
-6.4128,106.9256,sekolah
-6.4008,106.9375,sekolah
-6.4004,106.937,sekolah
-6.399098,106.938586,sekolah
-6.4124,106.9259,sekolah
-6.5563,106.737,sekolah
-6.5595,106.7421,sekolah
-6.5564,106.737,sekolah
-6.5697,106.8104,sekolah
-6.5724,106.8076,sekolah
-6.5804,106.8022,sekolah
-6.5755,106.8084,sekolah
-6.571975,106.809049,sekolah
-6.5727,106.8074,sekolah
-6.5711,106.8112,sekolah
-6.5751,106.8056,sekolah
-6.572522,106.808083,sekolah
-6.58,106.81,sekolah
-6.5792,106.8083,sekolah
-6.579,106.8091,sekolah
-6.5792,106.8091,sekolah
-6.5685,106.8142,sekolah
-6.5786,106.8084,sekolah
-6.5752,106.808,sekolah
-6.545,106.7249,sekolah
-6.5445,106.7287,sekolah
-6.5443,106.7369,sekolah
-6.5491,106.7289,sekolah
-6.5451,106.7245,sekolah
-6.6049,106.8008,sekolah
-6.6058,106.8007,sekolah
-6.5855,106.8445,sekolah
-6.5854,106.8449,sekolah
-6.5877,106.8437,sekolah
-6.5857,106.8501,sekolah
-6.597,106.8515,sekolah
-6.5829,106.8084,sekolah
-6.5927,106.8059,sekolah
-6.5863,106.804,sekolah
-6.5848,106.8086,sekolah
-6.5926,106.8063,sekolah
-6.5955,106.8047,sekolah
-6.5863,106.8042,sekolah
-6.5823,106.8066,sekolah
-6.5955284,106.804845,sekolah
-6.5832,106.8066,sekolah
-6.4576,106.9725,sekolah
-6.454589,106.972935,sekolah
-6.4457,106.9807,sekolah
-6.4529,106.9764,sekolah
-6.4411,106.9763,sekolah
-6.4518,106.9725,sekolah
-6.4646,106.9728,sekolah
-6.4437,106.9836,sekolah
-6.4552,106.9688,sekolah
-6.5408,106.8345,sekolah
-6.5246408,106.8433092,sekolah
-6.5364,106.8339,sekolah
-6.5235,106.8441,sekolah
-6.5547,106.657,sekolah
-6.5519,106.6537,sekolah
-6.5592,106.6415,sekolah
-6.5465,106.6618,sekolah
-6.5546,106.6531,sekolah
-6.5584,106.64,sekolah
-6.5568,106.6536,sekolah
-6.578112,106.86369,sekolah
-6.581414,106.869283,sekolah
-6.5888628,106.8695064,sekolah
-6.5934,106.8643,sekolah
-6.6113,106.8684,sekolah
-6.5891,106.8662,sekolah
-6.589,106.8531,sekolah
-6.5958,106.8714,sekolah
-6.6079,106.8841,sekolah
-6.5973,106.8692,sekolah
-6.5966497,106.8652955,sekolah
-6.5916,106.8657,sekolah
-6.7066,106.7853,sekolah
-6.7133,106.784,sekolah
-6.7101,106.7945,sekolah
-6.7054,106.7956,sekolah
-6.7099,106.7903,sekolah
-6.7144,106.781,sekolah
-6.7073,106.7963,sekolah
-6.7094,106.7953,sekolah
-6.5661,106.7118,sekolah
-6.5883,106.7162,sekolah
-6.5654,106.7129,sekolah
-6.5631,106.7123,sekolah
-6.5657,106.7115,sekolah
-6.424859,106.683917,sekolah
-6.4372,106.6828,sekolah
-6.4357,106.6865,sekolah
-6.4253,106.6796,sekolah
-6.6908,106.8398,sekolah
-6.6908,106.8397,sekolah
-6.6881,106.8366,sekolah
-6.6912,106.8432,sekolah
-6.6779,106.8235,sekolah
-6.6983,106.8342,sekolah
-6.6931,106.8352,sekolah
-6.6779,106.8234,sekolah
-6.6911,106.84,sekolah
-6.6983,106.8343,sekolah
-6.5642,106.7177,sekolah
-6.5791,106.7201,sekolah
-6.5704,106.7268,sekolah
-6.5694,106.7215,sekolah
-6.5645,106.7193,sekolah
-6.5694,106.7216,sekolah
-6.5715,106.7249,sekolah
-6.5667522,106.7162293,sekolah
-6.5793,106.7201,sekolah
-6.5651,106.7221,sekolah
-6.563,106.7218,sekolah
-6.6741,106.8278,sekolah
-6.6666167,106.830735,sekolah
-6.6752283,106.8304133,sekolah
-6.5841,106.7404,sekolah
-6.5812,106.7466,sekolah
-6.5817,106.7464,sekolah
-6.5895,106.7432,sekolah
-6.5935,106.7419,sekolah
-6.5819,106.7465,sekolah
-6.5768153,106.7444397,sekolah
-6.5765,106.744,sekolah
-6.6201517,106.7996117,sekolah
-6.628257,106.805065,sekolah
-6.6329,106.8026,sekolah
-6.6318,106.8054,sekolah
-6.6216467,106.7994617,sekolah
-6.619975,106.7998367,sekolah
-6.6321083,106.8058367,sekolah
-6.631905,106.8054467,sekolah
-6.6049656,106.7858586,sekolah
-6.6029,106.7848,sekolah
-6.6027,106.7846,sekolah
-6.6036,106.7861,sekolah
-6.6035,106.7859,sekolah
-6.61,106.7922,sekolah
-6.6028,106.7847,sekolah
-6.6034,106.7855,sekolah
-6.6018,106.7812,sekolah
-6.6012,106.7778,sekolah
-6.6009,106.776,sekolah
-6.598,106.7732,sekolah
-6.6091738,106.7767563,sekolah
-6.6008,106.7759,sekolah
-6.6009,106.7731,sekolah
-6.5984,106.775,sekolah
-6.744,106.8028,sekolah
-6.7367,106.813,sekolah
-6.7414,106.8039,sekolah
-6.7422,106.8019,sekolah
-6.7445,106.8026,sekolah
-6.7504,106.799,sekolah
-6.7477,106.7977,sekolah
-6.7485,106.7975,sekolah
-6.7444054,106.8026868,sekolah
-6.7439,106.8029,sekolah
-6.7441,106.8027,sekolah
-6.7527,106.7943,sekolah
-6.7525,106.7921,sekolah
-6.7414,106.8038,sekolah
-6.5958,106.7866,sekolah
-6.5973,106.7844,sekolah
-6.5959,106.7865,sekolah
-6.596,106.7864,sekolah
-6.5628,106.534,sekolah
-6.5541,106.5364,sekolah
-6.5542,106.5476,sekolah
-6.553,106.5358,sekolah
-6.5526,106.5359,sekolah
-6.55,106.5345,sekolah
-6.5466,106.5481,sekolah
-6.5501,106.5342,sekolah
-6.573,106.5361,sekolah
-6.6007,106.7836,sekolah
-6.6172161,106.7940439,sekolah
-6.5973,106.7793,sekolah
-6.601,106.7829,sekolah
-6.406714,106.713535,sekolah
-6.4081,106.7038,sekolah
-6.4054996,106.7042374,sekolah
-6.404,106.7068,sekolah
-6.3975,106.7057,sekolah
-6.4003,106.7091,sekolah
-6.5974,106.7933,sekolah
-6.5975,106.7934,sekolah
-6.6012,106.7931,sekolah
-6.5979,106.7914,sekolah
-6.5981,106.7912,sekolah
-6.5974,106.7926,sekolah
-6.5973,106.7931,sekolah
-6.5999,106.7919,sekolah
-6.5985,106.7927,sekolah
-6.5997,106.7913,sekolah
-6.6005551,106.7927685,sekolah
-6.6,106.792,sekolah
-6.5974,106.7925,sekolah
-6.5975,106.7917,sekolah
-6.5165,106.682,sekolah
-6.5165,106.6766,sekolah
-6.514724,106.67571,sekolah
-6.5292,106.6789,sekolah
-6.6417,106.8079,sekolah
-6.6335,106.7984,sekolah
-6.63478,106.79974,sekolah
-6.6478117,106.802475,sekolah
-6.6445033,106.80604,sekolah
-6.637024,106.80804,sekolah
-6.6339,106.7987,sekolah
-6.592545,106.796798,sekolah
-6.5921,106.7931,sekolah
-6.5921,106.7964,sekolah
-6.5922,106.7933,sekolah
-6.5927,106.7937,sekolah
-6.593,106.797,sekolah
-6.5923,106.7937,sekolah
-6.5922,106.7932,sekolah
-6.5819,106.7952,sekolah
-6.6965,106.8408,sekolah
-6.7004,106.854,sekolah
-6.6954,106.8552,sekolah
-6.6988,106.8563,sekolah
-6.6914,106.8457,sekolah
-6.7024,106.8545,sekolah
-6.7028,106.8539,sekolah
-6.6360783,106.8267167,sekolah
-6.6288,106.823,sekolah
-6.6509,106.9048,sekolah
-6.6487,106.9075,sekolah
-6.6516,106.9043,sekolah
-6.653,106.9069,sekolah
-6.6454,106.9081,sekolah
-6.6546,106.8963,sekolah
-6.6547,106.8962,sekolah
-6.6502,106.9069,sekolah
-6.645,106.9051,sekolah
-6.6504,106.9068,sekolah
-6.645,106.9053,sekolah
-6.6387617,106.83141,sekolah
-6.6421,106.8359,sekolah
-6.6410733,106.8248083,sekolah
-6.6411,106.8298,sekolah
-6.6432333,106.8351533,sekolah
-6.6434833,106.8351417,sekolah
-6.6469417,106.8354867,sekolah
-6.6497,106.7799,sekolah
-6.6382,106.7863,sekolah
-6.64611,106.7840667,sekolah
-6.6516,106.7772,sekolah
-6.646206,106.78106,sekolah
-6.632075,106.792815,sekolah
-6.6514683,106.7913283,sekolah
-6.63869,106.7918,sekolah
-6.6518,106.7776,sekolah
-6.647485,106.78108,sekolah
-6.6456683,106.78157,sekolah
-6.5339,106.7794,sekolah
-6.5323,106.7775,sekolah
-6.5398,106.7821,sekolah
-6.5204,106.7764,sekolah
-6.526854,106.777742,sekolah
-6.5199,106.7759,sekolah
-6.651,106.8903,sekolah
-6.6567,106.8775,sekolah
-6.6421,106.894,sekolah
-6.6508,106.8902,sekolah
-6.6512,106.8902,sekolah
-6.6455,106.8864,sekolah
-6.6507,106.8917,sekolah
-6.657,106.877,sekolah
-6.6527,106.8838,sekolah
-6.6525,106.8953,sekolah
-6.6563,106.8775,sekolah
-6.6542,106.8884,sekolah
-6.5894,106.7855,sekolah
-6.585,106.7814,sekolah
-6.5852,106.7837,sekolah
-6.5788,106.7734,sekolah
-6.5868,106.7876,sekolah
-6.5792,106.7796,sekolah
-6.5785,106.7719,sekolah
-6.585,106.7844,sekolah
-6.5894,106.7858,sekolah
-6.58,106.779,sekolah
-6.5855,106.7839,sekolah
-6.5549,106.8447,sekolah
-6.5503,106.8496,sekolah
-6.5689,106.8463,sekolah
-6.5562,106.8479,sekolah
-6.5893,106.7723,sekolah
-6.589,106.7727,sekolah
-6.5835,106.7682,sekolah
-6.5834,106.7681,sekolah
-6.5892,106.7712,sekolah
-6.5825,106.7685,sekolah
-6.5843,106.7637,sekolah
-6.5903,106.7667,sekolah
-6.583482,106.768123,sekolah
-6.589,106.7722,sekolah
-6.5827,106.7712,sekolah
-6.5746,106.7425,sekolah
-6.5703,106.7423,sekolah
-6.5707,106.7447,sekolah
-6.5744,106.7449,sekolah
-6.5705,106.743,sekolah
-6.5726,106.7504,sekolah
-6.5728,106.7405,sekolah
-6.5726,106.7404,sekolah
-6.5726,106.7402,sekolah
-6.5706,106.7407,sekolah
-6.5697,106.7445,sekolah
-6.6087,106.7696,sekolah
-6.609,106.7696,sekolah
-6.65001,106.8267317,sekolah
-6.6019,106.7706,sekolah
-6.6021,106.7665,sekolah
-6.6021,106.7661,sekolah
-6.6022,106.7662,sekolah
-6.6231033,106.8126733,sekolah
-6.621229,106.812655,sekolah
-6.6230917,106.8125833,sekolah
-6.622484,106.81238,sekolah
-6.5666,106.785,sekolah
-6.566,106.7828,sekolah
-6.5597,106.7786,sekolah
-6.5668,106.7827,sekolah
-6.4356,106.5163,sekolah
-6.4117,106.5334,sekolah
-6.4359,106.5208,sekolah
-6.4119,106.5333,sekolah
-6.4143,106.5143,sekolah
-6.409,106.5314,sekolah
-6.5902,106.7811,sekolah
-6.5875,106.7836,sekolah
-6.5919,106.7807,sekolah
-6.5898,106.7847,sekolah
-6.5914,106.7805,sekolah
-6.5947,106.7855,sekolah
-6.59,106.785,sekolah
-6.5894,106.785,sekolah
-6.5875,106.784,sekolah
-6.5919,106.7808,sekolah
-6.741,106.8436,sekolah
-6.7332,106.8308,sekolah
-6.7318,106.8288,sekolah
-6.7413,106.847,sekolah
-6.7464,106.8561,sekolah
-6.7312,106.8215,sekolah
-6.7411,106.8436,sekolah
-6.7321,106.8286,sekolah
-6.6564217,106.8441867,sekolah
-6.661275,106.8422917,sekolah
-6.6557817,106.8447967,sekolah
-6.6696,106.8455,sekolah
-6.6562483,106.8448117,sekolah
-6.59022,106.707365,sekolah
-6.5808,106.7062,sekolah
-6.5862,106.6998,sekolah
-6.5853,106.7054,sekolah
-6.5807,106.7061,sekolah
-6.5853,106.7055,sekolah
-6.5864,106.6997,sekolah
-6.5844669,106.7004375,sekolah
-6.5932,106.7009,sekolah
-6.5953442,106.6998509,sekolah
-6.581769,106.704396,sekolah
-6.593,106.701,sekolah
-6.593,106.7014,sekolah
-6.5913,106.7026,sekolah
-6.6310567,106.8331083,sekolah
-6.6272,106.8291,sekolah
-6.627818,106.828507,sekolah
-6.6233933,106.8254133,sekolah
-6.613189,106.829777,sekolah
-6.597525,106.830608,sekolah
-6.6234017,106.825725,sekolah
-6.6301267,106.8313417,sekolah
-6.6314767,106.83541,sekolah
-6.597525,106.830483,sekolah
-6.611985,106.8259133,sekolah
-6.6233183,106.8254617,sekolah
-6.612755,106.82982,sekolah
-6.6314867,106.8354183,sekolah
-6.6226383,106.82843,sekolah
-6.6128367,106.829865,sekolah
-6.613315,106.829777,sekolah
-6.6284817,106.8307917,sekolah
-6.6104717,106.82245,sekolah
-6.6225167,106.82846,sekolah
-6.631,106.8331,sekolah
-6.6104,106.804,sekolah
-6.6108,106.8041,sekolah
-6.6053,106.7964,sekolah
-6.6055,106.7961,sekolah
-6.5269,106.7183,sekolah
-6.5281,106.7151,sekolah
-6.5251,106.7139,sekolah
-6.5304,106.7198,sekolah
-6.5222,106.7151,sekolah
-6.5248,106.7139,sekolah
-6.520445,106.718811,sekolah
-6.5926,106.7705,sekolah
-6.5938,106.7792,sekolah
-6.5925,106.7724,sekolah
-6.5927,106.7724,sekolah
-6.5743,106.6606,sekolah
-6.5747,106.6602,sekolah
-6.5705063,106.6599738,sekolah
-6.5734,106.6588,sekolah
-6.5748,106.6579,sekolah
-6.6082683,106.7951883,sekolah
-6.6111,106.7977,sekolah
-6.6078617,106.7968617,sekolah
-6.6089,106.7941,sekolah
-6.6161,106.8008,sekolah
-6.6105367,106.7950867,sekolah
-6.6150533,106.8027433,sekolah
-6.6118,106.7992,sekolah
-6.6066617,106.79459,sekolah
-6.6149,106.8031,sekolah
-6.613,106.7977,sekolah
-6.612705,106.797625,sekolah
-6.6156717,106.8003417,sekolah
-6.6126,106.8,sekolah
-6.6078767,106.7967933,sekolah
-6.6147933,106.80364,sekolah
-6.6077567,106.7959317,sekolah
-6.6134,106.7954,sekolah
-6.6108383,106.7976817,sekolah
-6.60773,106.7959233,sekolah
-6.6151467,106.8018017,sekolah
-6.6111,106.6693,sekolah
-6.6109,106.6697,sekolah
-6.6106,106.6695,sekolah
-6.6069,106.6676,sekolah
-6.6091,106.6682,sekolah
-6.6392,106.8164,sekolah
-6.6391,106.8159,sekolah
-6.6390667,106.8156733,sekolah
-6.5009,106.7853,sekolah
-6.5049,106.7751,sekolah
-6.5107,106.7695,sekolah
-6.5052,106.7751,sekolah
-6.4976,106.7788,sekolah
-6.498435,106.770867,sekolah
-6.4995663,106.7803692,sekolah
-6.5011,106.7852,sekolah
-6.5597,106.6647,sekolah
-6.5745,106.6696,sekolah
-6.5734,106.6663,sekolah
-6.564,106.6668,sekolah
-6.5732,106.6663,sekolah
-6.5651,106.6656,sekolah
-6.748145,106.898452,sekolah
-6.7256,106.8595,sekolah
-6.721,106.844,sekolah
-6.7218,106.8472,sekolah
-6.7036,106.8246,sekolah
-6.7005,106.8202,sekolah
-6.7038,106.8245,sekolah
-6.7024365,106.8296887,sekolah
-6.7047,106.8248,sekolah
-6.699,106.8236,sekolah
-6.5263,106.8316,sekolah
-6.5416,106.8233,sekolah
-6.5303835,106.8207463,sekolah
-6.5227,106.8334,sekolah
-6.5253,106.8204,sekolah
-6.5437,106.8254,sekolah
-6.520489,106.82667,sekolah
-6.5408,106.819,sekolah
-6.5405,106.8188,sekolah
-6.5247,106.828,sekolah
-6.5227,106.8336,sekolah
-6.5439,106.8254,sekolah
-6.5247,106.8291,sekolah
-6.5245,106.8292,sekolah
-6.5355,106.8224,sekolah
-6.5231,106.8269,sekolah
-6.5415,106.8233,sekolah
-6.7091,106.8748,sekolah
-6.7025,106.8667,sekolah
-6.7018,106.8692,sekolah
-6.4068,106.9744,sekolah
-6.4062,106.9666,sekolah
-6.4078974,106.9638922,sekolah
-6.4084,106.9635,sekolah
-6.408,106.964,sekolah
-6.4107,106.9773,sekolah
-6.4015,106.9754,sekolah
-6.408,106.9666,sekolah
-6.4051,106.9717,sekolah
-6.4032,106.9722,sekolah
-6.4061,106.9666,sekolah
-6.4065,106.962,sekolah
-6.4079,106.9637,sekolah
-6.4092,106.9664,sekolah
-6.4137,106.9645,sekolah
-6.4071,106.9836,sekolah
-6.409,106.9576,sekolah
-6.4149,106.9607,sekolah
-6.5955,106.4469,sekolah
-6.6025,106.445,sekolah
-6.5632,106.4489,sekolah
-6.6182,106.4446,sekolah
-6.583,106.435,sekolah
-6.3984,106.9698,sekolah
-6.3968,106.9659,sekolah
-6.3941,106.9561,sekolah
-6.3979,106.956,sekolah
-6.402,106.9633,sekolah
-6.396,106.9591,sekolah
-6.3995,106.9658,sekolah
-6.3932,106.9542,sekolah
-6.3992,106.9598,sekolah
-6.4025,106.9618,sekolah
-6.3984,106.9598,sekolah
-6.3978,106.956,sekolah
-6.3992,106.9649,sekolah
-6.3991,106.966,sekolah
-6.3967,106.9658,sekolah
-6.3995,106.9641,sekolah
-6.4016,106.9676,sekolah
-6.3992,106.9643,sekolah
-6.3993,106.9661,sekolah
-6.3984,106.9599,sekolah
-6.3992,106.9594,sekolah
-6.5652,106.6038,sekolah
-6.5647445,106.6074411,sekolah
-6.5651,106.6038,sekolah
-6.5401,106.5953,sekolah
-6.5489,106.5905,sekolah
-6.5478,106.5905,sekolah
-6.5605,106.5992,sekolah
-6.4719,106.4677,sekolah
-6.4714,106.4684,sekolah
-6.4708,106.4655,sekolah
-6.4642,106.4597,sekolah
-6.463,106.4754,sekolah
-6.5421,106.7461,sekolah
-6.5418,106.7463,sekolah
-6.529131,106.850479,sekolah
-6.525,106.8576,sekolah
-6.5156,106.847,sekolah
-6.5161,106.8471,sekolah
-6.5258,106.8584,sekolah
-6.5161,106.8469,sekolah
-6.5251,106.8576,sekolah
-6.5249,106.8463,sekolah
-6.5818,107.0879,sekolah
-6.5823,107.0888,sekolah
-6.5636,107.1135,sekolah
-6.4489,106.7506,sekolah
-6.4521,106.7608,sekolah
-6.454393,106.761479,sekolah
-6.4515,106.7715,sekolah
-6.4582,106.754,sekolah
-6.4528742,106.7508038,sekolah
-6.4542,106.7659,sekolah
-6.4538,106.7623,sekolah
-6.4546,106.7474,sekolah
-6.462111,106.764123,sekolah
-6.4642256,106.7652652,sekolah
-6.45361,106.774075,sekolah
-6.45243,106.748925,sekolah
-6.579,106.5928,sekolah
-6.581,106.5894,sekolah
-6.6038,106.5811,sekolah
-6.5798,106.5887,sekolah
-6.588268,106.592008,sekolah
-6.581,106.5897,sekolah
-6.5077,106.8658,sekolah
-6.5079,106.8664,sekolah
-6.5004,106.8616,sekolah
-6.5088,106.867,sekolah
-6.5019,106.8694,sekolah
-6.5086,106.8668,sekolah
-6.5076,106.8659,sekolah
-6.4376,106.6359,sekolah
-6.4438,106.6394,sekolah
-6.4424,106.6402,sekolah
-6.4387,106.6416,sekolah
-6.4428262,106.6402687,sekolah
-6.4442,106.6392,sekolah
-6.4513,106.6526,sekolah
-6.5531,106.5765,sekolah
-6.564,106.5916,sekolah
-6.5617,106.5794,sekolah
-6.5618,106.5797,sekolah
-6.4619,106.804,sekolah
-6.4533,106.8087,sekolah
-6.4636,106.8042,sekolah
-6.4576,106.8055,sekolah
-6.4506059,106.8116702,sekolah
-6.4616,106.804,sekolah
-6.4551,106.8067,sekolah
-6.4661568,106.8057373,sekolah
-6.4611,106.8104,sekolah
-6.4658278,106.8050058,sekolah
-6.4569,106.8142,sekolah
-6.4536,106.8099,sekolah
-6.4579,106.8055,sekolah
-6.4621,106.8107,sekolah
-6.449,106.8058,sekolah
-6.463,106.8036,sekolah
-6.4385,106.5719,sekolah
-6.4378,106.5724,sekolah
-6.4324,106.555,sekolah
-6.4315,106.5574,sekolah
-6.4523,106.5614,sekolah
-6.4318,106.5539,sekolah
-6.4321,106.5549,sekolah
-6.4323,106.555,sekolah
-6.3766,106.7176,sekolah
-6.3724,106.7087,sekolah
-6.3647,106.7154,sekolah
-6.376673,106.717964,sekolah
-6.3734,106.7054,sekolah
-6.3733,106.7056,sekolah
-6.3728,106.7084,sekolah
-6.3768,106.7137,sekolah
-6.441308,106.786824,sekolah
-6.4439324,106.7947193,sekolah
-6.4482,106.7856,sekolah
-6.4474583,106.7846888,sekolah
-6.4408,106.7913,sekolah
-6.4424,106.7833,sekolah
-6.4454,106.7848,sekolah
-6.4423,106.7833,sekolah
-6.4456,106.79,sekolah
-6.4472,106.7926,sekolah
-6.4453,106.7848,sekolah
-6.4468,106.7866,sekolah
-6.4417,106.7917,sekolah
-6.5412,106.7152,sekolah
-6.5227,106.6947,sekolah
-6.5357,106.7078,sekolah
-6.5358,106.7109,sekolah
-6.5228,106.6947,sekolah
-6.5372,106.7057,sekolah
-6.5241,106.6947,sekolah
-6.5284,106.7021,sekolah
-6.4698,106.6733,sekolah
-6.4679,106.6663,sekolah
-6.458,106.6651,sekolah
-6.466,106.6813,sekolah
-6.4645,106.6669,sekolah
-6.4638,106.6698,sekolah
-6.4659,106.667,sekolah
-6.4703,106.6805,sekolah
-6.4582,106.6655,sekolah
-6.496,106.6458,sekolah
-6.484,106.642,sekolah
-6.5005614,106.6314771,sekolah
-6.4695,106.6212,sekolah
-6.4822,106.6103,sekolah
-6.4842,106.6374,sekolah
-6.4747,106.6307,sekolah
-6.4834,106.8797,sekolah
-6.4752,106.8821,sekolah
-6.4837,106.8795,sekolah
-6.4763,106.8824,sekolah
-6.4842391,106.8776842,sekolah
-6.4827,106.881,sekolah
-6.4836,106.8795,sekolah
-6.4836,106.8794,sekolah
-6.4691,106.8844,sekolah
-6.486,106.8816,sekolah
-6.4751,106.8821,sekolah
-6.4836258,106.8785945,sekolah
-6.4838046,106.8782074,sekolah
-6.4785,106.8754,sekolah
-6.476,106.8724,sekolah
-6.4756,106.8728,sekolah
-6.4739,106.8728,sekolah
-6.4728,106.8736,sekolah
-6.4741,106.8727,sekolah
-6.473,106.8737,sekolah
-6.4761,106.8725,sekolah
-6.4746,106.873,sekolah
-6.626,106.7193,sekolah
-6.6302,106.7165,sekolah
-6.6164,106.7151,sekolah
-6.653,106.6125,sekolah
-6.651,106.6262,sekolah
-6.66,106.6088,sekolah
-6.6512,106.6262,sekolah
-6.6551,106.6227,sekolah
-6.6513,106.6229,sekolah
-6.6471,106.6039,sekolah
-6.6682,106.6055,sekolah
-6.7378,106.6189,sekolah
-6.7123,106.6408,sekolah
-6.6898,106.6457,sekolah
-6.708444,106.653655,sekolah
-6.7192,106.6005,sekolah
-6.6673,106.6156,sekolah
-6.6729,106.6052,sekolah
-6.7227,106.6044,sekolah
-6.6514691,106.6276456,sekolah
-6.6624,106.6106,sekolah
-6.6479,106.629,sekolah
-6.6704,106.6088,sekolah
-6.7191,106.6001,sekolah
-6.6856,106.6191,sekolah
-6.6703,106.609,sekolah
-6.5444,107.0103,sekolah
-6.546173,107.006188,sekolah
-6.5472,107.0233,sekolah
-6.5429,107.0134,sekolah
-6.6377413,106.7343777,sekolah
-6.6443,106.7381,sekolah
-6.492,107.1687,sekolah
-6.4906,107.1535,sekolah
-6.4922,107.1577,sekolah
-6.4982,107.1517,sekolah
-6.6468,106.7282,sekolah
-6.6317,106.7205,sekolah
-6.6511202,106.7265411,sekolah
-6.6437,106.7278,sekolah
-6.645,106.7278,sekolah
-6.6525,106.7259,sekolah
-6.6561,106.7295,sekolah
-6.6351,106.7195,sekolah
-6.659676,106.727719,sekolah
-6.5058,106.8781,sekolah
-6.5077,106.8806,sekolah
-6.508,106.8807,sekolah
-6.514,106.8901,sekolah
-6.5051683,106.807465,sekolah
-6.4682,106.8149,sekolah
-6.4778,106.8189,sekolah
-6.5063,106.8118,sekolah
-6.4792067,106.8183933,sekolah
-6.502195,106.8107717,sekolah
-6.5053,106.8073,sekolah
-6.506315,106.8061567,sekolah
-6.5003067,106.81594,sekolah
-6.48104,106.8175217,sekolah
-6.480565,106.8182383,sekolah
-6.499296,106.810747,sekolah
-6.5073,106.8106,sekolah
-6.469,106.8174,sekolah
-6.4996,106.8042,sekolah
-6.50216,106.8104583,sekolah
-6.5031,106.8034,sekolah
-6.6577,106.7692,sekolah
-6.6579,106.769,sekolah
-6.6579,106.7711,sekolah
-6.6673,106.7797,sekolah
-6.66,106.7709,sekolah
-6.6044,106.7498,sekolah
-6.6014,106.7508,sekolah
-6.6184,106.7396,sekolah
-6.6048,106.7497,sekolah
-6.6042,106.7491,sekolah
-6.5955,106.6543,sekolah
-6.5965,106.66,sekolah
-6.605,106.6544,sekolah
-6.6048,106.6546,sekolah
-6.5955,106.6544,sekolah
-6.6049,106.6544,sekolah
-6.600948,106.647318,sekolah
-6.6049,106.6586,sekolah
-6.6194,107.1575,sekolah
-6.6173,107.1566,sekolah
-6.6428,107.1674,sekolah
-6.6444,106.7662,sekolah
-6.6424,106.7721,sekolah
-6.626,106.7705,sekolah
-6.6411,106.769,sekolah
-6.6443,106.7664,sekolah
-6.6423,106.7723,sekolah
-6.63,106.7754,sekolah
-6.6444,106.766,sekolah
-6.635,106.769,sekolah
-6.6344,106.7733,sekolah
-6.596,107.0221,sekolah
-6.6072,107.0017,sekolah
-6.6231,107.0054,sekolah
-6.5987,107.017,sekolah
-6.5987,107.0171,sekolah
-6.5824,106.5067,sekolah
-6.57,106.4966,sekolah
-6.577,106.5039,sekolah
-6.5796902,106.507952,sekolah
-6.4776,107.0774,sekolah
-6.4726,107.0902,sekolah
-6.490837,107.005829,sekolah
-6.4546,107.0145,sekolah
-6.4861,107.022,sekolah
-6.4482,107.0286,sekolah
-6.452,107.0225,sekolah
-6.5083,107.0195,sekolah
-6.4814,107.028,sekolah
-6.4698,107.0201,sekolah
-6.491977,107.009213,sekolah
-6.4872,107.0233,sekolah
-6.4807,107.0281,sekolah
-6.4793,106.4811,sekolah
-6.4842,106.4776,sekolah
-6.4803,106.4826,sekolah
-6.4952,106.4809,sekolah
-6.494416,106.482979,sekolah
-6.3465,106.4386,sekolah
-6.3461,106.4378,sekolah
-6.468107,107.0600746,sekolah
-6.4823287,107.050605,sekolah
-6.4722,107.0501,sekolah
-6.4906,107.0421,sekolah
-6.4785,107.0467,sekolah
-6.46,107.0495,sekolah
-6.4681,107.0557,sekolah
-6.4795,107.0511,sekolah
-6.4563,107.0315,sekolah
-6.4685,107.0451,sekolah
-6.5776,106.7295,sekolah
-6.5823,106.7327,sekolah
-6.5761,106.7319,sekolah
-6.5873,106.7353,sekolah
-6.5785,106.73,sekolah
-6.3225,106.4724,sekolah
-6.314922,106.468468,sekolah
-6.314944,106.468461,sekolah
-6.3224,106.4725,sekolah
-6.3146,106.4686,sekolah
-6.531,107.0586,sekolah
-6.6896199,106.8999747,sekolah
-6.6896,106.902,sekolah
-6.6894,106.9021,sekolah
-6.6913,106.902,sekolah
-6.6917,106.9019,sekolah
-6.5923,106.5191,sekolah
-6.5828,106.5277,sekolah
-6.5826,106.5277,sekolah
-6.5927,106.5192,sekolah
-6.5818,106.524,sekolah
-6.586699,106.533168,sekolah
-6.5935,107.1317,sekolah
-6.589,107.1217,sekolah
-6.5904,107.1305,sekolah
-6.5252068,107.0380907,sekolah
-6.5205,107.0467,sekolah
-6.5291,107.0365,sekolah
-6.526168,107.036645,sekolah
-6.5203,107.0473,sekolah
-6.5186,107.0467,sekolah
-6.6108,106.8368,sekolah
-6.5892,106.8391,sekolah
-6.6099,106.837,sekolah
-6.6102,106.8364,sekolah
-6.3622,106.648,sekolah
-6.3787,106.6329,sekolah
-6.366,106.6169,sekolah
-6.3828,106.6395,sekolah
-6.3833,106.6422,sekolah
-6.3723,106.6438,sekolah
-6.3829,106.6315,sekolah
-6.3682,106.6352,sekolah
-6.5691,106.49,sekolah
-6.5836,106.4854,sekolah
-6.5842,106.478,sekolah
-6.5969,106.9844,sekolah
-6.5734,106.9989,sekolah
-6.5898,106.9868,sekolah
-6.5778,107.0073,sekolah
-6.5779,107.0055,sekolah
-6.4996,106.5695,sekolah
-6.4988,106.5953,sekolah
-6.495234,106.5864948,sekolah
-6.6512,106.7624,sekolah
-6.6408,106.7776,sekolah
-6.6392,106.7779,sekolah
-6.6455,106.7732,sekolah
-6.6391,106.7775,sekolah
-6.6534,106.7676,sekolah
-6.6424513,106.7725135,sekolah
-6.6483,106.7732,sekolah
-6.6469,106.7802,sekolah
-6.6533,106.7684,sekolah
-6.6547436,106.767743,sekolah
-6.5262,106.5993,sekolah
-6.526,106.5993,sekolah
-6.5268,106.5778,sekolah
-6.5356,106.5749,sekolah
-6.5695,107.145,sekolah
-6.5616,107.1537,sekolah
-6.5523,107.1419,sekolah
-6.5521,107.1419,sekolah
-6.6897,106.894,sekolah
-6.6832,106.8973,sekolah
-6.6925,106.8888,sekolah
-6.6892,106.9005,sekolah
-6.691,106.8927,sekolah
-6.531687,106.743627,sekolah
-6.5238,106.7367,sekolah
-6.5339,106.7437,sekolah
-6.5377,106.7421,sekolah
-6.5236,106.7366,sekolah
-6.5316662,106.7434506,sekolah
-6.531352,106.744811,sekolah
-6.539,106.7419,sekolah
-6.5280216,106.7430609,sekolah
-6.5275,106.7402,sekolah
-6.5346,106.7307,sekolah
-6.5314,106.7269,sekolah
-6.5391,106.737,sekolah
-6.5393,106.7371,sekolah
-6.5392,106.7374,sekolah
-6.5357,106.73,sekolah
-6.533336,106.739703,sekolah
-6.5391,106.7369,sekolah
-6.532512,106.737626,sekolah
-6.5389,106.7369,sekolah
-6.616,106.7532,sekolah
-6.6134,106.7511,sekolah
-6.6102,106.7534,sekolah
-6.6026,106.7516,sekolah
-6.6411371,106.5658434,sekolah
-6.6434,106.5666,sekolah
-6.677,106.5715,sekolah
-6.6132,106.5515,sekolah
-6.6332,106.576,sekolah
-6.7207,106.5449,sekolah
-6.6433,106.5667,sekolah
-6.649,106.568,sekolah
-6.6407,106.5686,sekolah
-6.6395,106.5703,sekolah
-6.4389,107.0549,sekolah
-6.4486,107.0752,sekolah
-6.4471,107.0657,sekolah
-6.4389,107.0553,sekolah
-6.4465,107.0655,sekolah
-6.4465,107.0605,sekolah
-6.6794,106.8652,sekolah
-6.6779,106.8646,sekolah
-6.6814,106.8714,sekolah
-6.6831,106.8721,sekolah
-6.6832,106.872,sekolah
-6.6807,106.8646,sekolah
-6.6784,106.8645,sekolah
-6.4661,106.9095,sekolah
-6.4653,106.9058,sekolah
-6.4650939,106.9060416,sekolah
-6.5622,106.9988,sekolah
-6.5644,106.9963,sekolah
-6.5719,106.9912,sekolah
-6.677,106.8579,sekolah
-6.6753,106.8589,sekolah
-6.6761,106.8587,sekolah
-6.6772,106.8603,sekolah
-6.6844,106.8632,sekolah
-6.6762,106.8612,sekolah
-6.6687,106.8567,sekolah
-6.678,106.8882,sekolah
-6.6752,106.8887,sekolah
-6.6848,106.8845,sekolah
-6.4436,106.5209,sekolah
-6.4299,106.5455,sekolah
-6.4392,106.5203,sekolah
-6.4525,106.537,sekolah
-6.4609,106.5411,sekolah
-6.43,106.5455,sekolah
-6.443,106.5404,sekolah
-6.5939,106.653,sekolah
-6.5832,106.6567,sekolah
-6.5824,106.6555,sekolah
-6.5901,106.6527,sekolah
-6.5861025,106.652105,sekolah
-6.5152,107.0843,sekolah
-6.5134,107.0868,sekolah
-6.5171,107.0694,sekolah
-6.5119,107.0863,sekolah
-6.5115,107.0703,sekolah
-6.5497,106.5051,sekolah
-6.5564,106.5158,sekolah
-6.5488,106.5149,sekolah
-6.5624,106.5215,sekolah
-6.545244,106.515623,sekolah
-6.4773,107.1474,sekolah
-6.4963,107.1359,sekolah
-6.4951,107.134,sekolah
-6.4875,107.1425,sekolah
-6.4737,107.1336,sekolah
-6.4775,107.1473,sekolah
-6.6717,106.8799,sekolah
-6.6753,106.879,sekolah
-6.4183,106.4563,sekolah
-6.4225,106.4564,sekolah
-6.4248,106.4579,sekolah
-6.4186,106.4603,sekolah
-6.4405,106.4507,sekolah
-6.4411,107.0444,sekolah
-6.4526,107.0602,sekolah
-6.4471,107.0385,sekolah
-6.4482,107.0375,sekolah
-6.4441,107.0545,sekolah
-6.4592,107.0584,sekolah
-6.4536,107.0539,sekolah
-6.4530341,107.0416143,sekolah
-6.4556,107.0619,sekolah
-6.461967,107.062192,sekolah
-6.453,107.0417,sekolah
-6.463,107.0594,sekolah
-6.4518,107.0623,sekolah
-6.4632,107.0626,sekolah
-6.4449,107.0375,sekolah
-6.4558,107.0618,sekolah
-6.4528,107.0417,sekolah
-6.4446,107.0407,sekolah
-6.4393,107.0495,sekolah
-6.5998,106.5663,sekolah
-6.5855,106.5714,sekolah
-6.6001,106.5698,sekolah
-6.6455,106.7394,sekolah
-6.646224,106.739673,sekolah
-6.6518,106.7394,sekolah
-6.6391,106.7434,sekolah
-6.6389,106.743,sekolah
-6.5688,106.5766,sekolah
-6.5762,106.5866,sekolah
-6.5713207,106.5831206,sekolah
-6.5683,106.5831,sekolah
-6.5685,106.5831,sekolah
-6.5699,106.5896,sekolah
-6.4646,106.6868,sekolah
-6.460527,106.6977716,sekolah
-6.4664,106.7115,sekolah
-6.4704243,106.7037038,sekolah
-6.462,106.6982,sekolah
-6.4623,106.6988,sekolah
-6.4615,106.69,sekolah
-6.4621,106.6989,sekolah
-6.4723,106.7104,sekolah
-6.472052,106.7062056,sekolah
-6.4687,106.7116,sekolah
-6.4721,106.7058,sekolah
-6.4721,106.7056,sekolah
-6.5925,106.5135,sekolah
-6.5928,106.5187,sekolah
-6.5724,106.8645,sekolah
-6.5696,106.8652,sekolah
-6.5624,106.8722,sekolah
-6.564,106.8642,sekolah
-6.5593,106.8651,sekolah
-6.5689,106.866,sekolah
-6.5698,106.8665,sekolah
-6.6758,106.9,sekolah
-6.6858,106.901,sekolah
-6.6735,106.8971,sekolah
-6.6856,106.9011,sekolah
-6.348,106.4638,sekolah
-6.3562467,106.4791993,sekolah
-6.383703,106.486888,sekolah
-6.3567,106.4788,sekolah
-6.3543,106.4628,sekolah
-6.3535,106.4818,sekolah
-6.3559381,106.479412,sekolah
-6.3584162,106.4873336,sekolah
-6.5627,106.7317,sekolah
-6.5578,106.7353,sekolah
-6.556,106.7278,sekolah
-6.5583,106.7352,sekolah
-6.553243,106.733542,sekolah
-6.5595,106.7278,sekolah
-6.652759,106.703578,sekolah
-6.6523,106.6963,sekolah
-6.6429,106.6939,sekolah
-6.6605,106.7,sekolah
-6.6508,106.698,sekolah
-6.6613,106.6951,sekolah
-6.6621,106.7013,sekolah
-6.6621,106.7014,sekolah
-6.4634,106.5288,sekolah
-6.4523221,106.5118763,sekolah
-6.4546,106.5146,sekolah
-6.4859,106.508,sekolah
-6.4697,106.5005,sekolah
-6.4635,106.4883,sekolah
-6.4569,106.479,sekolah
-6.61,107.1382,sekolah
-6.5487,106.7622,sekolah
-6.5405,106.7622,sekolah
-6.5399,106.7615,sekolah
-6.5395,106.761,sekolah
-6.4155,106.4868,sekolah
-6.3888,106.5125,sekolah
-6.3965475,106.4976598,sekolah
-6.4043,106.4981,sekolah
-6.3964,106.506,sekolah
-6.3997,106.5051,sekolah
-6.3955,106.5061,sekolah
-6.5844,107.1457,sekolah
-6.5734,107.1415,sekolah
-6.5798,107.1317,sekolah
-6.5836,107.1462,sekolah
-6.5889,107.1486,sekolah
-6.5841,107.1454,sekolah
-6.5761,107.1534,sekolah
-6.5874,107.1571,sekolah
-6.5947,107.164,sekolah
-6.5697624,107.1551055,sekolah
-6.6722,106.7962,sekolah
-6.6772,106.7934,sekolah
-6.6669,106.7939,sekolah
-6.6665,106.7946,sekolah
-6.7368,106.8454,sekolah
-6.7338,106.8337,sekolah
-6.4383,106.7008,sekolah
-6.4384,106.7007,sekolah
-6.4311,106.7057,sekolah
-6.4351,106.6969,sekolah
-6.432779,106.706293,sekolah
-6.4355,106.6953,sekolah
-6.4377,106.7006,sekolah
-6.655,106.7484,sekolah
-6.66761,106.741019,sekolah
-6.6606,106.7442,sekolah
-6.6585,106.7531,sekolah
-6.6592,106.7356,sekolah
-6.6445,106.7642,sekolah
-6.6444,106.7644,sekolah
-6.658,106.7539,sekolah
-6.661321,106.7468667,sekolah
-6.6607,106.7449,sekolah
-6.6476,106.7586,sekolah
-6.650197,106.761461,sekolah
-6.5682,106.7073,sekolah
-6.5634,106.7058,sekolah
-6.5779,106.7066,sekolah
-6.5811529,106.7138406,sekolah
-6.4886,106.8016,sekolah
-6.4922,106.8041,sekolah
-6.4803,106.7962,sekolah
-6.492278,106.803457,sekolah
-6.492,106.8044,sekolah
-6.4922,106.8044,sekolah
-6.4032,106.6134,sekolah
-6.4085,106.6415,sekolah
-6.3931,106.6344,sekolah
-6.4003,106.6417,sekolah
-6.4004,106.6269,sekolah
-6.3908,106.6327,sekolah
-6.481,106.8017,sekolah
-6.4703,106.8121,sekolah
-6.4789,106.8069,sekolah
-6.4792,106.8063,sekolah
-6.481,106.8093,sekolah
-6.4794,106.8069,sekolah
-6.4681,106.8073,sekolah
-6.476962,106.80561,sekolah
-6.4797,106.8021,sekolah
-6.4737,106.8151,sekolah
-6.4757,106.8116,sekolah
-6.4692,106.8107,sekolah
-6.6756,106.7857,sekolah
-6.6582,106.7907,sekolah
-6.6728,106.7809,sekolah
-6.6652,106.7857,sekolah
-6.4808,106.7585,sekolah
-6.4856,106.7689,sekolah
-6.4749,106.7582,sekolah
-6.4904,106.7717,sekolah
-6.4796857,106.7597273,sekolah
-6.4714,106.7654,sekolah
-6.4931,106.7727,sekolah
-6.478038,106.759216,sekolah
-6.4928,106.7731,sekolah
-6.4802,106.7576,sekolah
-6.484,106.7705,sekolah
-6.4859,106.7699,sekolah
-6.4939,106.7728,sekolah
-6.4748,106.758,sekolah
-6.4766,106.7569,sekolah
-6.4769,106.7531,sekolah
-6.4603,106.7479,sekolah
-6.4841,106.7585,sekolah
-6.4761,106.7637,sekolah
-6.4647,106.7935,sekolah
-6.4698,106.7875,sekolah
-6.4635,106.787,sekolah
-6.4853,106.7906,sekolah
-6.4752,106.79,sekolah
-6.4747,106.7897,sekolah
-6.4856,106.7906,sekolah
-6.4747,106.7899,sekolah
-6.5172,106.9108,sekolah
-6.5167,106.9061,sekolah
-6.5308,106.9315,sekolah
-6.5183,106.9006,sekolah
-6.5185,106.9096,sekolah
-6.5543,106.9335,sekolah
-6.5192,106.9014,sekolah
-6.518,106.9111,sekolah
-6.5279107,106.9282053,sekolah
-6.7043,106.8996,sekolah
-6.7128,106.9071,sekolah
-6.695313,106.889933,sekolah
-6.5821,106.8894,sekolah
-6.5682,106.875,sekolah
-6.5763,106.8878,sekolah
-6.579817,106.889096,sekolah
-6.5656,106.8682,sekolah
-6.4267,106.915,sekolah
-6.4416,106.8942,sekolah
-6.6168,106.9019,sekolah
-6.5877,106.8866,sekolah
-6.4827,106.7799,sekolah
-6.47718,106.779656,sekolah
-6.4739,106.7782,sekolah
-6.4748,106.7786,sekolah
-6.3137,106.9756,sekolah
-6.3136,106.9759,sekolah
-6.3335,106.9648,sekolah
-6.3091,106.9687,sekolah
-6.3256,106.9701,sekolah
-6.3332,106.9648,sekolah
-6.3089,106.9719,sekolah
-6.3243,106.9717,sekolah
-6.3311,106.9715,sekolah
-6.3168,106.9686,sekolah
-6.3305,106.9682,sekolah
-6.3241,106.9668,sekolah
-6.3087,106.9691,sekolah
-6.3211,106.9692,sekolah
-6.3313,106.9718,sekolah
-6.3084,106.9719,sekolah
-6.329,106.9727,sekolah
-6.3135,106.9758,sekolah
-6.3196,106.969,sekolah
-6.3313,106.9717,sekolah
-6.3304,106.9633,sekolah
-6.321807,106.972979,sekolah
-6.3099455,106.9696169,sekolah
-6.319866,106.966096,sekolah
-6.3241,106.9761,sekolah
-6.3142,106.9688,sekolah
-6.3168,106.9709,sekolah
-6.386,106.4427,sekolah
-6.3827,106.44,sekolah
-6.3825,106.4398,sekolah
-6.3819,106.4394,sekolah
-6.3752,106.4385,sekolah
-6.6558,107.0826,sekolah
-6.6543,107.0869,sekolah
-6.6468,107.0476,sekolah
-6.6489,107.0311,sekolah
-6.6492,107.0509,sekolah
-6.6499,107.0706,sekolah
-6.6448,107.0244,sekolah
-6.6651,107.0154,sekolah
-6.6492,107.0596,sekolah
-6.444039,107.01017,sekolah
-6.4445,107.0025,sekolah
-6.4446,107.0025,sekolah
-6.4446,107.0021,sekolah
-6.4608208,106.990336,sekolah
-6.438258,107.020849,sekolah
-6.4443,107.0105,sekolah
-6.4446,107.0132,sekolah
-6.4442,107.0088,sekolah
-6.4487,106.9995,sekolah
-6.5982,106.7344,sekolah
-6.6078,106.7347,sekolah
-6.6015,106.7414,sekolah
-6.6844,106.8443,sekolah
-6.6816,106.8444,sekolah
-6.6833,106.8404,sekolah
-6.6814,106.8445,sekolah
-6.6818,106.8449,sekolah
-6.5361,106.7508,sekolah
-6.531,106.7497,sekolah
-6.5270841,106.7547928,sekolah
-6.5305,106.7482,sekolah
-6.531,106.7495,sekolah
-6.5208,106.7483,sekolah
-6.5283,106.7558,sekolah
-6.5529,106.6983,sekolah
-6.5485,106.706,sekolah
-6.5469,106.6986,sekolah
-6.5527,106.6976,sekolah
-6.6168,106.838,sekolah
-6.5002,107.0951,sekolah
-6.4984,107.0839,sekolah
-6.5031595,107.0804213,sekolah
-6.4822238,107.0886708,sekolah
-6.4817,107.0887,sekolah
-6.5028007,107.0805465,sekolah
-6.4997,107.0866,sekolah
-6.502,107.0845,sekolah
-6.6623,106.8533,sekolah
-6.6622,106.8536,sekolah
-6.6681,106.8654,sekolah
-6.6616,106.853,sekolah
-6.6618,106.8529,sekolah
-6.66532,106.863933,sekolah
-6.6626,106.8551,sekolah
-6.4878,107.0543,sekolah
-6.5076,107.0473,sekolah
-6.4817,107.0598,sekolah
-6.5008,107.0466,sekolah
-6.5025,107.0469,sekolah
-6.4881,107.0572,sekolah
-6.5028,107.0477,sekolah
-6.4856,107.0628,sekolah
-6.4989,107.0569,sekolah
-6.4844276,107.0594252,sekolah
-6.490167,107.062674,sekolah
-6.484551,107.057551,sekolah
-6.4902,107.0627,sekolah
-6.4825,107.0603,sekolah
-6.6213,106.7542,sekolah
-6.6448,106.7497,sekolah
-6.6377,106.7491,sekolah
-6.6278,106.7533,sekolah
-6.6393,106.7486,sekolah
-6.637,106.7544,sekolah
-6.4168,106.61,sekolah
-6.4127096,106.6242746,sekolah
-6.4159,106.6114,sekolah
-6.4191,106.6423,sekolah
-6.4192,106.6415,sekolah
-6.4228,106.6512,sekolah
-6.4257,106.634,sekolah
-6.4264,106.5998,sekolah
-6.4179,106.6258,sekolah
-6.4254,106.5899,sekolah
-6.4314,106.5818,sekolah
-6.4297,106.5754,sekolah
-6.4322,106.5786,sekolah
-6.4338,106.5912,sekolah
-6.4253,106.5906,sekolah
-6.6775,106.9473,sekolah
-6.3585,106.4983,sekolah
-6.359494,106.5003319,sekolah
-6.3734,106.512,sekolah
-6.3618,106.519,sekolah
-6.3554398,106.5088952,sekolah
-6.3569,106.5139,sekolah
-6.4238,107.0057,sekolah
-6.4363,106.9948,sekolah
-6.4217,107.0044,sekolah
-6.4364,106.9949,sekolah
-6.4237,107.0057,sekolah
-6.4357,106.9911,sekolah
-6.4322,107.0041,sekolah
-6.4218,106.999,sekolah
-6.424575,107.004035,sekolah
-6.425567,106.996124,sekolah
-6.5681,106.5579,sekolah
-6.5682,106.5578,sekolah
-6.5681,106.5586,sekolah
-6.5666,106.5593,sekolah
-6.5666,106.5595,sekolah
-6.4307,106.4975,sekolah
-6.4265,106.4747,sekolah
-6.4375,106.4929,sekolah
-6.4307,106.4976,sekolah
-6.442,106.4772,sekolah
-6.6774,106.5309,sekolah
-6.7288,106.5145,sekolah
-6.6752,106.5423,sekolah
-6.664,106.5153,sekolah
-6.7576,106.8492,sekolah
-6.7468,106.825,sekolah
-6.7445,106.8357,sekolah
-6.4909,106.914,sekolah
-6.4937,106.9152,sekolah
-6.4854,106.9114,sekolah
-6.492064,106.917112,sekolah
-6.49,106.9168,sekolah
-6.5012,106.9152,sekolah
-6.4871,106.921,sekolah
-6.4869,106.5494,sekolah
-6.5242,106.5509,sekolah
-6.3507714,106.55186,sekolah
-6.3546,106.5358,sekolah
-6.3778,106.549,sekolah
-6.3508,106.552,sekolah
-6.3563297,106.5559583,sekolah
-6.3508,106.5596,sekolah
-6.3628604,106.5350783,sekolah
-6.3696,106.5475,sekolah
-6.36,106.5536,sekolah
-6.5901031,106.6307086,sekolah
-6.6007,106.632,sekolah
-6.592855,106.634198,sekolah
-6.5907,106.6295,sekolah
-6.6051,106.6391,sekolah
-6.5981,106.6406,sekolah
-6.6026,106.6255,sekolah
-6.5934,106.6345,sekolah
-6.598,106.6411,sekolah
-6.591,106.6344,sekolah
-6.486941,106.99487,sekolah
-6.4863,106.9896,sekolah
-6.3614,106.9756,sekolah
-6.3648,106.9744,sekolah
-6.3645,106.9743,sekolah
-6.3585,106.9708,sekolah
-6.3753,106.9676,sekolah
-6.3947,106.962,sekolah
-6.3659,106.9752,sekolah
-6.3952,106.9692,sekolah
-6.3603,106.9783,sekolah
-6.3933,106.974,sekolah
-6.3934,106.974,sekolah
-6.3950571,106.9718632,sekolah
-6.375,106.9698,sekolah
-6.3657641,106.9782979,sekolah
-6.3736,106.9669,sekolah
-6.5153,106.8636,sekolah
-6.5124,106.8593,sekolah
-6.5111,106.8669,sekolah
-6.5743,106.5985,sekolah
-6.575012,106.599333,sekolah
-6.5901,106.608,sekolah
-6.5694,106.6108,sekolah
-6.5918,106.595,sekolah
-6.601,106.603,sekolah
-6.609,106.5947,sekolah
-6.5654,106.6149,sekolah
-6.5607,106.6137,sekolah
-6.5659,106.6126,sekolah
-6.5712,106.6065,sekolah
-6.5746,106.5992,sekolah
-6.5818,106.601,sekolah
-6.5632,106.6128,sekolah
-6.594985,106.606312,sekolah
-6.5917,106.6065,sekolah
-6.5749,106.6381,sekolah
-6.5755,106.6334,sekolah
-6.5825219,106.6340897,sekolah
-6.5859,106.6308,sekolah
-6.5875,106.6345,sekolah
-6.5765,106.6325,sekolah
-6.5768,106.633,sekolah
-6.5777,106.6374,sekolah
-6.5874,106.6277,sekolah
-6.5703,106.6342,sekolah
-6.5641,106.6217,sekolah
-6.563,106.6313,sekolah
-6.5625,106.6249,sekolah
-6.5618,106.6316,sekolah
-6.5692,106.6266,sekolah
-6.5661,106.6271,sekolah
-6.5751,106.6343,sekolah
-6.5744,106.6344,sekolah
-6.5744,106.6343,sekolah
-6.568,106.635,sekolah
-6.5676,106.6269,sekolah
-6.5676,106.6266,sekolah
-6.5721,106.6293,sekolah
-6.5695,106.6266,sekolah
-6.6629,106.9257,sekolah
-6.6661,106.926,sekolah
-6.6667,106.9256,sekolah
-6.6624,106.9221,sekolah
-6.6669,106.9274,sekolah
-6.526,106.6324,sekolah
-6.55,106.6138,sekolah
-6.55,106.6137,sekolah
-6.5442,106.6327,sekolah
-6.5225,106.6366,sekolah
-6.5248,106.6319,sekolah
-6.5495,106.6131,sekolah
-6.5223,106.6218,sekolah
-6.5394,106.6087,sekolah
-6.5156,106.9216,sekolah
-6.5177,106.9203,sekolah
-6.7109,106.8384,sekolah
-6.7248,106.846,sekolah
-6.7184,106.8294,sekolah
-6.7337,106.8658,sekolah
-6.7111,106.8384,sekolah
-6.7248,106.8459,sekolah
-6.7081,106.8377,sekolah
-6.7041,106.8349,sekolah
-6.7328,106.8658,sekolah
-6.7247,106.8459,sekolah
-6.7188,106.8296,sekolah
-6.7078342,106.837565,sekolah
-6.7094,106.8379,sekolah
-6.5588,106.6828,sekolah
-6.5654,106.6742,sekolah
-6.5654,106.6717,sekolah
-6.5665,106.672,sekolah
-6.5668,106.6721,sekolah
-6.5611,106.6815,sekolah
-6.5634,106.6748,sekolah
-6.5611,106.6771,sekolah
-6.5624,106.6723,sekolah
-6.582953,106.752192,sekolah
-6.5791,106.7546,sekolah
-6.5859,106.7588,sekolah
-6.5821,106.755,sekolah
-6.5894,106.7529,sekolah
-6.5841,106.7589,sekolah
-6.5012,107.1625,sekolah
-6.5109,107.1428,sekolah
-6.6916,106.9135,sekolah
-6.6932,106.9226,sekolah
-6.6825,106.9158,sekolah
-6.431407,106.6678363,sekolah
-6.431,106.6675,sekolah
-6.4197,106.6568,sekolah
-6.4294,106.6663,sekolah
-6.4241,106.6572,sekolah
-6.4207,106.6729,sekolah
-6.6674,106.9223,sekolah
-6.6556,106.9021,sekolah
-6.67,106.9261,sekolah
-6.6614,106.9058,sekolah
-6.661616,106.908071,sekolah
-6.6733,106.919,sekolah
-6.6706,106.9172,sekolah
-6.6705,106.9164,sekolah
-6.6737,106.9264,sekolah
-6.6590172,106.9118472,sekolah
-6.6768095,106.9158656,sekolah
-6.6785,106.9175,sekolah
-6.6197,106.7842,sekolah
-6.6374,106.7788,sekolah
-6.6186,106.7836,sekolah
-6.6189,106.7836,sekolah
-6.63,106.7793,sekolah
-6.6192,106.7843,sekolah
-6.6195,106.7841,sekolah
-6.6304,106.7803,sekolah
-6.6302,106.7796,sekolah
-6.6194,106.7841,sekolah
-6.632,106.785,sekolah
-6.6238,106.7764,sekolah
-6.6235,106.7859,sekolah
-6.6324,106.7848,sekolah
-6.635,106.7765,sekolah
-6.4384,106.4598,sekolah
-6.4509,106.4437,sekolah
-6.5864,106.7281,sekolah
-6.5794,106.7251,sekolah
-6.587,106.7253,sekolah
-6.5784,106.7256,sekolah
-6.5784,106.7259,sekolah
-6.6249,106.5248,sekolah
-6.6055,106.5302,sekolah
-6.6087,106.5374,sekolah
-6.6204,106.5139,sekolah
-6.6081,106.5363,sekolah
-6.6155,106.526,sekolah
-6.6055,106.5403,sekolah
-6.6074,106.537,sekolah
-6.508,106.836,sekolah
-6.5161858,106.8307986,sekolah
-6.507718,106.820505,sekolah
-6.5134,106.8392,sekolah
-6.5114927,106.8325843,sekolah
-6.5168742,106.8259143,sekolah
-6.510813,106.823105,sekolah
-6.504633,106.827938,sekolah
-6.499812,106.8365133,sekolah
-6.50773,106.8427983,sekolah
-6.50676,106.8470017,sekolah
-6.5007,106.8342,sekolah
-6.5026,106.8482,sekolah
-6.5072345,106.8427984,sekolah
-6.5105467,106.8455717,sekolah
-6.5018,106.8335,sekolah
-6.4617,106.7807,sekolah
-6.4619,106.7806,sekolah
-6.4618,106.7791,sekolah
-6.464736,106.775282,sekolah
-6.465,106.9128,sekolah
-6.4681,106.9245,sekolah
-6.4617,106.9261,sekolah
-6.4651,106.9143,sekolah
-6.46,106.9279,sekolah
-6.4662,106.9116,sekolah
-6.5988,106.8435,sekolah
-6.6048,106.8463,sekolah
-6.6154,106.8541,sekolah
-6.6066,106.8492,sekolah
-6.5984,106.8437,sekolah
-6.6047,106.8462,sekolah
-6.3865,106.9393,sekolah
-6.3823,106.9408,sekolah
-6.3824,106.9375,sekolah
-6.3878,106.9387,sekolah
-6.3873,106.9561,sekolah
-6.3812,106.9441,sekolah
-6.3901924,106.9362232,sekolah
-6.3858,106.9469,sekolah
-6.3889,106.9438,sekolah
-6.384,106.9422,sekolah
-6.3973,106.9463,sekolah
-6.3776,106.951,sekolah
-6.3924,106.938,sekolah
-6.390438,106.9363842,sekolah
-6.3978,106.9477,sekolah
-6.3997,106.9474,sekolah
-6.3895,106.9487,sekolah
-6.3874,106.9556,sekolah
-6.3878,106.9385,sekolah
-6.3895,106.9438,sekolah
-6.3809,106.9442,sekolah
-6.3862,106.9462,sekolah
-6.5341,107.1084,sekolah
-6.5301,107.1046,sekolah
-6.5208,107.1191,sekolah
-6.7234,106.8179,sekolah
-6.719,106.8165,sekolah
-6.723533,106.817599,sekolah
-6.3833,106.6093,sekolah
-6.3677,106.6004,sekolah
-6.3884844,106.6064888,sekolah
-6.3883538,106.6071227,sekolah
-6.5096034,106.6893635,sekolah
-6.509,106.6926,sekolah
-6.5121,106.6874,sekolah
-6.4008,106.9997,sekolah
-6.4063,106.9973,sekolah
-6.4073,106.9851,sekolah
-6.400124,106.9976646,sekolah
-6.4068,106.9951,sekolah
-6.4096,106.9861,sekolah
-6.4063,106.997,sekolah
-6.4034,106.9873,sekolah
-6.408,106.9871,sekolah
-6.4092,106.9889,sekolah
-6.4007,106.9981,sekolah
-6.4076,106.9961,sekolah
-6.408,107.0048,sekolah
-6.3996,106.9973,sekolah
-6.6109,106.7799,sekolah
-6.6143,106.776,sekolah
-6.6082,106.7768,sekolah
-6.5359,106.6537,sekolah
-6.5302,106.6697,sekolah
-6.5371,106.648,sekolah
-6.535,106.6585,sekolah
-6.5037,106.506,sekolah
-6.5134,106.5167,sekolah
-6.5129,106.5023,sekolah
-6.5125,106.5005,sekolah
-6.5193,106.4996,sekolah
-6.5137,106.5199,sekolah
-6.51,106.5023,sekolah
-6.5192,106.4995,sekolah
-6.5218,106.512,sekolah
-6.6449,106.9184,sekolah
-6.6455,106.91,sekolah
-6.6453,106.9128,sekolah
-6.6414,106.9102,sekolah
-6.645,106.9128,sekolah
-6.4254,106.7272,sekolah
-6.4187,106.7337,sekolah
-6.4188,106.7335,sekolah
-6.429,106.7264,sekolah
-6.4196,106.7324,sekolah
-6.4197,106.7325,sekolah
-6.4199,106.7333,sekolah
-6.4428,106.6935,sekolah
-6.4571,106.6995,sekolah
-6.4426,106.6936,sekolah
-6.519878,106.75761,sekolah
-6.5199,106.7577,sekolah
-6.5233,106.7602,sekolah
-6.5237,106.7599,sekolah
-6.5211,106.7599,sekolah
-6.5236,106.7593,sekolah
-6.524,106.7602,sekolah
-6.5144,106.7632,sekolah
-6.5271275,106.7637256,sekolah
-6.5232,106.7596,sekolah
-6.5275,106.7607,sekolah
-6.5209,106.76,sekolah
-6.52834,106.763759,sekolah
-6.527,106.7633,sekolah
-6.512,106.767,sekolah
-6.5164436,106.7636224,sekolah
-6.5274,106.7605,sekolah
-6.5824,106.546,sekolah
-6.5867,106.543,sekolah
-6.5972,106.5395,sekolah
-6.6007,106.5323,sekolah
-6.5973,106.5399,sekolah
-6.4934883,106.8244167,sekolah
-6.4909811,106.8433308,sekolah
-6.4858,106.8336,sekolah
-6.4832733,106.8431783,sekolah
-6.491055,106.843365,sekolah
-6.4919,106.8323,sekolah
-6.4714935,106.8394925,sekolah
-6.4858167,106.8333267,sekolah
-6.4901,106.8288,sekolah
-6.6,106.7619,sekolah
-6.5896,106.7612,sekolah
-6.5985,106.7636,sekolah
-6.6,106.7585,sekolah
-6.5983,106.764,sekolah
-6.5971,106.7565,sekolah
-6.5965,106.7564,sekolah
-6.594,106.7638,sekolah
-6.6004,106.7656,sekolah
-6.6010891,106.7598545,sekolah
-6.5978,106.7596,sekolah
-6.5984,106.7625,sekolah
-6.5986,106.7588,sekolah
-6.3978,106.7125,sekolah
-6.396,106.703,sekolah
-6.3935449,106.7000806,sekolah
-6.3907141,106.6984792,sekolah
-6.3873,106.6988,sekolah
-6.4705783,106.8445867,sekolah
-6.4630133,106.85587,sekolah
-6.4681468,106.8483364,sekolah
-6.4629717,106.85575,sekolah
-6.4618,106.8524,sekolah
-6.4618133,106.85255,sekolah
-6.4713,106.8481,sekolah
-6.4619,106.8525,sekolah
-6.4634883,106.8549133,sekolah
-6.4641,106.8545,sekolah
-6.4741017,106.8461617,sekolah
-6.4589,106.8531,sekolah
-6.460645,106.8503317,sekolah
-6.4649,106.8526,sekolah
-6.47427,106.8469117,sekolah
-6.47192,106.8443917,sekolah
-6.45762,106.8460617,sekolah
-6.4748,106.846875,sekolah
-6.4687083,106.8494133,sekolah
-6.4625,106.8539,sekolah
-6.4688983,106.8472517,sekolah
-6.4553,106.8435,sekolah
-6.4746,106.8464,sekolah
-6.4537,106.8512,sekolah
-6.4614758,106.8499486,sekolah
-6.466,106.8477,sekolah
-6.4689,106.8472,sekolah
-6.4537983,106.8512183,sekolah
-6.451163,106.847254,sekolah
-6.4378,106.8514,sekolah
-6.4431917,106.8486617,sekolah
-6.4401983,106.8437417,sekolah
-6.449885,106.84593,sekolah
-6.43772,106.851385,sekolah
-6.4523,106.8452,sekolah
-6.448355,106.85,sekolah
-6.4444,106.848,sekolah
-6.4372,106.8493,sekolah
-6.436,106.8504,sekolah
-6.436151,106.8502902,sekolah
-6.4484,106.85,sekolah
-6.448,106.8501,sekolah
-6.4495,106.8463,sekolah
-6.5,106.7219,sekolah
-6.4996,106.7352,sekolah
-6.500077,106.739162,sekolah
-6.5097694,106.7267816,sekolah
-6.452,106.7987,sekolah
-6.4554,106.7971,sekolah
-6.46,106.7962,sekolah
-6.4609,106.7949,sekolah
-6.4601,106.7962,sekolah
-6.4548,106.792,sekolah
-6.4635,106.7963,sekolah
-6.4604,106.7956,sekolah
-6.457314,106.7915631,sekolah
-6.452,106.8019,sekolah
-6.4607,106.7975,sekolah
-6.4531,106.8003,sekolah
-6.4642,106.7983,sekolah
-6.4642,106.7984,sekolah
-6.4645,106.799,sekolah
-6.4607,106.7974,sekolah
-6.4671897,106.8029351,sekolah
-6.4644776,106.7957262,sekolah
-6.4533,106.8016,sekolah
-6.4725,106.8003,sekolah
-6.4613797,106.7961056,sekolah
-6.5605,106.9506,sekolah
-6.5574,106.9494,sekolah
-6.5388,106.9393,sekolah
-6.5563,106.9479,sekolah
-6.367,106.6776,sekolah
-6.3702,106.6745,sekolah
-6.3699,106.6746,sekolah
-6.3753,106.6804,sekolah
-6.3626,106.6746,sekolah
-6.376213,106.673597,sekolah
-6.3698116,106.65945,sekolah
-6.3637,106.677,sekolah
-6.376,106.6801,sekolah
-6.37,106.6649,sekolah
-6.3706,106.6632,sekolah
-6.6202,106.6013,sekolah
-6.614,106.6006,sekolah
-6.6321,106.5881,sekolah
-6.4897197,106.7299015,sekolah
-6.4901,106.7389,sekolah
-6.4903,106.7316,sekolah
-6.4904,106.7316,sekolah
-6.493,106.7422,sekolah
-6.49,106.7316,sekolah
-6.4896,106.7297,sekolah
-6.4904,106.7313,sekolah
-6.4902506,106.7313981,sekolah
-6.4948,106.7493,sekolah
-6.444685,106.8194483,sekolah
-6.4571167,106.8170283,sekolah
-6.4487,106.8201,sekolah
-6.446947,106.823429,sekolah
-6.462875,106.8249483,sekolah
-6.4627367,106.8248433,sekolah
-6.449355,106.8189633,sekolah
-6.5984,106.7272,sekolah
-6.6104,106.7281,sekolah
-6.6103,106.7281,sekolah
-6.6185,106.7248,sekolah
-6.5997,106.7177,sekolah
-6.625,106.7207,sekolah
-6.3698,106.5635,sekolah
-6.3703,106.5646,sekolah
-6.3756,106.5661,sekolah
-6.378607,106.567387,sekolah
-6.3837,106.5619,sekolah
-6.3731077,106.6953313,sekolah
-6.3597,106.6993,sekolah
-6.3614,106.6977,sekolah
-6.3779652,106.6868393,sekolah
-6.3672,106.695,sekolah
-6.3711,106.6883,sekolah
-6.361,106.6832,sekolah
-6.3596,106.6925,sekolah
-6.3596,106.6992,sekolah
-6.3602436,106.6990236,sekolah
-6.370695,106.697373,sekolah
-6.3771,106.6893,sekolah
-6.5551,106.8349,sekolah
-6.5428,106.8367,sekolah
-6.5444,106.8267,sekolah
-6.5482,106.8371,sekolah
-6.5442,106.8328,sekolah
-6.505535,106.894969,sekolah
-6.5059,106.8948,sekolah
-6.5037,106.897,sekolah
-6.5135,106.9,sekolah
-6.5425,106.7171,sekolah
-6.5401,106.7177,sekolah
-6.5399,106.7173,sekolah
-6.5378,106.7261,sekolah
-6.534,106.7205,sekolah
-6.5363264,106.7173003,sekolah
-6.722653,106.777146,sekolah
-6.7296,106.7778,sekolah
-6.7312488,106.783203,sekolah
-6.7294,106.7901,sekolah
-6.7295,106.799,sekolah
-6.7275,106.7914,sekolah
-6.7315,106.7866,sekolah
-6.7217,106.7771,sekolah
-6.731869,106.7878267,sekolah
-6.7285,106.7887,sekolah
-6.7322,106.7857,sekolah
-6.6442,106.7643,sekolah
-6.6291,106.7683,sekolah
-6.6422,106.7559,sekolah
-6.5951,107.1452,sekolah
-6.5992,107.149,sekolah
-6.5944,107.135,sekolah
-6.609,107.1486,sekolah
-6.3678,106.9889,sekolah
-6.3828523,106.9930945,sekolah
-6.3671,106.9886,sekolah
-6.369,106.9873,sekolah
-6.3673,106.9864,sekolah
-6.3679,106.9897,sekolah
-6.378,106.9968,sekolah
-6.373,106.9904,sekolah
-6.3878,106.9782,sekolah
-6.3906512,106.9788011,sekolah
-6.3748,106.9903,sekolah
-6.3777,106.9808,sekolah
-6.3730557,106.9831714,sekolah
-6.3669,106.9888,sekolah
-6.3638,106.9901,sekolah
-6.3786,106.9946,sekolah
-6.3671,106.9894,sekolah
-6.7249,106.8247,sekolah
-6.7211,106.8199,sekolah
-6.7246938,106.8260625,sekolah
-6.7149,106.8221,sekolah
-6.7251,106.8397,sekolah
-6.5353,106.8178,sekolah
-6.5381,106.8059,sekolah
-6.5337,106.8162,sekolah
-6.5326,106.8105,sekolah
-6.5974,106.4784,sekolah
-6.5998,106.4785,sekolah
-6.5978,106.478,sekolah
-6.621,106.4782,sekolah
-6.6492,106.8777,sekolah
-6.6503,106.867,sekolah
-6.645,106.8752,sekolah
-6.6445,106.8568,sekolah
-6.6499,106.8668,sekolah
-6.6449,106.6618,sekolah
-6.6362,106.6576,sekolah
-6.6461,106.6651,sekolah
-6.3611,106.5626,sekolah
-6.3534,106.562,sekolah
-6.3509,106.5671,sekolah
-6.3419,106.5726,sekolah
-6.342,106.5729,sekolah
-6.3419,106.5729,sekolah
-6.3439,106.5685,sekolah
-6.3612,106.5626,sekolah
-6.3554,106.5625,sekolah
-6.3415,106.5713,sekolah
-6.3613,106.5626,sekolah
-6.3505,106.5616,sekolah
-6.3424,106.5729,sekolah
-6.5075,106.4358,sekolah
-6.5003,106.4257,sekolah
-6.497,106.4294,sekolah
-6.4966,106.431,sekolah
-6.5047,106.4326,sekolah
-6.4787,106.4264,sekolah
-6.4969,106.4295,sekolah
-6.4152,106.6953,sekolah
-6.4132,106.682,sekolah
-6.4297,106.6932,sekolah
-6.421,106.6967,sekolah
-6.4248774,106.7029115,sekolah
-6.4274401,106.6983155,sekolah
-6.4243,106.7033,sekolah
-6.3999,106.7225,sekolah
-6.3942,106.7209,sekolah
-6.4024,106.723,sekolah
-6.3943,106.721,sekolah
-6.4115,106.72,sekolah
-6.6797,106.928,sekolah
-6.6899,106.932,sekolah
-6.6827,106.9234,sekolah
-6.6787793,106.9285489,sekolah
-6.4854,106.8836,sekolah
-6.4718,106.8938,sekolah
-6.4887,106.8836,sekolah
-6.4859,106.8865,sekolah
-6.486,106.8864,sekolah
-6.4857,106.8887,sekolah
-6.4816,106.8837,sekolah
-6.4716,106.8936,sekolah
-6.4893,106.882,sekolah
-6.4816,106.883,sekolah
-6.4897,106.882,sekolah
-6.4876,106.8908,sekolah
-6.4895,106.8821,sekolah
-6.5591,106.8509,sekolah
-6.5612,106.8571,sekolah
-6.5638,106.8546,sekolah
-6.571673,106.849437,sekolah
-6.5698,106.8562,sekolah
-6.569,106.8603,sekolah
-6.5698,106.8568,sekolah
-6.5699,106.856,sekolah
-6.4423,106.743,sekolah
-6.441678,106.742658,sekolah
-6.4467081,106.7687561,sekolah
-6.443,106.7541,sekolah
-6.4473,106.7638,sekolah
-6.4435,106.7434,sekolah
-6.4417,106.7404,sekolah
-6.576,106.8154,sekolah
-6.5861,106.815,sekolah
-6.5711,106.8171,sekolah
-6.5789,106.8184,sekolah
-6.5801,106.8139,sekolah
-6.5916848,106.8091129,sekolah
-6.581,106.812,sekolah
-6.5911,106.8108,sekolah
-6.5781,106.8143,sekolah
-6.5881,106.8133,sekolah
-6.5884,106.812,sekolah
-6.5822,106.8154,sekolah
-6.5843,106.8126,sekolah
-6.5809,106.8183,sekolah
-6.5813,106.8118,sekolah
-6.5821,106.8154,sekolah
-6.58378,106.816691,sekolah
-6.582,106.8154,sekolah
-6.7083,106.8774,sekolah
-6.7081,106.8773,sekolah
-6.6915,106.8582,sekolah
-6.6910935,106.8631721,sekolah
-6.5939,106.8144,sekolah
-6.5938,106.8143,sekolah
-6.5959,106.8088,sekolah
-6.5948,106.8067,sekolah
-6.595,106.8069,sekolah
-6.5937,106.81,sekolah
-6.5952,106.8069,sekolah
-6.5972,106.8074,sekolah
-6.5638,106.8222,sekolah
-6.5754,106.8221,sekolah
-6.5731,106.8231,sekolah
-6.5993,106.82,sekolah
-6.5584,106.8239,sekolah
-6.5784,106.8231,sekolah
-6.5537,106.8256,sekolah
-6.5893,106.8185,sekolah
-6.5539,106.8261,sekolah
-6.5528,106.8251,sekolah
-6.455354,106.682821,sekolah
-6.4442,106.6911,sekolah
-6.4508,106.6809,sekolah
-6.4423,106.6918,sekolah
-6.5719,106.7988,sekolah
-6.5793,106.7997,sekolah
-6.5718,106.7978,sekolah
-6.5728,106.7985,sekolah
-6.5708,106.7983,sekolah
-6.5736,106.8043,sekolah
-6.5692,106.8005,sekolah
-6.5694,106.8033,sekolah
-6.5791,106.8002,sekolah
-6.5701,106.8011,sekolah
-6.5761,106.7998,sekolah
-6.5727,106.8046,sekolah
-6.5751,106.8022,sekolah
-6.5737,106.8042,sekolah
-6.6517,106.4816,sekolah
-6.6421,106.4514,sekolah
-6.648766,106.470744,sekolah
-6.6121,106.8071,sekolah
-6.617796,106.815703,sekolah
-6.619661,106.815232,sekolah
-6.6196483,106.8154033,sekolah
-6.619565,106.815491,sekolah
-6.6188,106.8161,sekolah
-6.6153,106.8095,sekolah
-6.630767,106.825394,sekolah
-6.6268,106.8254,sekolah
-6.6306,106.8253,sekolah
-6.6379,106.5537,sekolah
-6.6605,106.5325,sekolah
-6.6581,106.5514,sekolah
-6.644,106.5368,sekolah
-6.6405,106.5581,sekolah
-6.6465,106.554,sekolah
-6.5548,106.7883,sekolah
-6.5462,106.7854,sekolah
-6.5535,106.7892,sekolah
-6.5565,106.7853,sekolah
-6.5567,106.7859,sekolah
-6.5558,106.7917,sekolah
-6.5572,106.7863,sekolah
-6.6785,106.9304,sekolah
-6.6815608,106.9379796,sekolah
-6.6744,106.941,sekolah
-6.6846,106.9366,sekolah
-6.684673,106.938131,sekolah
-6.6845,106.9366,sekolah
-6.5535,106.7994,sekolah
-6.5561,106.8048,sekolah
-6.555522,106.799875,sekolah
-6.551,106.7998,sekolah
-6.5542,106.7942,sekolah
-6.5555,106.8048,sekolah
-6.6453817,106.8440517,sekolah
-6.64864,106.8466517,sekolah
-6.6485883,106.8464733,sekolah
-6.6512167,106.8455433,sekolah
-6.6514067,106.845375,sekolah
-6.651415,106.845506,sekolah
-6.64287,106.842515,sekolah
-6.6428,106.8421,sekolah
-6.651254,106.845364,sekolah
-6.5597,106.7484,sekolah
-6.5599,106.7483,sekolah
-6.5477,106.7458,sekolah
-6.5453,106.7404,sekolah
-6.5516,106.7419,sekolah
-6.5551,106.7475,sekolah
-6.5598,106.7461,sekolah
-6.5559496,106.7465236,sekolah
-6.5546,106.7477,sekolah
-6.5544,106.7442,sekolah
-6.56,106.7484,sekolah
-6.5722,106.7566,sekolah
-6.5802,106.7635,sekolah
-6.5765,106.7624,sekolah
-6.5802,106.762,sekolah
-6.5803,106.7635,sekolah
-6.5804,106.7619,sekolah
-6.5814,106.7649,sekolah
-6.577,106.7623,sekolah
-6.5769,106.7625,sekolah
-6.5764,106.7573,sekolah
-6.5764,106.7571,sekolah
-6.5801,106.762,sekolah
-6.7364,106.7898,sekolah
-6.7349,106.7976,sekolah
-6.4703533,106.8618067,sekolah
-6.4655,106.8639,sekolah
-6.466105,106.8596633,sekolah
-6.4747517,106.8649183,sekolah
-6.4655,106.8585,sekolah
-6.4663833,106.8597083,sekolah
-6.474606,106.8648,sekolah
-6.4598833,106.8600867,sekolah
-6.5853,106.7991,sekolah
-6.5888,106.7993,sekolah
-6.59,106.798,sekolah
-6.5902,106.7993,sekolah
-6.5836,106.8001,sekolah
-6.5857,106.7984,sekolah
-6.472,106.8536,sekolah
-6.4730916,106.8488998,sekolah
-6.4721684,106.853508,sekolah
-6.4716048,106.8538971,sekolah
-6.4686265,106.8553009,sekolah
-6.4710035,106.8542175,sekolah
-6.4685817,106.8552017,sekolah
-6.4753985,106.8528137,sekolah
-6.4383,106.6319,sekolah
-6.4409,106.609,sekolah
-6.4375,106.6261,sekolah
-6.4271,106.6252,sekolah
-6.67,106.8063,sekolah
-6.683,106.789,sekolah
-6.6881,106.7991,sekolah
-6.683,106.7893,sekolah
-6.6622,106.8098,sekolah
-6.6699,106.8063,sekolah
-6.6829,106.7904,sekolah
-6.6788,106.8002,sekolah
-6.6686,106.8152,sekolah
-6.4342,107.0467,sekolah
-6.4265,107.0374,sekolah
-6.4249,107.0386,sekolah
-6.4316,107.0405,sekolah
-6.4238,107.04,sekolah
-6.4236,107.0399,sekolah
-6.4162,107.0416,sekolah
-6.424,107.0386,sekolah
-6.4309,107.0401,sekolah
-6.4163,107.0416,sekolah
-6.4358,107.0512,sekolah
-6.4309,107.04,sekolah
-6.423,107.039,sekolah
-6.4167,107.0414,sekolah
-6.4317,107.0406,sekolah
-6.4308,107.04,sekolah
-6.6949,106.7952,sekolah
-6.697,106.7749,sekolah
-6.6946,106.7822,sekolah
-6.6935,106.7945,sekolah
-6.695,106.7883,sekolah
-6.6933,106.7946,sekolah
-6.695,106.7952,sekolah
-6.696417,106.787095,sekolah
-6.691,106.7872,sekolah
-6.6946,106.7998,sekolah
-6.3844,106.999,sekolah
-6.3962,106.9948,sekolah
-6.3883,106.9872,sekolah
-6.388398,106.995647,sekolah
-6.3926,106.9911,sekolah
-6.3882812,106.9874598,sekolah
-6.3883795,106.9873121,sekolah
-6.3933,106.9909,sekolah
-6.6338,106.8962,sekolah
-6.6359,106.876,sekolah
-6.6298,106.8907,sekolah
-6.6357,106.8759,sekolah
-6.6324205,106.8780214,sekolah
-6.6675,106.6871,sekolah
-6.6607,106.6855,sekolah
-6.6546,106.6843,sekolah
-6.671194,106.689486,sekolah
-6.6648,106.6859,sekolah
-6.6663,106.6868,sekolah
-6.6695,106.6886,sekolah
-6.473,106.8898,sekolah
-6.462865,106.892873,sekolah
-6.465,106.8883,sekolah
-6.4564,106.8963,sekolah
-6.4649853,106.8882874,sekolah
-6.456,106.9005,sekolah
-6.4562,106.9004,sekolah
-6.4662,106.8878,sekolah
-6.4706,106.891,sekolah
-6.6516,106.6799,sekolah
-6.6525,106.6785,sekolah
-6.6507,106.6836,sekolah
-6.6437026,106.6791477,sekolah
-6.6506,106.6792,sekolah
-6.6464,106.6832,sekolah
-6.6438,106.6828,sekolah
-6.632532,106.71111,sekolah
-6.6479,106.7045,sekolah
-6.6478,106.7044,sekolah
-6.6425,106.7107,sekolah
-6.63474,106.706094,sekolah
-6.6453972,106.7087443,sekolah
-6.6643,106.6664,sekolah
-6.6503,106.6702,sekolah
-6.6619,106.676,sekolah
-6.6742966,106.6757212,sekolah
-6.6579,106.6683,sekolah
-6.6533,106.6645,sekolah
-6.6521,106.6663,sekolah
-6.6529,106.6665,sekolah
-6.6577,106.7146,sekolah
-6.6626,106.7206,sekolah
-6.6807738,106.724369,sekolah
-6.6561,106.7115,sekolah
-6.6587,106.7145,sekolah
-6.654911,106.718211,sekolah
-6.689341,106.7223,sekolah
-6.5195,106.6479,sekolah
-6.5167,106.6409,sekolah
-6.3629124,106.5348125,sekolah
-6.4036,106.5618,sekolah
-6.3911,106.5546,sekolah
-6.4072,106.5544,sekolah
-6.3768,106.5552,sekolah
-6.3861,106.5618,sekolah
-6.3871,106.5545,sekolah
-6.5649,106.6799,sekolah
-6.5688,106.674,sekolah
-6.5637,106.6805,sekolah
-6.5729929,106.674981,sekolah
-6.5649,106.6794,sekolah
-6.5671,106.6773,sekolah
-6.5721,106.6749,sekolah
-6.3642,106.5243,sekolah
-6.3715,106.5276,sekolah
-6.3569,106.5302,sekolah
-6.3574,106.5292,sekolah
-6.3563,106.5289,sekolah
-6.5741,106.6449,sekolah
-6.5729,106.6467,sekolah
-6.4179,107.0224,sekolah
-6.4131,107.0077,sekolah
-6.413461,107.022246,sekolah
-6.4196545,107.0013307,sekolah
-6.4149,107.0054,sekolah
-6.4105,107.008,sekolah
-6.413581,107.012245,sekolah
-6.412938,107.020127,sekolah
-6.4175,107.0277,sekolah
-6.4136,107.0201,sekolah
-6.4045,107.0144,sekolah
-6.41,107.008,sekolah
-6.4147,107.0151,sekolah
-6.404206,107.011395,sekolah
-6.665,106.8773,sekolah
-6.6625,106.8732,sekolah
-6.6552,106.8623,sekolah
-6.6549,106.8624,sekolah
-6.6551,106.862,sekolah
-6.6551,106.8624,sekolah
-6.6627,106.8705,sekolah
-6.5625,106.6534,sekolah
-6.5666,106.6529,sekolah
-6.5643,106.6574,sekolah
-6.5679,106.6574,sekolah
-6.5683,106.6562,sekolah
-6.5754,106.6497,sekolah
-6.1453265,106.7057266,sekolah
-6.1453428,106.7057159,sekolah
-6.1734779,106.6332687,sekolah
-6.6618319,106.6758754,sekolah
-6.6501965,106.6701312,sekolah
-6.4519581,106.6655202,sekolah
-6.2631236,106.7184471,sekolah
-6.4194033,106.6048291,sekolah
-6.3876417,106.8376376,sekolah
-7.3739543,108.5500704,sekolah
-7.3740727,108.5499457,sekolah
-7.4072752,108.5287314,sekolah
-7.3878155,108.5395038,sekolah
-7.3876958,108.5394958,sekolah
-7.3876572,108.5398042,sekolah
-7.3797425,108.5459784,sekolah
-7.3798723,108.5457955,sekolah
-6.3283428,106.9203736,sekolah
-6.5578114,107.8208727,sekolah
-6.5582114,107.820188,sekolah
-6.5573679,107.819114,sekolah
-6.5547524,107.7588423,sekolah
-6.5550609,107.7597153,sekolah
-6.9687674,106.7916973,sekolah
-6.9181433,107.706637,sekolah
-6.918166,107.7066571,sekolah
-6.2643784,106.6114409,sekolah
-6.3425165,107.244206,sekolah
-6.9143075,108.4768729,sekolah
-6.9549343,108.4693144,sekolah
-6.9520418,108.4705484,sekolah
-6.3366492,106.4909999,sekolah
-6.166210714873503,106.83572380868762,sekolah
-6.575195646982834,106.80884443228666,sekolah
-6.099957721654552,106.63556088327883,sekolah
-6.4057007655975156,106.76054847143973,sekolah
-6.921341820359689,106.93194724099008,sekolah
-6.291754391319864,106.9648522531377,sekolah
-6.940573732386893,107.66436911005033,sekolah
-6.235438567780892,106.6822182277428,sekolah
-6.275723980133211,106.98912047297677,sekolah
-6.149686181141487,106.97161305375494,sekolah
-6.909635034928521,108.48220880715886,sekolah
-6.2074047306614215,106.87166940126575,sekolah
-6.227962249218227,106.83488858914373,sekolah
-6.183996431760174,106.85567361233015,sekolah
-6.1766191244589255,106.84654904601402,sekolah
-6.221608898976447,106.87144565942464,sekolah
-6.245827734364236,106.8122683298669,sekolah
-6.229818328240601,106.88210448449398,sekolah
-6.229358423854806,106.88232643866493,sekolah
-6.1986995589679985,106.82906142875707,sekolah
-6.217773004728847,106.8519384226463,sekolah
-6.234598951334005,106.85358762788658,sekolah
-6.212904193065134,106.8561455625307,sekolah
-6.232524085762603,106.85887763984101,sekolah
-6.210637160018257,106.85169272761338,sekolah
-6.230253923558227,106.8555182704432,sekolah
-6.215898577251815,106.82513659095659,sekolah
-6.19163542401557,106.94277958093839,sekolah
-6.212635499652421,106.81531370281562,sekolah
-6.194210526645626,106.88908452901312,sekolah
-6.399756386017368,106.87803459215635,sekolah
-6.181521504606865,106.96974398873802,sekolah
-6.191292142244349,106.78347435629952,sekolah
-6.17444750117661,106.88145329946454,sekolah
-6.346112356811691,106.885002334385,sekolah
-6.195096158852296,106.94939310909291,sekolah
-6.2802157613325065,106.83366109537546,sekolah
-6.210942435294424,106.85804702354388,sekolah
-6.204994093274867,106.8567674486293,sekolah
-6.321675883816775,106.89979912937753,sekolah
-6.3063747894706985,106.8435936653619,sekolah
-6.135726976419949,106.70177643043723,sekolah
-6.198022687892162,106.72954848726226,sekolah
-6.21626913641017,106.84122952099702,sekolah
-6.23108657177477,106.91070965761595,sekolah
-6.181552524202885,106.78020992654717,sekolah
-6.161312833513169,106.8634076486172,sekolah
-6.233362519019435,106.93879468857686,sekolah
-6.11528600602359,106.91019324817832,sekolah
-6.333022767664001,106.84646108150793,sekolah
-6.181220527470712,106.7856008160617,sekolah
-6.114756171774234,106.91116468440714,sekolah
-6.212989856625265,107.28192193864717,sekolah
-6.211912745161418,107.28312432312896,sekolah
-6.211496752766633,107.28046693976759,sekolah
-6.1689434629162365,107.03586793329346,sekolah
-6.18745939594833,107.04778628337658,sekolah
-6.188353341086747,107.04956495862517,sekolah
-6.0765680402710345,107.14503937225433,sekolah
-6.076590532197723,107.14462050981086,sekolah
-6.072523519121614,107.16267713228548,sekolah
-6.0719944395776135,107.16206517644193,sekolah
-6.070040150713707,107.16201818296234,sekolah
-6.0798899557221695,107.0911089508859,sekolah
-6.078786903257309,107.1018751292445,sekolah
-6.262682122691952,107.27188549033832,sekolah
-6.268818150910703,107.26798197918066,sekolah
-6.183664282671791,107.2447177913281,sekolah
-6.184700370490077,107.25002712111791,sekolah
-6.184937670921292,107.25190589006729,sekolah
-6.192668641423901,107.25681980101811,sekolah
-6.192597016205631,107.23763521619159,sekolah
-6.196532828281002,107.23089958788809,sekolah
-6.414473163483855,107.15436737096704,sekolah
-6.03946271564364,107.11252866014836,sekolah
-6.0585161137922965,107.10888876599284,sekolah
-6.057830206995981,107.10662494209936,sekolah
-6.0438181937839195,107.0905713201102,sekolah
-6.05118919682945,107.10054696761222,sekolah
-6.055238976874037,107.11453759892937,sekolah
-6.058376503254764,107.12739622827955,sekolah
-6.058476554951634,107.12987071804376,sekolah
-6.183685374364841,107.02078518879233,sekolah
-6.1895502537418965,107.01602406445913,sekolah
-6.1916868689604465,107.02714172820764,sekolah
-6.112627482423673,106.98274287522062,sekolah
-6.123860885743672,106.97221400831648,sekolah
-6.102458845733087,106.97805659224079,sekolah
-6.1006910578486435,106.98053853375444,sekolah
-6.109863076248321,106.98244276001128,sekolah
-6.616076464098514,106.80583960384581,sekolah
-6.60893624172899,106.79589548324985,sekolah
-6.6109704620060254,106.79769649346112,sekolah
-6.615626785758161,106.80032746183805,sekolah
-6.616330037688045,106.80057924598056,sekolah
-6.649912744289405,106.82661572382008,sekolah
-6.614763998989125,106.80803804060305,sekolah
-6.585428357895423,106.82099273976068,sekolah
-6.554103309300997,106.82596665959618,sekolah
-6.553093457817314,106.82540043998756,sekolah
-6.589482201885937,106.78455484801084,sekolah
-6.233586876518491,106.89688525815096,sekolah
-6.64613178121705,106.78414473864369,sekolah
-6.646336770578131,106.78098654306598,sekolah
-6.2465394239202245,106.7731074729302,sekolah
-6.127111129371437,106.73448493899754,sekolah
-6.241601713547687,106.79575125509129,sekolah
-6.252476691116317,106.75592636857186,sekolah
-6.218120997658443,106.79394702252007,sekolah
-6.142349672388181,106.71793473064703,sekolah
-6.145619275576209,106.73609927969224,sekolah
-6.167203916295377,106.91271795890637,sekolah
-6.125753343331182,106.92463268298494,sekolah
-6.110891427505089,106.9224784106017,sekolah
-6.1356465848824255,106.79043108812483,sekolah
-6.1548383403216675,106.87599091840842,sekolah
-6.139805291351139,106.70138708253188,sekolah
-6.315470909716028,106.76023485995654,sekolah
-6.308780982874626,106.57961021556908,sekolah
-6.310092271218702,106.57210035058802,sekolah
-6.11611192116775,106.57505089526623,sekolah
-6.274378030985851,106.54007848666487,sekolah
-6.217985366717725,106.47313336451644,sekolah
-6.214225611117143,106.47294638372568,sekolah
-6.247226724002121,106.47265280483342,sekolah
-6.248034307203039,106.47209990832808,sekolah
-6.243545462718865,106.47314046510184,sekolah
-6.158724437984326,106.4315948768041,sekolah
-6.155151764242364,106.39775044369678,sekolah
-6.147147796135225,106.4233438758959,sekolah
-6.146898460919863,106.42824423241392,sekolah
-6.14919822670994,106.42440200646863,sekolah
-6.15581669337123,106.40387619620705,sekolah
-6.151800497611993,106.41408797927154,sekolah
-6.211022762438099,106.39163788945439,sekolah
-6.169076275185988,106.57248770067108,sekolah
-6.187979612980675,106.44877532174313,sekolah
-6.860007430108886,108.51673006314351,sekolah
-6.778605032794971,108.40162366783385,sekolah
-6.825508091235418,108.74722918701234,sekolah
-6.824937648100232,108.74267233653818,sekolah
-6.819449517461342,108.72968319565285,sekolah
-6.82421362881499,108.73394973013883,sekolah
-6.915464984426947,108.70207238985118,sekolah
-6.815945398134183,108.64873128920112,sekolah
-6.785152213382337,108.60690300306996,sekolah
-6.788326487479776,108.61916970668473,sekolah
-6.788252820379101,108.61797647863027,sekolah
-6.805003255909611,108.60031389773695,sekolah
-6.801360162882956,108.6153236671948,sekolah
-6.801367398611357,108.61413130306221,sekolah
-6.35571208660643,106.67752303176135,sekolah
-7.798379769012427,108.2351946956418,sekolah
-7.799742087207307,108.24812736135996,sekolah
-7.517142846116342,107.97944490184052,sekolah
-7.470502545880953,108.08222817035964,sekolah
-7.454554470740513,108.12787354377102,sekolah
-7.466605179480843,108.13527265101102,sekolah
-7.471730085474883,108.13393300899183,sekolah
-7.471014134624708,108.1297946505083,sekolah
-7.470229676264612,108.1279672722284,sekolah
-7.600894400419744,108.19148731325133,sekolah
-7.57544369569025,108.2103099133542,sekolah
-7.579453161470937,108.20239211218207,sekolah
-7.569149390874106,108.18056343487814,sekolah
-7.396972299325034,108.0442103468543,sekolah
-7.404456598761416,108.04740724503769,sekolah
-7.389364517015049,108.02938037270603,sekolah
-7.391503161473184,108.03263168459135,sekolah
-7.391975862349739,108.03816374900258,sekolah
-7.304166812727938,108.04509320110189,sekolah
-7.308839167055738,108.04861620415397,sekolah
-7.3404144473103425,108.10904138666116,sekolah
-7.756142249379797,108.15810046218007,sekolah
-7.757768010735015,108.15967116616626,sekolah
-7.750432458033258,108.18645968533062,sekolah
-7.750698326558653,108.17928135626676,sekolah
-7.762203628858547,108.17530262686303,sekolah
-7.35603050785639,108.10505460526363,sekolah
-7.360839387162554,108.1062147145052,sekolah
-7.35978897714402,108.10579996246081,sekolah
-7.360835496168918,108.09813780430831,sekolah
-7.3615406498736125,108.10440413634902,sekolah
-7.361723917975279,108.10477011878832,sekolah
-7.362627746127205,108.10412576491288,sekolah
-7.361211918646843,108.10408514965856,sekolah
-7.34572375679338,108.12952185408606,sekolah
-7.570083484894318,108.28120879663403,sekolah
-7.348000529262025,108.12809917528118,sekolah
-7.349118717820293,108.1292006484179,sekolah
-7.3512246854364225,108.12612513531347,sekolah
-7.3509019863672185,108.1264798534745,sekolah
-7.349885006781505,108.12746261924268,sekolah
-7.349949841569811,108.12089781160418,sekolah
-7.350177461067186,108.12067986686007,sekolah
-7.353164783195221,108.12140755640097,sekolah
-7.348595976327024,108.12618268904605,sekolah
-7.3509498509204105,108.13000088996061,sekolah
-7.388049024060009,108.68650504796504,sekolah
-7.338902362334729,108.6820178863143,sekolah
-6.951786413114513,107.28187874179818,sekolah
-6.809047521156422,107.60056200463903,sekolah
-6.75236037544767,107.45470886697699,sekolah
-6.750440816447762,107.44578626589625,sekolah
-6.745731811409404,107.4456515688101,sekolah
-6.747771103545404,107.44281284487006,sekolah
-6.748033627652121,107.44406023399631,sekolah
-6.7477793893725,107.44396774407825,sekolah
-6.74780750239894,107.44433288629868,sekolah
-6.945887940702118,107.45798007615753,sekolah
-6.942054124611055,107.45895368349147,sekolah
-6.942563494664429,107.45879697861369,sekolah
-6.948397493316564,107.45777152421117,sekolah
-6.956235150830203,107.45868920722792,sekolah
-6.9555353879401824,107.45852705716341,sekolah
-6.233995871639866,107.0202954513938,sekolah
-6.392428076337495,106.89439429505666,sekolah
-6.395350081145611,106.88285108763273,sekolah
-6.394447642458822,106.88242240766785,sekolah
-6.392823615266097,106.88122398210106,sekolah
-6.394296202191259,106.88575485268684,sekolah
-6.465345723877026,106.85873359471569,sekolah
-6.467113304525302,106.85850615536576,sekolah
-6.466339063686008,106.85968559074674,sekolah
-6.466387111708218,106.85716719308613,sekolah
-6.466285212272801,106.85678641185876,sekolah
-6.467491173094268,106.85579311355663,sekolah
-6.44363413452194,106.8745136460268,sekolah
-6.443564958555504,106.87429934641882,sekolah
-6.422515525655573,106.88817961530921,sekolah
-6.405884818313437,106.89229791882477,sekolah
-6.461095772394595,106.86011320271885,sekolah
-6.460063929595661,106.86018421841418,sekolah
-6.418708247827545,106.86382281998382,sekolah
-6.416372369814478,106.8700861329182,sekolah
-6.4356824641145085,106.88366485217446,sekolah
-7.681264487722359,108.66618346186354,sekolah
-7.67690459476632,108.67483366620115,sekolah
-7.673133657910535,108.67949808020344,sekolah
-7.6727831102856,108.68469348941606,sekolah
-7.696270256316177,108.51283539973427,sekolah
-7.706687873793826,108.50097137504301,sekolah
-7.706696701088447,108.49671384969871,sekolah
-6.305936511572102,106.67513266243911,sekolah
-7.608177810628574,108.14685303997464,sekolah
-6.986555836376184,107.6299344186664,sekolah
-6.314949796275677,107.02085575367516,sekolah
-6.928937372771931,107.61264632666709,sekolah
-6.250478834179565,106.8704843092298,sekolah
-6.293589526515744,106.80423240052892,sekolah
-6.1906007771763,106.63776273485603,sekolah
-6.335516843650643,106.71448963964447,sekolah
-7.327948025138353,108.35095044643528,sekolah
-6.278657374802163,106.69132232401519,sekolah
-6.132359600646424,106.8365533722329,sekolah
-6.578235978230887,106.72577238193189,sekolah
-6.728362373750196,108.54767396116226,sekolah
-6.610443236549036,106.80050261817901,sekolah
-6.6089950137945,106.79416078714111,sekolah
-6.611428006514931,106.7992096054146,sekolah
-6.614877691907209,106.80302472461231,sekolah
-6.5857424554296955,106.75850038981957,sekolah
-6.605107556184085,106.74932282282252,sekolah
-6.598562086050362,106.76159818276281,sekolah
-6.117766754491722,106.70296890405831,sekolah
-6.613393083992078,106.81123227004194,sekolah
-6.521963874349534,106.80740639872673,sekolah
-6.9419806473522545,107.63080844313687,sekolah
-6.937539234897023,107.62579749968008,sekolah
-6.194092448755559,106.8805583009955,sekolah
-6.321410534102827,106.8499105825761,sekolah
-6.298988037565156,106.86838064451648,sekolah
-6.249272256045194,106.80315731055039,sekolah
-6.351591999544324,106.86558989029888,sekolah
-6.331225568729043,106.85215484302482,sekolah
-6.898545042917443,107.636303804072,sekolah
-6.913404422372988,107.61076671662596,sekolah
-6.316948649804777,106.86257201377673,sekolah
-6.322693049883044,106.86273666829902,sekolah
-6.341920719786094,106.86096531418242,sekolah
-6.341317721748242,106.8610145360678,sekolah
-6.3097027037294655,106.85847447384178,sekolah
-6.370643333015537,106.83377155878762,sekolah
-6.359614698645122,106.84987699857236,sekolah
-6.3624271237816625,106.84964672306742,sekolah
-6.347489349999999,106.88340719999998,sekolah
-6.3194169897370225,106.85150793936471,sekolah
-6.324662481517716,106.85404894874657,sekolah
-6.324782536078154,106.8546137926684,sekolah
-6.301690736204839,106.86658386923622,sekolah
-6.285126818863305,106.86860305424045,sekolah
-6.28563892806908,106.86960257884563,sekolah
-6.266599676306604,106.86753966757176,sekolah
-6.282633790134586,106.87281976971578,sekolah
-6.310813291403501,106.86547775984963,sekolah
-6.245089250051481,106.89838988041903,sekolah
-6.2564488399955875,106.86763455446406,sekolah
-6.24816738696283,106.86549423331357,sekolah
-6.251469656707848,106.9178658753696,sekolah
-6.251072864881401,106.91833171387314,sekolah
-6.247941253870472,106.96223361251856,sekolah
-6.328024525250571,106.84757404203023,sekolah
-6.337085999178134,106.85488915313235,sekolah
-6.328016712098403,106.84712079468189,sekolah
-6.29480145688751,106.855352678819,sekolah
-6.323790067288985,106.85231415022822,sekolah
-6.297761505029576,106.85869181128051,sekolah
-6.29479591484289,106.8548355051378,sekolah
-6.285838806454494,106.8333655797529,sekolah
-6.245897079631581,106.85424368536228,sekolah
-6.269621020957915,106.84796254087897,sekolah
-6.335192150308066,106.86326338542148,sekolah
-6.190214749917975,106.84797680843761,sekolah
-6.264678337199426,106.86071046455555,sekolah
-6.268716773954486,106.84039262399727,sekolah
-6.2672003834633445,106.87807100031723,sekolah
-6.169815112814648,106.84070896065923,sekolah
-6.3277352128135425,106.8621446093631,sekolah
-6.327743930480689,106.86152342847926,sekolah
-6.343814000642844,106.86317160012733,sekolah
-6.327761653921649,106.86188330899455,sekolah
-6.241861921465696,106.82932469815898,sekolah
-6.193054149338204,106.79508614193554,sekolah
-6.220675023041177,106.86868708101089,sekolah
-6.29015281969993,106.81660636567221,sekolah
-6.220688525506423,106.93643997998358,sekolah
-6.222655820799916,106.92925338496912,sekolah
-6.149870202656526,106.85875203436852,sekolah
-6.134173491407865,106.87367914921329,sekolah
-6.136098006682389,106.87098706515667,sekolah
-6.1376919748464625,106.86178073489533,sekolah
-6.17556638532895,106.90458824981756,sekolah
-6.172324491362973,106.88854395686371,sekolah
-6.176397879025049,106.911116453325,sekolah
-6.16278478778986,106.88273662462498,sekolah
-6.176463868564128,106.9063423307459,sekolah
-6.174781757209423,106.90572856208122,sekolah
-6.175462377426567,106.90588291745301,sekolah
-6.175835644851042,106.9057568578372,sekolah
-6.176615239741546,106.91155600175935,sekolah
-6.140607479282421,106.81658090975718,sekolah
-6.206150676556291,106.832974873694,sekolah
-6.164406887094681,106.8115430335972,sekolah
-6.241270789673515,106.86112703651523,sekolah
-6.246322528725259,106.85317222263181,sekolah
-6.17447178213741,106.75620921568142,sekolah
-6.201583876085132,106.8430471843183,sekolah
-6.197004399556924,106.79222669790708,sekolah
-6.607297817029116,106.81101543569443,sekolah
-6.886051252696562,107.62211030148225,sekolah
-6.221422098388064,106.93426644238257,sekolah
-6.138480040007996,106.81613188052428,sekolah
-6.144820929465946,106.81762838075745,sekolah
-6.160604043145533,106.89135371016053,sekolah
-6.934314323486137,107.76665999592045,sekolah
-6.929873364373052,107.77979321575219,sekolah
-6.930270901569157,107.7798744594901,sekolah
-6.930589251146014,107.77968096614832,sekolah
-6.585393415677483,106.7839411279185,sekolah
-6.569236115954231,106.80057097228405,sekolah
-6.585023346268103,106.78431601403491,sekolah
-6.636171641787408,106.82547492545264,sekolah
-6.578144613982881,106.77209443303421,sekolah
-6.592254595768399,106.79314669533596,sekolah
-6.592625365057053,106.79338213713594,sekolah
-6.395169359032469,106.81451592592236,sekolah
-6.395269210267304,106.81483307120993,sekolah
-6.395210746789839,106.81469971817697,sekolah
-6.3954391,106.81498135000001,sekolah
-6.39538685,106.81474050000001,sekolah
-6.395034759273334,106.81478863196651,sekolah
-6.394901071482148,106.81484593676107,sekolah
-6.395248656085296,106.81500052527738,sekolah
-6.39562044126457,106.81501570610114,sekolah
-6.878043272203289,107.5739967465885,sekolah
-6.883654771134455,107.57323836940003,sekolah
-6.248378431137279,106.79675779707944,sekolah
-6.124889887629209,106.90272518086536,sekolah
-6.1251696670483335,106.90288655632145,sekolah
-6.214958354109472,106.85984694552597,sekolah
-6.145939509465856,106.7986045909039,sekolah
-6.245158163832835,106.79132058557192,sekolah
-6.195563109414183,106.88400380084823,sekolah
-6.143641868882143,106.7994990191066,sekolah
-6.285885898955464,106.87346610372452,sekolah
-6.165134176461773,106.91488497996,sekolah
-6.346866753277318,106.85639059429923,sekolah
-6.162696847837371,106.75011708177506,sekolah
-6.392734415945713,106.80263736955926,sekolah
-6.393230749937119,106.80202536898874,sekolah
-6.393019380664414,106.80228429415791,sekolah
-6.392438272173573,106.80266650462093,sekolah
-6.3935399442523275,106.80253264955795,sekolah
-6.105738150174241,106.92095396896116,sekolah
-6.105729466835114,106.92132781969214,sekolah
-6.098465111760235,106.93440473717868,sekolah
-6.099580268624198,106.93124099231542,sekolah
-6.099197891543527,106.93476441605551,sekolah
-6.100538548789419,106.93144694942136,sekolah
-6.884446017908509,107.58079095489991,sekolah
-6.8821125357600925,107.57855499953769,sekolah
-6.876733400000001,107.5766879,sekolah
-6.942755548740414,107.64634580866563,sekolah
-6.8798890401890445,107.57907932149806,sekolah
-6.874563590050513,107.59566198257507,sekolah
-6.379821028863729,106.8150795079094,sekolah
-6.381985267266342,106.81931260137436,sekolah
-6.379757520836235,106.81538058058521,sekolah
-6.126310050632473,106.90201394626853,sekolah
-6.112245356688711,106.8945358832383,sekolah
-6.134622304415995,106.85262841223025,sekolah
-6.119452171704002,106.95735562541282,sekolah
-6.115366610244296,106.87640673574644,sekolah
-6.116674550000001,106.87505869999998,sekolah
-6.109633028266763,106.93534298957844,sekolah
-6.109089140966669,106.93844725681295,sekolah
-6.109756431885899,106.9355407568401,sekolah
-6.11919196868631,106.89553660000051,sekolah
-6.115464225509585,106.89394949074206,sekolah
-6.1208295078396295,106.77198289328305,sekolah
-6.126235786063963,106.88962441259687,sekolah
-6.135491673175845,106.81916319172322,sekolah
-6.135207901238836,106.81890842372863,sekolah
-6.133733048574036,106.79636662685868,sekolah
-6.1338130342866,106.79598690678861,sekolah
-6.14722645,106.85963620000001,sekolah
-6.141880021546488,106.86473200358938,sekolah
-6.15559245,106.86844599999999,sekolah
-6.160046500000001,106.87370419999999,sekolah
-6.159009941816056,106.87373597175116,sekolah
-6.1570331352485885,106.87166360264041,sekolah
-6.147474026498381,106.92490950406727,sekolah
-6.146014524536955,106.92164398171819,sekolah
-6.107799732842684,106.93729163796226,sekolah
-6.103981569282823,106.93010937899217,sekolah
-6.109147849160703,106.93643979803848,sekolah
-6.109331718206921,106.93603292030451,sekolah
-6.148074816251982,106.9081763367402,sekolah
-6.122000375994065,106.87749083741416,sekolah
-6.119276043999893,106.88118891987146,sekolah
-6.174123628338003,106.90573842629406,sekolah
-6.170556971172489,106.90158628275982,sekolah
-6.171011120957744,106.90174065582951,sekolah
-6.170824499999999,106.9027678,sekolah
-6.175022043401642,106.89866045611738,sekolah
-6.175806062519975,106.91343794512197,sekolah
-6.17385805,106.91141640000001,sekolah
-6.182079979509005,106.91554161358253,sekolah
-6.165998309874573,106.91327748176514,sekolah
-6.178205973900584,106.91349063211322,sekolah
-6.149243020879371,106.91647750305091,sekolah
-6.171426681092387,106.91084783665464,sekolah
-6.150265346702105,106.91666510306199,sekolah
-6.111217468325857,106.90883322736455,sekolah
-6.160950949104497,106.90373762228262,sekolah
-6.124982072949215,106.92131981256898,sekolah
-6.115768224580316,106.92280106879112,sekolah
-6.12212646654282,106.92390929401137,sekolah
-6.163142754739926,106.85648776114397,sekolah
-6.162428165987804,106.85823808087014,sekolah
-6.189152710483099,106.8525430521515,sekolah
-6.189384097912941,106.85267117197199,sekolah
-6.193825210959718,106.85515836939871,sekolah
-6.193460597508036,106.85517170490324,sekolah
-6.156980982535998,106.82860670360267,sekolah
-6.157559249533818,106.8298706610812,sekolah
-6.1949036985536985,106.84019774456813,sekolah
-6.145325247064993,106.8348803967976,sekolah
-6.146400750000009,106.8391155,sekolah
-6.161982450000001,106.8428389,sekolah
-6.166225020794229,106.84148115441037,sekolah
-6.167127270123191,106.8397061407159,sekolah
-6.1929005841995295,106.8135663470631,sekolah
-6.1985869,106.81325125000001,sekolah
-6.1969790644160545,106.81478427185893,sekolah
-6.162711771280589,106.83460955741832,sekolah
-6.151554814684723,106.83753027482162,sekolah
-6.170832433435086,106.8506106867947,sekolah
-6.169891150860379,106.84636310699763,sekolah
-6.16496966443542,106.82203010676282,sekolah
-6.185345776711865,106.85661132429026,sekolah
-6.1948057,106.8427628,sekolah
-6.183409184148372,106.83039336191969,sekolah
-6.18503417940193,106.83391139137451,sekolah
-6.195508096147782,106.83625297600524,sekolah
-6.190290516150751,106.87009673208739,sekolah
-6.1723326499999995,106.8099445,sekolah
-6.150624181398396,106.83174875241087,sekolah
-6.201116618323436,106.83264404859533,sekolah
-6.200995843398493,106.83227551117521,sekolah
-6.20108018829464,106.83250517894847,sekolah
-6.1782974054902535,106.84829015854338,sekolah
-6.174755215813779,106.86686644889538,sekolah
-6.179083504451283,106.84581002758657,sekolah
-6.179712353912214,106.81535405524933,sekolah
-6.179696520831798,106.8146325876808,sekolah
-6.158524950000001,106.86720170000001,sekolah
-6.1587621660758805,106.86702338806974,sekolah
-6.158105491471731,106.86678203541894,sekolah
-6.1581379049011025,106.86728066055073,sekolah
-6.1634999,106.86460049999998,sekolah
-6.160799796394633,106.86584647706877,sekolah
-6.181547934479272,106.86024440200713,sekolah
-6.185869755396993,106.85684723882983,sekolah
-6.19497145,106.80707085,sekolah
-6.15431445,106.85909229999999,sekolah
-6.156263478889992,106.85642829832598,sekolah
-6.158547885449695,106.8547347569798,sekolah
-6.156454210495258,106.85628891052652,sekolah
-6.1600068230771425,106.85418234346383,sekolah
-6.1672167,106.8557974,sekolah
-6.173338899999999,106.8528597,sekolah
-6.16425289801484,106.86920706044404,sekolah
-6.1864506,106.85695289999998,sekolah
-6.1670134650582655,106.86013859076186,sekolah
-6.169416342952624,106.86536611312731,sekolah
-6.165229645603979,106.85802225437111,sekolah
-6.167971988369912,106.8636133135421,sekolah
-6.16829958793847,106.86344342197671,sekolah
-6.215511209010785,106.8112904145523,sekolah
-6.214583868117668,106.81102560669326,sekolah
-6.207482213304205,106.80878086070618,sekolah
-6.206170875101199,106.81020500058773,sekolah
-6.146017601452244,106.82731546494078,sekolah
-6.159183752755025,106.86473496276476,sekolah
-6.16960605,106.862302,sekolah
-6.876871364338071,107.59409524349577,sekolah
-6.864136890951399,107.59529997494614,sekolah
-6.865924655625571,107.59339148790808,sekolah
-7.4376557000000005,108.76369965,sekolah
-7.440120150000002,108.75942455,sekolah
-6.142901302386088,106.82124339985012,sekolah
-6.350163349725724,106.90092185657848,sekolah
-6.345845559569053,106.75930134544782,sekolah
-6.34658698298334,106.75072283843049,sekolah
-6.875470159571957,107.58041368951557,sekolah
-6.887164594317417,107.60436305389923,sekolah
-6.313294690524573,106.7949310187329,sekolah
-6.312598731689731,106.79498607878269,sekolah
-6.216220020598129,106.87201214913905,sekolah
-6.287658726005278,106.88195473306662,sekolah
-6.287909500000003,106.88150930000003,sekolah
-6.287354825994056,106.88282676373055,sekolah
-6.2828236341154176,106.88084884975346,sekolah
-6.313397002173772,106.88890241007007,sekolah
-6.222425117438712,106.86666053889253,sekolah
-6.208504373445223,106.85185898309311,sekolah
-6.275265149723616,106.87627607511686,sekolah
-6.275075144908844,106.8760230936187,sekolah
-6.275355686698571,106.87596516409862,sekolah
-6.271604862465111,106.87545065363595,sekolah
-6.267419879376874,106.86161184222362,sekolah
-6.268367303678248,106.86355370815197,sekolah
-6.26526757264568,106.85475231086943,sekolah
-6.268928025268231,106.87488075615578,sekolah
-6.280304292363236,106.87854019401043,sekolah
-6.308938101666786,106.89158507668292,sekolah
-6.3086132256610945,106.89115461777928,sekolah
-6.3076847738825785,106.91824935531747,sekolah
-6.205693180878481,106.85890190115491,sekolah
-6.330577111373307,106.89545455401587,sekolah
-6.323448734110055,106.90627512618995,sekolah
-6.33398045616726,106.89185317452925,sekolah
-6.330631900695365,106.89054000621695,sekolah
-6.331101127843849,106.89516668092858,sekolah
-6.201515859983855,106.86149040548942,sekolah
-6.208416674962927,106.86306674902713,sekolah
-6.199999111822019,106.90044986677641,sekolah
-6.199372187644688,106.89996616614667,sekolah
-6.351476025712932,106.89485341073764,sekolah
-6.225457302848391,106.86866791044292,sekolah
-6.221208673334355,106.86894208872363,sekolah
-6.278833689538377,106.85351483053562,sekolah
-6.282772299420774,106.87747799735602,sekolah
-6.257174170875571,106.86113934110405,sekolah
-6.2505446,106.86801734999999,sekolah
-6.2147985,106.86370790000002,sekolah
-6.293829361048176,106.90075520012832,sekolah
-6.294052018092197,106.90150059379434,sekolah
-6.2919247097197015,106.90343362661358,sekolah
-6.289930114567812,106.90124553720618,sekolah
-6.357574765829603,106.90859810047337,sekolah
-6.3580841,106.9084922,sekolah
-6.3583066,106.9093759,sekolah
-6.359348920561606,106.90812500373156,sekolah
-6.364851649999999,106.9040131,sekolah
-6.35952564876929,106.90850012742268,sekolah
-6.221629221320556,106.93546330567993,sekolah
-6.221800559393202,106.9335773241547,sekolah
-6.331648289386907,106.88429547311726,sekolah
-6.331427681651328,106.90217369827162,sekolah
-6.283274030442434,106.85177943797554,sekolah
-6.339695750000001,106.89702835,sekolah
-6.187965983131896,106.92360814507676,sekolah
-6.190300039825992,106.92301186706008,sekolah
-6.210685835649554,106.87095538553072,sekolah
-6.210498699913089,106.87327276073707,sekolah
-6.22092913154148,106.88318043135905,sekolah
-6.215464072137347,106.89745401592012,sekolah
-6.218067379961338,106.88684361005359,sekolah
-6.2316078682396325,106.8807885376462,sekolah
-6.229878715540084,106.8815592931204,sekolah
-6.214566600506173,106.89799216444914,sekolah
-6.2353213254550095,106.88212196624733,sekolah
-6.2324563150484416,106.88282591508818,sekolah
-6.3171798877739755,106.89305455962601,sekolah
-6.310993168809376,106.8897116967436,sekolah
-6.270493651634465,106.86993546750553,sekolah
-6.279039193844223,106.87236492184947,sekolah
-6.279027108390285,106.87262491953719,sekolah
-6.26502505,106.86884835,sekolah
-6.2723691603860505,106.87023687309568,sekolah
-6.235985600703168,106.93784346897512,sekolah
-6.299074501501716,106.87911340682044,sekolah
-6.300989250000002,106.87694519999998,sekolah
-6.3026953526599145,106.87873325820901,sekolah
-6.295262222558874,106.87870998644794,sekolah
-6.208842545032369,106.8763923072168,sekolah
-6.207073346210994,106.8833011741303,sekolah
-6.2077004720482964,106.88268185910982,sekolah
-6.241681128953694,106.8847993476004,sekolah
-6.222604880303007,106.88762470544182,sekolah
-6.220512448229208,106.8938778994034,sekolah
-6.220573581412265,106.89349958513958,sekolah
-6.219034370624379,106.8949631189728,sekolah
-6.218979670077754,106.89530639634242,sekolah
-6.222291640996902,106.88759724059229,sekolah
-6.288603560084437,106.89936470119464,sekolah
-6.297094900000001,106.90186494999999,sekolah
-6.291327825722918,106.9065026370939,sekolah
-6.2904525261785045,106.90347714494617,sekolah
-6.290638797481319,106.8916675813235,sekolah
-6.2953547732857285,106.90196090249886,sekolah
-6.297861368471389,106.91066621563746,sekolah
-6.292699183014635,106.9006199657503,sekolah
-6.214875821182014,106.9549561205288,sekolah
-6.1967911194344705,106.96254257896972,sekolah
-6.209229377080547,106.94416475194878,sekolah
-6.21814432033357,106.95177394547946,sekolah
-6.241926584010033,106.9118846693622,sekolah
-6.223580750000001,106.92012665,sekolah
-6.234906613331164,106.9201482479763,sekolah
-6.222896974944771,106.9226953278162,sekolah
-6.225978159997962,106.9344440925047,sekolah
-6.207124862603251,106.90419813408106,sekolah
-6.235096569917388,106.89477505071284,sekolah
-6.237515049999999,106.90567385,sekolah
-6.238357149999987,106.90773194999998,sekolah
-6.2254280896024525,106.89920634713746,sekolah
-6.238382662777044,106.89626400578602,sekolah
-6.239029195894298,106.8958048768048,sekolah
-6.190930420830277,106.89383467047031,sekolah
-6.1909046169612925,106.89426360983568,sekolah
-6.191638096344616,106.90084213591396,sekolah
-6.192293874307365,106.89780470217059,sekolah
-6.183268802148576,106.88640824746692,sekolah
-6.254580146651719,106.87986955686222,sekolah
-6.253969682926045,106.87517106999834,sekolah
-6.257387288999232,106.88189074929461,sekolah
-6.2573409077961735,106.88151044805328,sekolah
-6.257560360621248,106.88124103893732,sekolah
-6.2498682042715545,106.87971408071895,sekolah
-6.2586541769984425,106.88138703592556,sekolah
-6.250677456081014,106.87577783388343,sekolah
-6.258034728218823,106.88151743930871,sekolah
-6.259563119837613,106.87730204158555,sekolah
-6.254029700473004,106.87959988591622,sekolah
-6.198751150315155,106.86866474686995,sekolah
-6.212369680416865,106.89991309038862,sekolah
-6.291240024964313,106.8568223500846,sekolah
-6.27979697598171,106.85777448186094,sekolah
-6.236659113810803,106.87286134447024,sekolah
-6.23043902865829,106.87339664351262,sekolah
-6.244785480975329,106.87412767984148,sekolah
-6.228244207044329,106.8714109230666,sekolah
-6.182185598660436,106.95899406134181,sekolah
-6.223523902977512,106.94668513913024,sekolah
-6.224135219194096,106.94663289319173,sekolah
-6.23097466033231,106.94330886702868,sekolah
-6.296913672274472,106.86319321120666,sekolah
-6.202083557536737,106.89747186760759,sekolah
-6.302209873498193,106.87249909114381,sekolah
-6.1747300392139515,106.8828587921144,sekolah
-6.199506066457909,106.90679858834797,sekolah
-6.1810340379348725,106.93965645021935,sekolah
-6.187705322104077,106.88641951046162,sekolah
-6.327531515301864,106.88490777473409,sekolah
-6.31904547803799,106.88002678397073,sekolah
-6.32338336935668,106.88334489880744,sekolah
-6.32360349778438,106.88373032326838,sekolah
-6.323286393450162,106.87739417960216,sekolah
-6.2316282786888095,106.8661701248532,sekolah
-6.228493376148838,106.86542028034535,sekolah
-6.238099727542259,106.86424997865063,sekolah
-6.257557737778966,106.88850531993072,sekolah
-6.257859556531201,106.88828735245825,sekolah
-6.2077734498798005,106.89476220175365,sekolah
-6.328381741028562,106.85407497098754,sekolah
-6.318154138443758,106.85812313758042,sekolah
-6.319155272880005,106.86382183566833,sekolah
-6.239480678772719,106.88165154067752,sekolah
-6.1200592283104625,106.86699609901537,sekolah
-6.113064499999999,106.7922547,sekolah
-6.111970550000001,106.78944420000002,sekolah
-6.145617177043725,106.81056553022417,sekolah
-6.152285550000001,106.78777294999999,sekolah
-6.161397500000001,106.79608515000002,sekolah
-6.174488476003603,106.74400379236069,sekolah
-6.178974579523617,106.79880859589909,sekolah
-6.179743451166617,106.80857974505392,sekolah
-6.17660516733643,106.80407540538884,sekolah
-6.176861009391545,106.80440989111517,sekolah
-6.148719846018845,106.8235989686578,sekolah
-6.1566932,106.81950420000001,sekolah
-6.1637621763056485,106.79778211869477,sekolah
-6.164202560447911,106.79719172577063,sekolah
-6.177750991240381,106.74647732385004,sekolah
-6.16824596844616,106.75112928328161,sekolah
-6.176730145651856,106.74662396686941,sekolah
-6.1592924515201535,106.74861317470717,sekolah
-6.145656874308681,106.80580925207789,sekolah
-6.143440669447581,106.80531956394593,sekolah
-6.146832962897283,106.80476882472534,sekolah
-6.150227314555649,106.81175881009996,sekolah
-6.192574703632086,106.78612967884507,sekolah
-6.192243799935013,106.78399777393372,sekolah
-6.156758596209738,106.79956107678272,sekolah
-6.1579890992183515,106.797683960868,sekolah
-6.155713223145427,106.79876012707949,sekolah
-6.143443489274458,106.81918342256317,sekolah
-6.1436823364203095,106.81999451879784,sekolah
-6.174563723893238,106.76640320289131,sekolah
-6.152607532589885,106.74645158178235,sekolah
-6.154599803914965,106.80986923981287,sekolah
-6.168455169885145,106.81161653507174,sekolah
-6.138121422303924,106.81803281518931,sekolah
-6.138362599999997,106.81606404999998,sekolah
-6.195824734800644,106.79467275033612,sekolah
-6.186742085113685,106.79571487169636,sekolah
-6.183206464695644,106.80933400257139,sekolah
-6.185726371271763,106.80746153936481,sekolah
-6.183171633563336,106.8090648899306,sekolah
-6.171788968528229,106.69732485427623,sekolah
-6.167831849999997,106.70394755,sekolah
-6.170201450666784,106.70735035761776,sekolah
-6.13511307598205,106.8047712499099,sekolah
-6.1900293909832875,106.7233276984659,sekolah
-6.156149470648513,106.82489709255792,sekolah
-6.15415551372574,106.82534018939663,sekolah
-6.156119331929201,106.824491166086,sekolah
-6.155726856533342,106.8250029049135,sekolah
-6.175247815458259,106.74932223125815,sekolah
-6.1464718,106.81322069999999,sekolah
-6.143464695224357,106.81222140289081,sekolah
-6.198280704735244,106.76599703192866,sekolah
-6.198235107933692,106.76694429674558,sekolah
-6.208462719781944,106.77831030528623,sekolah
-6.205724944087556,106.77642377333558,sekolah
-6.171917322232545,106.7849711526474,sekolah
-6.172544781041601,106.78376998957165,sekolah
-6.105912083429616,106.70067426203036,sekolah
-6.20310167607559,106.75114060528935,sekolah
-6.2085697400089455,106.75915387320526,sekolah
-6.176395610803747,106.75370400918759,sekolah
-6.181995027355302,106.76140960597023,sekolah
-6.107878183024427,106.69960579272546,sekolah
-6.176703713027265,106.72324272697186,sekolah
-6.215104851872885,106.75575561194901,sekolah
-6.220191968484753,106.75069062398637,sekolah
-6.219688559140131,106.75790449534149,sekolah
-6.181508967923425,106.7856212743954,sekolah
-6.202828060837785,106.79327693204463,sekolah
-6.153476614758365,106.76081386027819,sekolah
-6.129519019229032,106.72295542121105,sekolah
-6.128810555312023,106.7243173951406,sekolah
-6.13072285,106.7270545,sekolah
-6.12953153210509,106.72477180255203,sekolah
-6.162271043052949,106.78435538448811,sekolah
-6.15056682575399,106.73138945849189,sekolah
-6.12405048395956,106.73111059213387,sekolah
-6.194624380107871,106.8050326797273,sekolah
-6.221295077496331,106.76842335430091,sekolah
-6.155752273093205,106.77570115276185,sekolah
-6.155042208898274,106.77235859904583,sekolah
-6.144195893756111,106.71323037450361,sekolah
-5.978598886548683,106.70849651210946,sekolah
-6.184798777754182,106.77335735536187,sekolah
-6.1856789334783295,106.77214305580772,sekolah
-6.184758405975784,106.77273387433215,sekolah
-6.211590569604987,106.76816252022137,sekolah
-6.216406623231608,106.76615442658218,sekolah
-6.186446863586628,106.77540814051999,sekolah
-6.170743824667676,106.77833064779765,sekolah
-6.186415953765325,106.7756854404384,sekolah
-6.1684845753128075,106.77903536013828,sekolah
-6.18362295,106.77158315,sekolah
-6.167145264318861,106.77871517117546,sekolah
-6.192091729359849,106.72744104766224,sekolah
-6.192360998328379,106.73592888549338,sekolah
-6.195717746647226,106.75196119035878,sekolah
-6.191507745329088,106.75641006219536,sekolah
-6.1991507002250446,106.73876198846708,sekolah
-6.199136031854006,106.7414405319753,sekolah
-6.2405626448893265,106.82634655164958,sekolah
-6.247358848357519,106.83576781378655,sekolah
-6.226632110386313,106.82251341941637,sekolah
-6.228712485122268,106.82245769864751,sekolah
-6.2305847764249584,106.8230370314185,sekolah
-6.229125399999999,106.82246455,sekolah
-6.269027452542525,106.79686440214857,sekolah
-6.2505425578629294,106.85287876088142,sekolah
-6.250817252093832,106.85272558610386,sekolah
-6.207478187398555,106.82811426634946,sekolah
-6.244287249999999,106.85310749999998,sekolah
-6.267011641067238,106.79160587945177,sekolah
-6.305830243547959,106.81288210691719,sekolah
-6.308100971608883,106.81131150973114,sekolah
-6.264597975511895,106.83854006633985,sekolah
-6.292037573653126,106.8270522375945,sekolah
-6.284296798952465,106.83706317098759,sekolah
-6.285005120730337,106.83473582859409,sekolah
-6.2852507394328345,106.83473584120414,sekolah
-6.286576368627179,106.82946052187066,sekolah
-6.284719120914366,106.83665017701786,sekolah
-6.284910570513453,106.83221639735939,sekolah
-6.236028352613015,106.80982194455004,sekolah
-6.23607995,106.8155845,sekolah
-6.234348725907086,106.80003178910363,sekolah
-6.231265108368206,106.79964005684566,sekolah
-6.263013080509578,106.83647260461834,sekolah
-6.244983271867251,106.83517738701036,sekolah
-6.33068755,106.82108314999999,sekolah
-6.335627467254041,106.82998021679535,sekolah
-6.274138666765645,106.80595180169136,sekolah
-6.2680426632438015,106.81128348209951,sekolah
-6.247114255464127,106.80104512540593,sekolah
-6.24709765040318,106.80029890522643,sekolah
-6.242739906606194,106.80747164560168,sekolah
-6.241449348676802,106.80553166509027,sekolah
-6.2428545528203845,106.80700964818338,sekolah
-6.247380293865408,106.8003016663592,sekolah
-6.236543551669517,106.82090472711884,sekolah
-6.2117666295736385,106.84029571939473,sekolah
-6.210703666441928,106.84304351329423,sekolah
-6.210221383539532,106.84574083754337,sekolah
-6.2307929555339365,106.84086542337197,sekolah
-6.237426950000001,106.75415750000002,sekolah
-6.249517798380917,106.7484792448028,sekolah
-6.243855832926685,106.760237032596,sekolah
-6.243288999877075,106.74815702506578,sekolah
-6.260361240489255,106.84732321651896,sekolah
-6.260002702828541,106.84692377265979,sekolah
-6.220534660967342,106.86230539326336,sekolah
-6.265538839581961,106.79095612511748,sekolah
-6.265719610549142,106.79084549822086,sekolah
-6.253556760982038,106.78355687083096,sekolah
-6.248975349999995,106.78485259999998,sekolah
-6.362337145149004,106.80133826783447,sekolah
-6.362132432328256,106.80121481221292,sekolah
-6.219430270947012,106.84492699405487,sekolah
-6.215808042871782,106.8224127358837,sekolah
-6.207368560218629,106.83287571559036,sekolah
-6.206539354493243,106.83685178873736,sekolah
-6.206410112905447,106.83334952601494,sekolah
-6.275747383152641,106.77723020016172,sekolah
-6.211720075566785,106.79026622992113,sekolah
-6.2109894408568795,106.7910153069858,sekolah
-6.244741874813912,106.79072213362714,sekolah
-6.308589069581334,106.85100940175889,sekolah
-6.305107928803563,106.85121854517274,sekolah
-6.3110877280283,106.84995890252198,sekolah
-6.303194690571739,106.84609748372233,sekolah
-6.3002162508960815,106.84684137951584,sekolah
-6.243205315038298,106.79599464667503,sekolah
-6.34937095,106.8098391,sekolah
-6.349153299999999,106.80993775,sekolah
-6.220594015856167,106.82081658762611,sekolah
-6.216464805071722,106.82169884398846,sekolah
-6.2191166373068905,106.82876155059395,sekolah
-6.216357759612547,106.82519102966828,sekolah
-6.260006306164972,106.85159910447568,sekolah
-6.260255839370523,106.8522488606946,sekolah
-6.261324945861017,106.85647221234828,sekolah
-6.261143166318687,106.85640650680071,sekolah
-6.355394655525429,106.82276909957972,sekolah
-6.2344798,106.79508875,sekolah
-6.230605619319244,106.79664260632183,sekolah
-6.23508875,106.7911505,sekolah
-6.234467713387733,106.7944435598271,sekolah
-6.361344850000001,106.81096015000001,sekolah
-6.308099377264184,106.8043523289398,sekolah
-6.3141530440099665,106.80468546108847,sekolah
-6.304498853444143,106.79838851564173,sekolah
-6.218186832145953,106.79104495958101,sekolah
-6.214854132503815,106.77802126992475,sekolah
-6.21270725168284,106.78807126255896,sekolah
-6.239206176347025,106.85494797569602,sekolah
-6.235164938170477,106.85373882612711,sekolah
-6.286161302803911,106.8234980081698,sekolah
-6.298822028556667,106.82409377643394,sekolah
-6.297970238319229,106.82605396998648,sekolah
-6.237315300600395,106.84793396830646,sekolah
-6.233033695916193,106.84880628896542,sekolah
-6.233559776726969,106.84863637092809,sekolah
-6.224749545699452,106.84987104268613,sekolah
-6.225891927318478,106.851299868822,sekolah
-6.224701430971815,106.85029133296135,sekolah
-6.240648849335648,106.85098836116416,sekolah
-6.2331684252315975,106.84810205421194,sekolah
-6.257772699999999,106.78804099999998,sekolah
-6.258958004948425,106.79240779012697,sekolah
-6.282679049623009,106.81302361080056,sekolah
-6.290320622026794,106.81211428277257,sekolah
-6.247659478859937,106.79441847193043,sekolah
-6.346821229295658,106.82045856491492,sekolah
-6.244616433844174,106.81751412392323,sekolah
-6.244257813495806,106.82165173034475,sekolah
-6.273359958673577,106.83645805308427,sekolah
-6.273677982499632,106.83640775484767,sekolah
-6.278905715038436,106.83667926301061,sekolah
-6.2544746350939615,106.81099897136266,sekolah
-6.2674018185976,106.82414084436797,sekolah
-6.257549607463676,106.82290718235208,sekolah
-6.2655195438887334,106.82346637397342,sekolah
-6.265402233096603,106.8151878230246,sekolah
-6.27232253579328,106.82026221522521,sekolah
-6.264489957455459,106.82054854212721,sekolah
-6.30733412514687,106.83638203555073,sekolah
-6.306029972899089,106.83397815147448,sekolah
-6.230813635878208,106.76849118115105,sekolah
-6.23275925,106.78383075,sekolah
-6.229143791881986,106.77823070348424,sekolah
-6.230200586889032,106.77843867431105,sekolah
-6.231247400000001,106.7714463,sekolah
-6.231394676337122,106.77116885079646,sekolah
-6.232789262084627,106.77160782064692,sekolah
-6.232800324771044,106.78329672108933,sekolah
-6.234085027467497,106.78540594520099,sekolah
-6.277039199999999,106.83881020000001,sekolah
-6.252046668084209,106.84917950410066,sekolah
-6.324820965303112,106.83739015754936,sekolah
-6.324793325679477,106.83719177410767,sekolah
-6.339956415843896,106.837514221439,sekolah
-6.28953905,106.84198604999999,sekolah
-6.289050220366556,106.84204794435742,sekolah
-6.288513773510293,106.84261022141382,sekolah
-6.2913309367931065,106.83727462699342,sekolah
-6.218033513965878,106.84628370308485,sekolah
-6.2230494004563,106.85197242411158,sekolah
-6.220545768026897,106.85100461331066,sekolah
-6.2364885999999995,106.77547100000002,sekolah
-6.235936768716587,106.7755483771681,sekolah
-6.2354125585739855,106.77647401573917,sekolah
-6.335435996388054,106.80933051306404,sekolah
-6.336495020911856,106.81133245199865,sekolah
-6.342412997473282,106.80081925106381,sekolah
-6.334614839648427,106.8070836500076,sekolah
-6.258064253204177,106.80648029539127,sekolah
-6.2625690639882015,106.80285816936806,sekolah
-6.245608023822615,106.76943486203716,sekolah
-6.215597434011029,106.84830488218581,sekolah
-6.210472927736717,106.85285846931608,sekolah
-6.211125858865639,106.8527356501778,sekolah
-6.234072138378191,106.82834552163105,sekolah
-6.415981316766842,106.79757190744407,sekolah
-6.61730407234578,106.82127507362134,sekolah
-6.354367850000001,106.81920145000001,sekolah
-6.354412467801402,106.81876943015104,sekolah
-6.354082448131256,106.81886481454133,sekolah
-6.356844227381312,106.80993554453921,sekolah
-6.174127275844054,106.95079557741931,sekolah
-6.2866272500000004,106.74545094999999,sekolah
-6.2883121678241265,106.74516203574905,sekolah
-6.6212197453637875,106.81267286972377,sekolah
-6.622407439953967,106.81243195477512,sekolah
-6.200658809212903,106.76803580866796,sekolah
-6.265403546919532,106.9105081034803,sekolah
-6.623971448737849,106.80922491278393,sekolah
-6.59984135,106.79193489999999,sekolah
-6.211347209770554,106.72598142402246,sekolah
-6.20966672106857,106.72621528030542,sekolah
-6.203495012885704,106.75558187544237,sekolah
-6.200262425359915,106.7512000259615,sekolah
-6.203185825151898,106.75525340337765,sekolah
-6.202765328183634,106.75691993392736,sekolah
-6.3200502842007005,106.89870688761562,sekolah
-6.34271220386204,106.89256001530691,sekolah
-6.224615250563032,106.70367384093842,sekolah
-6.122784418697083,106.95753419367394,sekolah
-6.319161897975055,106.90355357141449,sekolah
-6.320240756048709,106.88368358329224,sekolah
-6.3228871746525375,106.89842198298317,sekolah
-6.192925282876192,106.92313417676827,sekolah
-6.181851459684929,106.94534123257529,sekolah
-6.330389911554519,106.86094175526003,sekolah
-6.314035696792932,106.77021117424236,sekolah
-6.236165682227816,106.73241353009254,sekolah
-6.231660212378045,106.72750161691725,sekolah
-6.2342016,106.72459860000001,sekolah
-6.248085661136943,106.7265125877252,sekolah
-6.314977250726157,106.82753438035807,sekolah
-6.3249359138361285,106.82933509946673,sekolah
-6.578413736458638,106.77293311029943,sekolah
-6.577875550000001,106.77621705000001,sekolah
-6.570632463555536,106.74072835476674,sekolah
-6.5671017138126,106.80559713488041,sekolah
-6.569632445939622,106.80318498303697,sekolah
-6.567381707315472,106.8061645110138,sekolah
-6.5980819,106.79153645000001,sekolah
-6.597721395620888,106.82067884197419,sekolah
-6.591549422953209,106.80234345145621,sekolah
-6.58049805,106.76728335000001,sekolah
-6.58545533709805,106.7989204290267,sekolah
-6.601756223457539,106.81276299019154,sekolah
-6.379705811704835,106.8667058437659,sekolah
-6.3793284816359614,106.86667667268792,sekolah
-6.605589749999999,106.7965093,sekolah
-6.608006722441728,106.79684043471225,sekolah
-6.607721130235657,106.79569695406536,sekolah
-6.6055954,106.79618264999999,sekolah
-6.60562665,106.79629614999999,sekolah
-6.6054044691570395,106.7963268379767,sekolah
-6.605240025948422,106.79635874050041,sekolah
-6.6055966,106.7963901,sekolah
-6.6053148701457784,106.79634069168654,sekolah
-6.602115035091341,106.80372887622188,sekolah
-6.598321288579435,106.8077356224825,sekolah
-6.598300701726728,106.80760515919627,sekolah
-6.595171600000008,106.80685860000001,sekolah
-6.5921281726574605,106.80596587566995,sekolah
-6.590266540551877,106.7994304699775,sekolah
-6.255028224333621,106.78215475873357,sekolah
-6.611630567120087,106.82589930028077,sekolah
-6.615384573826935,106.81800473341045,sekolah
-6.6173976173456905,106.82009808846857,sekolah
-6.665517024695629,106.8453656550686,sekolah
-6.6573234999999995,106.84587259999999,sekolah
-6.618032878141653,106.82097135781963,sekolah
-6.617375022640038,106.82131860556022,sekolah
-6.618087165811256,106.82099972086823,sekolah
-6.617433080317758,106.82138705313156,sekolah
-6.7456569269838225,106.82097708793194,sekolah
-6.590030400293077,106.78099421973994,sekolah
-6.615336550000001,106.8147385,sekolah
-6.394257225950165,106.81529937724312,sekolah
-6.394565221032928,106.81521075831226,sekolah
-6.394682535717392,106.81474815314846,sekolah
-6.393786757864723,106.8152957271977,sekolah
-6.39399806408285,106.81545358823611,sekolah
-6.393168911046953,106.81521302515198,sekolah
-6.392757764775886,106.81545320981363,sekolah
-6.395149969367949,106.81416235424844,sekolah
-6.240507685130783,106.9909566390951,sekolah
-6.600308763819325,106.74389165922587,sekolah
-6.409172692167682,106.75979330076316,sekolah
-6.3903197316990905,106.82385007944166,sekolah
-6.390405337750675,106.8237802559214,sekolah
-6.3877991612809,106.84855997417633,sekolah
-6.3852456988292525,106.85189546615017,sekolah
-6.386200685930351,106.84691792631833,sekolah
-6.386038222500354,106.847733853008,sekolah
-6.371948377647878,106.86811996707502,sekolah
-6.296909189023991,106.83491698495791,sekolah
-6.2850232385339195,106.90928421441251,sekolah
-6.601726324772656,106.77056549764,sekolah
-6.60206059979241,106.76612172454459,sekolah
-6.600638425084745,106.77758890308817,sekolah
-6.392517013511798,106.80216852908175,sekolah
-6.391957362148473,106.80232243283204,sekolah
-6.880748131751448,107.57497660137597,sekolah
-6.940755274643982,107.72520614324276,sekolah
-6.941492939767202,107.7244790545738,sekolah
-6.940881063044674,107.72448538537061,sekolah
-6.9413619449009785,107.72465017731533,sekolah
-6.940973497062679,107.72471425104105,sekolah
-6.941278273266269,107.72507450383523,sekolah
-6.940969450000001,107.72555745000001,sekolah
-6.941210933456192,107.7245422774513,sekolah
-6.941042658940682,107.72457071393065,sekolah
-6.941347744083528,107.72484683333333,sekolah
-6.940530146326637,107.72502457857274,sekolah
-6.940899100508802,107.7248509757235,sekolah
-6.941182871797867,107.72493673018967,sekolah
-6.9407038624826605,107.72491440741075,sekolah
-6.941078953355108,107.72523966509125,sekolah
-6.941041091734876,107.72487358267243,sekolah
-6.941329801339501,107.72522809031611,sekolah
-6.941024719875212,107.72505301863931,sekolah
-6.9131011,107.72835470000001,sekolah
-6.915206981964471,107.72740035477152,sekolah
-6.915262084442131,107.72787137501653,sekolah
-6.915843249999999,107.72713529999999,sekolah
-6.9162809663452816,107.72745856517041,sekolah
-6.916106563755725,107.72680656959525,sekolah
-6.5992785314401425,106.79152875856288,sekolah
-6.59198866459056,106.78855005175568,sekolah
-6.592459739449721,106.78844098852827,sekolah
-6.7965034187023665,107.59972284184839,sekolah
-6.81236745,107.63455475,sekolah
-6.810227425355245,107.63602212493042,sekolah
-6.811149527816483,107.63717851055178,sekolah
-6.786988925487334,107.65402469136453,sekolah
-6.793793265271134,107.648883899827,sekolah
-6.793379949411235,107.64861855871676,sekolah
-6.79539275743688,107.6471981000623,sekolah
-6.8160405703131985,107.61808905657706,sekolah
-6.815433733873537,107.61557822688772,sekolah
-6.808173490579965,107.64697606568782,sekolah
-6.807983261267091,107.64788872315755,sekolah
-6.812858599999999,107.6212414,sekolah
-6.812643395468946,107.62110508044402,sekolah
-6.812425150000003,107.62088959999998,sekolah
-6.813144149999999,107.62103225,sekolah
-6.813361207774682,107.62103727956425,sekolah
-6.813014700000001,107.6207494,sekolah
-6.812851699999999,107.62077989999999,sekolah
-6.81297215,107.62096170000002,sekolah
-6.8130063,107.6211549,sekolah
-6.81281380793174,107.6211175733664,sekolah
-6.812490844896528,107.62126172737196,sekolah
-6.812679299999999,107.62124374999998,sekolah
-6.813171119283823,107.62060843327299,sekolah
-6.8059877407245715,107.63708013957232,sekolah
-6.807510064241158,107.63752151985445,sekolah
-6.8051663499999995,107.64060665,sekolah
-6.805133200219157,107.64046772845937,sekolah
-6.938266192322713,107.7124408848316,sekolah
-6.937874052991609,107.71307722875261,sekolah
-6.938375013846745,107.62564880731865,sekolah
-6.914632321116277,107.6145936114675,sekolah
-6.908138499210704,107.62083281706305,sekolah
-6.906948949999999,107.62961449999999,sekolah
-6.9308039210754515,107.67919708334938,sekolah
-6.984046738993283,107.84201325382394,sekolah
-6.918127909307886,107.61641048470877,sekolah
-6.917940104589116,107.61572328537825,sekolah
-6.917543665353396,107.61588412193832,sekolah
-6.1695360775007115,106.77902484554069,sekolah
-6.95948537193037,107.65217334295316,sekolah
-6.5314947551113685,106.51438008555893,sekolah
-6.531384236384348,106.5147043843115,sekolah
-6.5317292999999985,106.51478765,sekolah
-6.531993599999996,106.51421595000001,sekolah
-6.531692933816513,106.51445224883659,sekolah
-6.532122566080636,106.51387884555842,sekolah
-6.531822700000001,106.51382914999998,sekolah
-6.531367598326556,106.51424518411154,sekolah
-6.531571800000002,106.51403084999998,sekolah
-7.21412473099977,106.8831891863982,sekolah
-7.215201402460109,106.88377238265723,sekolah
-6.559885162607909,106.79433343327179,sekolah
-6.566234064075002,106.79894509083135,sekolah
-6.566942651698524,106.7626069840558,sekolah
-6.567081291406954,106.76249967877281,sekolah
-6.324174635804487,106.71032202759393,sekolah
-6.622173605377946,106.81240059573533,sekolah
-6.621125237068237,106.81274335340345,sekolah
-6.401698157461642,106.75886350947378,sekolah
-6.482388321688422,106.70373401765525,sekolah
-6.476164708451309,106.70252404412663,sekolah
-6.539456530266707,106.73708757653493,sekolah
-6.539326688442776,106.73733107832238,sekolah
-6.539341455347978,106.7365811255318,sekolah
-6.553307680077004,106.7333056368825,sekolah
-6.549544949999996,106.7290046,sekolah
-6.612225490549737,106.80733599026706,sekolah
-6.90123205731642,107.58608018192261,sekolah
-6.895859700919412,107.59244891719396,sekolah
-6.559674731403087,106.76520377956165,sekolah
-6.562495951234527,106.76421446256123,sekolah
-6.557048736538779,106.76898167547488,sekolah
-6.207698145928404,106.87142015364078,sekolah
-6.9632903,106.39519519999999,sekolah
-6.963001020026005,106.39508721168605,sekolah
-6.963163183417352,106.39473977459767,sekolah
-6.5708910327772525,106.75014016407653,sekolah
-6.9002324859632305,107.62385527448309,sekolah
-6.164824373527764,106.73303766115565,sekolah
-6.168779876249238,106.73316145272386,sekolah
-6.168232992316231,106.73298978078827,sekolah
-6.923488536059809,107.60754765871526,sekolah
-6.4086746347361565,106.76425350042699,sekolah
-6.400457776505657,106.7650530732504,sekolah
-6.400799523833419,106.76562374297093,sekolah
-6.40161438393068,106.76367924334879,sekolah
-6.589819274475581,106.78514325217061,sekolah
-6.589573226003703,106.78487343977096,sekolah
-6.590634312167632,106.78607107948801,sekolah
-6.597288825968572,106.78444864669055,sekolah
-6.588011164204961,106.78833551935348,sekolah
-6.5789426136785965,106.80900407895246,sekolah
-6.575504137206916,106.80859092671899,sekolah
-6.579193444425382,106.80841662053501,sekolah
-6.6065198333504815,106.79467322756804,sekolah
-6.582527037344715,106.815227757736,sekolah
-6.582628024971106,106.8149774525288,sekolah
-6.582291479816345,106.81509610015192,sekolah
-6.5823745475341005,106.81527667739394,sekolah
-6.581579429070639,106.81684033551974,sekolah
-7.19964658034901,107.2617369734775,sekolah
-6.408367996071522,106.75577982553422,sekolah
-7.205166061336893,107.90270483018404,sekolah
-6.379420350000001,106.81409159999998,sekolah
-6.387408946942191,106.81437509805271,sekolah
-6.5868941488897645,106.7900871571256,sekolah
-6.394875329254796,106.81463897174312,sekolah
-6.3730682740171805,106.81282454271476,sekolah
-6.372948617760193,106.8127275666358,sekolah
-6.3728689034285555,106.81288477192066,sekolah
-6.388953600000001,106.81036135000001,sekolah
-6.1246149129677185,106.79109659170034,sekolah
-6.124891208614967,106.79088092438339,sekolah
-6.55876003673951,106.81593374891843,sekolah
-6.304278321118992,106.96860822837219,sekolah
-6.304459449721384,106.96927259063483,sekolah
-6.3048122099212165,106.96920702553763,sekolah
-6.258996820367557,106.97208547771308,sekolah
-6.26939337902854,106.97337862674159,sekolah
-6.254562130783768,106.96918562529993,sekolah
-6.248877749999999,106.84085355000002,sekolah
-6.2524040610294005,106.83768772615093,sekolah
-6.249912055375882,106.83817336286397,sekolah
-6.24477755,106.83489935,sekolah
-7.2749717125818805,107.78173994162272,sekolah
-7.266102652727597,107.81653205737199,sekolah
-7.260420825956493,107.85591305435322,sekolah
-7.170341493731596,107.88393396660858,sekolah
-7.170550546853739,107.88385055462311,sekolah
-7.1770343030762005,107.92991112857618,sekolah
-7.176856431120797,107.92982159070695,sekolah
-7.176835306523556,107.93012303144056,sekolah
-7.176659971273936,107.93102697311922,sekolah
-7.176969028365807,107.92975287643988,sekolah
-7.119729212880047,107.89709727911284,sekolah
-7.119339483863687,107.89650428912556,sekolah
-7.118843905831606,107.89637791998351,sekolah
-7.1057098000000005,107.84497340000001,sekolah
-7.107771420970564,107.85099354430898,sekolah
-7.1079371639962465,107.85086367468276,sekolah
-7.105783786125469,107.84502528168267,sekolah
-7.238130590776512,107.83408148352403,sekolah
-7.407948000000004,107.69338720000003,sekolah
-7.378165705934569,107.72520538829323,sekolah
-7.44131976173978,107.69911737057083,sekolah
-7.412072463614505,107.69051819999007,sekolah
-7.394595839627502,107.72060202471866,sekolah
-6.6382498,106.82907815000003,sekolah
-6.564336604952386,106.80666364755521,sekolah
-6.564034288578536,106.80465018631858,sekolah
-6.474266476434466,106.83043604991181,sekolah
-6.351424528250533,106.78035133632677,sekolah
-6.2319473455274,106.84784839578926,sekolah
-7.194680949174198,107.88077315469369,sekolah
-7.2141177999999995,107.90394780000001,sekolah
-7.197656816995335,107.88012675754389,sekolah
-7.197688223243494,107.88061274250677,sekolah
-7.1974551308195,107.88065575149825,sekolah
-7.194153868018532,107.88095980205685,sekolah
-7.19475101712936,107.88114288108363,sekolah
-7.197413849999996,107.88081455000001,sekolah
-7.19384375,107.88059540000002,sekolah
-7.197535149999999,107.88024945,sekolah
-7.1972368,107.8806439,sekolah
-7.1944393698773235,107.8811285560245,sekolah
-7.1973908999999985,107.8802895,sekolah
-7.197426099999999,107.88044315,sekolah
-7.194893312904129,107.88088133351026,sekolah
-7.197446499999999,107.8805486,sekolah
-7.19433945,107.88064285000002,sekolah
-7.194111569681064,107.88042625097287,sekolah
-7.19454255,107.8806419,sekolah
-7.194215216840014,107.88064443159405,sekolah
-7.194407049917015,107.88089701671817,sekolah
-7.197589272379937,107.88089694522812,sekolah
-7.197626449999999,107.88037695,sekolah
-7.1939267280180825,107.88087823373337,sekolah
-7.1940568,107.8807709,sekolah
-7.197772334820129,107.88058030220563,sekolah
-7.197336421763894,107.88099095617211,sekolah
-7.102666659139167,107.88061587369678,sekolah
-7.102671696997204,107.88046587819834,sekolah
-7.102651349613708,107.88017764698003,sekolah
-7.102695186045544,107.8800652798308,sekolah
-7.102764550000004,107.8802866,sekolah
-6.267341678361931,106.86915366357063,sekolah
-7.15602451653975,107.89994535011206,sekolah
-7.155838097547493,107.90000023974018,sekolah
-7.106805099999999,107.88995535000001,sekolah
-7.10688956313918,107.89001972002083,sekolah
-7.106994749999999,107.88995184999999,sekolah
-7.100712764386506,107.88726046060539,sekolah
-7.100709999999999,107.88714895,sekolah
-7.100618766962461,107.88704345182204,sekolah
-7.100501854645304,107.88707249391521,sekolah
-7.105876655241865,107.8982775871113,sekolah
-7.23851362278018,107.8342140213651,sekolah
-7.23905314719978,107.83437323109932,sekolah
-7.271073332956545,107.82025062258063,sekolah
-7.271055755277539,107.8209931535824,sekolah
-7.261754140712774,107.81083552477182,sekolah
-7.261753884102742,107.81050779602202,sekolah
-7.2688266685572245,107.823852416828,sekolah
-7.271472753494946,107.8201972935591,sekolah
-7.271075538194557,107.82007147554141,sekolah
-7.27434157782558,107.78270746147054,sekolah
-7.455784067884093,107.67647810192211,sekolah
-7.450951159013962,107.68073741024098,sekolah
-7.386054849030517,107.70854132436351,sekolah
-7.356149027715669,107.80735550297263,sekolah
-7.309347046386533,107.79048247466879,sekolah
-7.309785275817979,107.79185997376182,sekolah
-7.309910850642808,107.79128231800452,sekolah
-6.262759704853282,106.71743982336963,sekolah
-6.303609024790303,106.93167686603991,sekolah
-6.202537179836465,106.6345404919537,sekolah
-6.1990622805502325,106.64084768316026,sekolah
-6.266730145532843,106.98423490223898,sekolah
-6.584065039475208,106.81237278889162,sekolah
-6.126945456616677,106.87450165985481,sekolah
-6.329921703708866,108.32019318141236,sekolah
-6.217794,106.85022015000001,sekolah
-6.375800175680526,106.88675678509621,sekolah
-6.3755562786786655,106.88641863826236,sekolah
-6.913906767685956,107.69545908122296,sekolah
-6.908364355306074,107.68869384519206,sekolah
-6.32833944329966,108.32087792935809,sekolah
-6.275983209506638,106.66825443773347,sekolah
-6.101465599999999,106.93103829999998,sekolah
-6.119508971367137,106.92025790102842,sekolah
-6.099598128037916,106.92859744786789,sekolah
-6.121510415029324,106.92515951581802,sekolah
-6.111412815726996,106.92505418355896,sekolah
-6.11985928582121,106.91940299625529,sekolah
-6.116253920198401,106.92314432780867,sekolah
-6.187047675468835,106.62706509266846,sekolah
-6.186819604123151,106.62749018995262,sekolah
-6.186317450000005,106.62768265,sekolah
-6.186685376547386,106.62667134791327,sekolah
-6.186617126109385,106.62632064383361,sekolah
-6.186707619991299,106.62714369055153,sekolah
-6.18626128480621,106.62753344064431,sekolah
-6.185915089563024,106.62770403052242,sekolah
-6.1858787671601245,106.62789335812904,sekolah
-6.186461101070046,106.62696526733332,sekolah
-6.1864166869011274,106.62659863124969,sekolah
-7.192726421531205,107.6153717815717,sekolah
-6.179309844028271,106.94867430028728,sekolah
-6.261839024367153,106.85862669193199,sekolah
-6.271038921588724,106.84714623278619,sekolah
-6.265878139242079,106.84658940671144,sekolah
-6.271992014562098,106.8556641510155,sekolah
-6.271543313610235,106.85505510119278,sekolah
-6.289892621181401,106.84186952999809,sekolah
-6.277299842109391,106.84644451498525,sekolah
-6.2967025846319435,106.84928603392854,sekolah
-6.176254569216769,106.73413099891616,sekolah
-6.147011411717336,106.7405664390783,sekolah
-6.230305324189763,106.76639017003079,sekolah
-6.231282249999999,106.90910345000002,sekolah
-6.258894376702501,106.82573078154483,sekolah
-6.234722899126594,106.85881689559508,sekolah
-6.910820632569621,107.63112077536643,sekolah
-6.303254572026715,106.93132755163654,sekolah
-6.303592489077804,106.93167857876563,sekolah
-6.125012598881759,106.90401011419335,sekolah
-6.8050945830707334,107.94969891118652,sekolah
-6.8035890709329765,107.94872510877875,sekolah
-6.235250317390593,106.8163662550922,sekolah
-6.119069949813082,106.79524131004324,sekolah
-6.131657992255433,106.73763618046443,sekolah
-6.3979324667071324,106.82419037948381,sekolah
-6.398870594492116,106.82632128356705,sekolah
-6.941271701181137,107.62908013286365,sekolah
-6.414193110001704,106.75481176381358,sekolah
-6.422622674128694,106.75235818750166,sekolah
-6.213752787072578,106.9630611213751,sekolah
-6.601835100452991,106.76587849375755,sekolah
-6.603193915945292,106.75398501806127,sekolah
-6.589836850000002,106.7849005,sekolah
-6.5894837948122476,106.78478086667961,sekolah
-6.593241002625654,106.76830064141441,sekolah
-6.592307668198163,106.77215086365075,sekolah
-6.593099126459489,106.77258450599187,sekolah
-6.571115585622561,106.79860700202997,sekolah
-6.547075430314181,106.809808447095,sekolah
-6.554281455984606,106.7940426857158,sekolah
-6.55449912341355,106.79421642496213,sekolah
-6.555028221419813,106.79415799690851,sekolah
-6.554740521606997,106.79396677438146,sekolah
-6.555047342644658,106.79395389326139,sekolah
-6.55408305,106.7943183,sekolah
-6.315273306602299,106.94685809497764,sekolah
-6.343686226367768,106.94008067262902,sekolah
-6.313377998514121,106.9757491192524,sekolah
-6.280984552774613,106.97367769458297,sekolah
-6.280984552774613,106.97367769458297,sekolah
-6.265834374435827,106.97378087376755,sekolah
-6.266038958970083,106.97525912306162,sekolah
-6.387208565266838,106.95591624049041,sekolah
-6.3658868411709735,106.95543401730602,sekolah
-6.324423283366544,107.30516829960463,sekolah
-6.240164057971183,106.8078509185842,sekolah
-6.588514220387784,106.79932083838769,sekolah
-6.171101899999999,106.86108540000001,sekolah
-6.218116009957596,106.85155460519866,sekolah
-6.22354795,106.86214710000002,sekolah
-6.25802294277957,106.84298080111779,sekolah
-6.220696,106.85940550000002,sekolah
-6.496606720299989,106.83990616684056,sekolah
-6.292774733209838,106.83507817608869,sekolah
-6.36088,106.83304865000001,sekolah
-6.919680061448537,106.9317740525655,sekolah
-6.919257537000875,106.93216651464206,sekolah
-6.918828666134138,106.93172887887808,sekolah
-6.920580576419424,106.9446999097805,sekolah
-6.919868122827163,106.94489945682675,sekolah
-6.938715513308316,106.93055246385653,sekolah
-6.608388939702509,108.35226967746189,sekolah
-6.919673194400314,106.93553158453132,sekolah
-6.917885622236526,106.93522086214796,sekolah
-6.404628696380258,106.76309623575463,sekolah
-6.4058989,106.75940930000002,sekolah
-6.406034950000001,106.75950424999998,sekolah
-6.192846147932228,106.8159448501813,sekolah
-6.9210247317318565,106.93082672912965,sekolah
-6.2347117999999995,106.85910139999999,sekolah
-6.2347316500000005,106.86342795,sekolah
-6.707836648351102,108.31379114272059,sekolah
-6.714865133781706,108.55008052571414,sekolah
-6.700857740766253,108.35873079949938,sekolah
-6.252676642863523,106.84878784162503,sekolah
-6.248736900000001,106.84792890000001,sekolah
-6.277333032051353,106.85073860804005,sekolah
-6.166894020541764,106.7463330557152,sekolah
-6.311126476241404,106.66069291687315,sekolah
-6.897689724318437,107.61187829815383,sekolah
-6.271339525905247,106.95113498932521,sekolah
-6.389884189518067,106.84552466276851,sekolah
-6.308306346527094,106.77276442387863,sekolah
-6.308018531905951,106.78723112374111,sekolah
-6.378841376050775,106.80176982183833,sekolah
-6.37894925,106.80182369999999,sekolah
-6.309709833705626,106.79598211641375,sekolah
-6.3543967368962475,106.83490690540084,sekolah
-6.3633541266124,106.8830506081093,sekolah
-6.332613774315084,106.73381290908127,sekolah
-6.264177489930172,106.73049089941927,sekolah
-6.897473691353968,107.60710237062382,sekolah
-6.618424381871108,106.81665946315519,sekolah
-6.617445282305202,106.82016140681215,sekolah
-6.615519971441314,106.81812859919395,sekolah
-6.614884034278099,106.8034629309912,sekolah
-6.614262140744284,106.80286304999908,sekolah
-6.613958844813091,106.8087811769214,sekolah
-6.62298064347842,106.8126587583435,sekolah
-6.6021485991372,106.80399357381437,sekolah
-6.136344194504647,106.69282271391823,sekolah
-6.913209774202597,107.66348634705284,sekolah
-6.597294492007552,106.80737526451853,sekolah
-6.600789850000001,106.79298775000001,sekolah
-6.234926284806679,106.92075861207667,sekolah
-6.315326385482996,107.16483788830364,sekolah
-6.175271608915191,106.76298785798376,sekolah
-6.107421987806616,106.73812547932081,sekolah
-6.378926755220182,106.82229183916942,sekolah
-6.291217635693328,106.96404088229848,sekolah
-6.23131405,106.96114804999999,sekolah
-6.230461674335613,106.96064360140103,sekolah
-6.2303672774776695,106.9603073536153,sekolah
-6.235855784013614,106.96003981873012,sekolah
-6.2304198758146265,106.96247798369394,sekolah
-6.3602277878239155,107.37781135306551,sekolah
-6.419973599999999,106.79569059999997,sekolah
-6.4205844519498365,106.79547692636807,sekolah
-6.420336376538032,106.79580144719493,sekolah
-6.42056565,106.79577325,sekolah
-6.420422450000001,106.79564430000002,sekolah
-6.420112699999999,106.7957902,sekolah
-6.4202542833067895,106.79549819575756,sekolah
-6.393291955063584,106.79164317410857,sekolah
-6.393966525991481,106.79245430717675,sekolah
-6.393684183249734,106.79234777584904,sekolah
-6.3935404,106.79159469999999,sekolah
-6.393901030190322,106.79224409033036,sekolah
-6.394019623770448,106.79223872661383,sekolah
-6.393883456918192,106.79158237982348,sekolah
-6.39367777320374,106.7921999464989,sekolah
-6.393666958251958,106.79189117087402,sekolah
-6.393815813049699,106.79175010905907,sekolah
-6.393538228248023,106.79205011952762,sekolah
-6.3938326794152704,106.79203500077561,sekolah
-6.3935207130888605,106.79176695772016,sekolah
-6.394018534164352,106.79188594383777,sekolah
-6.40206825,106.82617074999999,sekolah
-6.437698666840866,106.8216425664308,sekolah
-6.396939596635657,106.84297989285275,sekolah
-6.968508193879801,107.63409633600638,sekolah
-6.403658498943055,106.82329580004215,sekolah
-6.421425934245233,106.79632994629134,sekolah
-6.395756280576363,106.7951636539126,sekolah
-6.39398580475778,106.79272797430359,sekolah
-6.393588449999999,106.7927619,sekolah
-6.37552615,106.83691165,sekolah
-6.61568707845323,106.81391876293742,sekolah
-6.490154889446664,106.79460100337451,sekolah
-6.479824269930634,106.8021075065479,sekolah
-6.482904808608571,106.79297063561044,sekolah
-6.216663229473764,106.85768649661424,sekolah
-6.21503655549998,106.85894324622619,sekolah
-6.090574150000001,106.7249881,sekolah
-6.094501610469558,106.72031511230644,sekolah
-6.0947392343828986,106.71990387646238,sekolah
-6.314417529948764,106.79974910335854,sekolah
-6.307124074167974,106.80036945330815,sekolah
-6.1509208,106.77082874999998,sekolah
-6.153519031245869,106.7592778238904,sekolah
-6.12994276381009,106.92140232857048,sekolah
-6.127602515188543,106.92307277223509,sekolah
-6.1355397499999995,106.92274334999999,sekolah
-6.1288393495136,106.91916362328982,sekolah
-6.245101749999999,106.8114903,sekolah
-6.242004224361271,106.81397321623423,sekolah
-6.1147084691175575,106.91757898609626,sekolah
-6.114742701605135,106.92051814254107,sekolah
-6.1123006473041,106.91922917979304,sekolah
-6.112255383337277,106.91928939748833,sekolah
-6.154109644266624,106.76283702998535,sekolah
-6.166264099999999,106.73540055,sekolah
-6.114625816201103,106.78529268694217,sekolah
-6.11252175,106.78937775,sekolah
-6.164596259115401,106.73787337681067,sekolah
-6.124918189085496,106.78655448692162,sekolah
-6.234403297499455,106.8682102476389,sekolah
-6.139430696074599,106.71945180844949,sekolah
-6.139173179315656,106.71952268568778,sekolah
-6.139381099541562,106.72001127872828,sekolah
-6.132234118794471,106.72573712458684,sekolah
-6.134444237081187,106.72466636746975,sekolah
-6.132985088429401,106.72442031908022,sekolah
-6.14888955,106.72287595,sekolah
-6.230197427001986,106.86522429568761,sekolah
-6.24217645,106.86616269999999,sekolah
-6.238551243176177,106.86405445690762,sekolah
-6.1297520284601426,106.92121002709185,sekolah
-6.144219200000001,106.7463823,sekolah
-6.1270985254288926,106.92109526579746,sekolah
-6.136537799999997,106.92238870000001,sekolah
-6.258330450000001,106.85718825,sekolah
-6.264402650000001,106.86246864999998,sekolah
-6.285412637273619,106.8529781628479,sekolah
-6.287990169190891,106.85339150336596,sekolah
-6.258761751184501,106.86969192348954,sekolah
-6.174777679100893,106.7568707626453,sekolah
-6.1738593999999996,106.75904995,sekolah
-6.174207513888734,106.75630990401561,sekolah
-6.162470682645784,106.7620433818813,sekolah
-6.28442650390073,106.84556772309391,sekolah
-6.293143225610797,106.84704155874014,sekolah
-6.12955119012287,106.94022478191712,sekolah
-6.130629291761958,106.93805135150805,sekolah
-6.130365453458612,106.93749286695889,sekolah
-6.135578009750231,106.93966389658215,sekolah
-6.106149650000001,106.93102584999998,sekolah
-6.110430897761447,106.92568801145927,sekolah
-6.191798223275745,106.80888962526898,sekolah
-6.190799850000002,106.8084772,sekolah
-6.231117299578084,106.86374982154658,sekolah
-6.246756925730677,106.8657885039635,sekolah
-6.222398101554835,106.85328985482657,sekolah
-6.223336649999998,106.8555933,sekolah
-6.249601005555586,106.86660451819435,sekolah
-6.228011759707327,106.86035842768739,sekolah
-6.2325481087343455,106.85922651474456,sekolah
-6.231828050000001,106.8590204,sekolah
-6.239285111531773,106.85973681752952,sekolah
-6.241523979934637,106.85961696277431,sekolah
-6.255549006498853,106.86699472351123,sekolah
-6.162310000000001,106.72657495000001,sekolah
-6.172973780406263,106.72281963395083,sekolah
-6.1558249504187845,106.72181697715907,sekolah
-6.168742886807424,106.71680116972247,sekolah
-6.170223291478642,106.7202124325012,sekolah
-6.172518087239891,106.71223576536205,sekolah
-6.166242639388419,106.72510761549789,sekolah
-6.172550483171428,106.71273489175286,sekolah
-6.170894958005876,106.71510431645135,sekolah
-6.164491468376926,106.72476454780484,sekolah
-6.132696304323136,106.78736770048911,sekolah
-6.157429444612347,106.718679044662,sekolah
-6.145279756592253,106.91178889349065,sekolah
-6.17368090866196,106.91550917485846,sekolah
-6.17281744792022,106.91647475113439,sekolah
-6.311101553655826,106.7928539708178,sekolah
-6.284951970339342,106.84570777866342,sekolah
-6.120121673070667,106.72686946063982,sekolah
-6.12278645,106.71989165000001,sekolah
-6.128693043817268,106.71762257130646,sekolah
-6.128301829997878,106.71527127365971,sekolah
-6.129354172421083,106.74282965607064,sekolah
-6.130660449999998,106.74199989999998,sekolah
-6.132584649999999,106.74395289999998,sekolah
-6.15251167872772,106.72462620086728,sekolah
-6.144383112992718,106.72002603926688,sekolah
-6.141722873500701,106.72472942366913,sekolah
-6.1497308084502675,106.72688369904893,sekolah
-6.912743703995723,107.66495696438439,sekolah
-6.1401845218040885,106.74613599474603,sekolah
-6.1402665292941885,106.76023956727909,sekolah
-6.13966846908712,106.71991254525126,sekolah
-6.143508035006862,106.7684594225392,sekolah
-6.135292694471702,106.79915462266642,sekolah
-6.1323633000000015,106.80284315,sekolah
-6.179190599999999,106.71423240000001,sekolah
-6.175239682705095,106.71940845493502,sekolah
-6.176164335096216,106.72101990574895,sekolah
-6.272564511229119,106.70474606363884,sekolah
-6.125366782942462,106.80501936594082,sekolah
-6.143064942423226,106.75268528572377,sekolah
-6.611528458950579,106.79920875289662,sekolah
-6.394412598669148,106.95610339950538,sekolah
-6.914911460836488,106.9321297785567,sekolah
-6.402304264361956,106.96192535367766,sekolah
-6.406434790122413,106.96236816572022,sekolah
-6.413630379757996,106.96446095586438,sekolah
-6.519941614449982,106.75776948746996,sekolah
-6.39137948987394,106.74505651311253,sekolah
-6.94877903356321,107.7720621776531,sekolah
-6.948338692775522,107.77247945269367,sekolah
-6.9370874371577305,107.77319144528657,sekolah
-6.42609315,106.73970814999997,sekolah
-6.519635777721892,106.75758296443196,sekolah
-6.427969313686992,106.73366390947871,sekolah
-6.428197945761801,106.73368797229192,sekolah
-6.428003364850948,106.73398839392823,sekolah
-6.427652439775678,106.73382812849913,sekolah
-6.4278455627944915,106.73346967540941,sekolah
-6.427704255692656,106.73399687808794,sekolah
-6.428072617698621,106.73377559020084,sekolah
-6.427196465241733,106.73834220104278,sekolah
-6.437736275301353,106.75251522151234,sekolah
-6.427195254468368,106.73833373798563,sekolah
-6.434960424294839,106.74793489541972,sekolah
-6.255425699100395,107.00466374414047,sekolah
-6.115387606431841,106.88141300346149,sekolah
-6.149232449368836,106.72839570917726,sekolah
-6.14965583501253,106.72922777552314,sekolah
-6.150997150000002,106.73280165,sekolah
-6.150860150000001,106.7343048,sekolah
-6.152597337001558,106.73664738036354,sekolah
-6.2371219201158725,106.7632663026399,sekolah
-6.235203787941961,106.76268357332658,sekolah
-6.21066790952205,106.8145380728484,sekolah
-6.210725266158097,106.81515043643365,sekolah
-6.208906624696846,106.8144628095183,sekolah
-6.246136333545194,106.76406870019352,sekolah
-6.205154001229889,106.81390797220857,sekolah
-6.14454282736401,106.92092879612585,sekolah
-6.225161191871124,106.76476208603049,sekolah
-6.156192976387356,106.92625474386976,sekolah
-6.2518678,106.91456835000001,sekolah
-6.25370929082304,106.91472971215467,sekolah
-6.25264029408046,106.91454715796269,sekolah
-6.147800863598541,106.7333234309093,sekolah
-6.146765577683606,106.73405775893964,sekolah
-6.135976169638213,106.73807289651276,sekolah
-6.817435568146728,107.5501041654433,sekolah
-6.712861954104372,108.10703145666639,sekolah
-6.7116652742776886,108.10731493557392,sekolah
-6.817284032367389,107.54903713969418,sekolah
-6.3264865673891135,106.95678192396306,sekolah
-6.095273921737868,106.68693235997507,sekolah
-6.091940588447658,106.68042764233215,sekolah
-6.3053989574083165,106.82770417742933,sekolah
-6.141871561854489,106.68486989589587,sekolah
-6.095772950552242,106.70073268656498,sekolah
-6.092229576368087,106.69564764951649,sekolah
-6.093051082644135,106.69409223796569,sekolah
-6.094750565184907,106.69511924581903,sekolah
-6.088844773399325,106.69751683986746,sekolah
-6.881955103285176,107.64943597957318,sekolah
-6.147284600363128,106.70754765042474,sekolah
-6.906980650402986,107.61853967271111,sekolah
-6.912823366657926,107.6184516926814,sekolah
-6.292092206504997,106.83900260841769,sekolah
-6.163515865777885,106.81240771546912,sekolah
-6.5151318506673475,108.42782302392702,sekolah
-6.43101712739117,106.71487489463405,sekolah
-6.243269966502848,106.65889592158915,sekolah
-6.941391342542141,107.64625624341434,sekolah
-6.266041704542586,106.98243893628506,sekolah
-6.170325599999999,106.61414934999998,sekolah
-6.170206515942975,106.61438837101358,sekolah
-6.8367932206796596,107.92365619736653,sekolah
-6.308492440715937,106.74577986055152,sekolah
-6.279837169151221,106.77856334121091,sekolah
-6.143979915246982,106.72974495499551,sekolah
-6.193300447984896,106.85047823060788,sekolah
-6.569504984169982,106.78458561108043,sekolah
-6.147027391385892,106.73316745495224,sekolah
-6.147505596369679,106.73547227589195,sekolah
-7.358324997613936,108.22937424402322,sekolah
-7.352154355514116,108.11305318556668,sekolah
-6.919368955258962,107.59895341505516,sekolah
-6.91936351551697,107.59880166512663,sekolah
-6.919192600000001,107.59890029999998,sekolah
-6.919350255018648,107.59860741724081,sekolah
-6.194296838380564,106.85648260501564,sekolah
-6.967934100583644,108.50556292921854,sekolah
-6.969705409106044,108.50349016283671,sekolah
-6.150205742721107,106.82745647401138,sekolah
-6.31537265735575,106.68402501197717,sekolah
-6.284103100287367,106.81432889408994,sekolah
-6.094609450000003,106.96011650000001,sekolah
-6.905527326025223,107.61596690946693,sekolah
-6.906460730224737,107.61856286064078,sekolah
-6.097044354947437,106.95788917421966,sekolah
-6.094392079182835,106.9593490169451,sekolah
-6.095370118887616,106.96253895826484,sekolah
-6.8795503071941875,107.61682000539001,sekolah
-6.878077561759111,107.6170487821319,sekolah
-6.878868917408582,107.61627254563722,sekolah
-6.883369072097043,107.61478530758646,sekolah
-6.8732782181790855,107.61708813731029,sekolah
-6.225158399406228,106.85425827628477,sekolah
-6.90515343355565,107.56218830508551,sekolah
-6.903876249999999,107.60971924999998,sekolah
-6.882624583985724,107.5551141990418,sekolah
-6.9572710283355965,107.6233569713924,sekolah
-6.284090016898139,106.6989192912933,sekolah
-6.276430459348948,106.69679377978933,sekolah
-6.946993524413784,107.66237728967016,sekolah
-6.950298012871812,107.6622696718264,sekolah
-6.109873888205254,106.6978400245863,sekolah
-6.10034013450101,106.70836096924432,sekolah
-6.516516253626062,107.22840134136831,sekolah
-6.511581504550798,107.22332372238336,sekolah
-6.49559192947288,107.21857755849341,sekolah
-6.158222691446824,107.49306377362417,sekolah
-6.1594270683352965,107.49252779718434,sekolah
-6.158619617537271,107.49240727764344,sekolah
-6.276648436349509,106.990686308412,sekolah
-6.277562798339187,106.98873137535203,sekolah
-6.2795702801179685,106.99487422051075,sekolah
-6.2683690008529895,107.0063797136527,sekolah
-6.358923788999333,106.88346741953701,sekolah
-6.171147481643005,106.63146906222035,sekolah
-6.691450337704502,106.84556602442315,sekolah
-6.889873138359875,107.59713441083396,sekolah
-6.383653666333466,106.88517810847789,sekolah
-6.383682977263563,106.88440059591947,sekolah
-6.226108450000002,107.61965560000002,sekolah
-6.205056459652574,107.58541013719193,sekolah
-6.205208282486817,107.58557713203152,sekolah
-6.22725219478314,107.61875469103649,sekolah
-6.1625440791425286,106.84514323838131,sekolah
-6.163400914486555,106.84457434661813,sekolah
-6.321262565237088,106.85110814770752,sekolah
-6.192223319833598,107.52717876684251,sekolah
-6.201508235655924,107.53454315549706,sekolah
-6.201579771434149,107.53438216642334,sekolah
-6.196106471923372,107.52501396965518,sekolah
-6.195890850000001,107.5252333,sekolah
-6.1953005,107.53019925,sekolah
-6.201691394943782,107.53270296325633,sekolah
-6.201446836250793,107.53370172417429,sekolah
-6.205824,107.5940992,sekolah
-6.1983699672772845,107.52495558339822,sekolah
-6.2072249674891955,107.59281024877441,sekolah
-6.226193151437429,107.6198980558571,sekolah
-6.187325710016979,107.46814491018777,sekolah
-6.182259129013349,107.46283289337127,sekolah
-6.201287499747347,107.53468916807651,sekolah
-6.203272979684136,107.53270204408165,sekolah
-6.191946083034521,107.52718975353801,sekolah
-6.202428024775596,107.53548214731349,sekolah
-6.185221840725439,107.46536329183203,sekolah
-6.180946128728957,107.4608650157179,sekolah
-6.1793332089465665,107.45848725628011,sekolah
-6.1581578,107.49386539999999,sekolah
-6.177144050000001,107.45376625,sekolah
-6.212588168474204,107.62117839590778,sekolah
-6.158900491038621,107.4923155272308,sekolah
-6.185765688139479,107.4666722389089,sekolah
-6.18564236495897,107.46649568456208,sekolah
-6.635039723498097,106.7059827624287,sekolah
-6.302193909033505,106.68330459814618,sekolah
-6.3019088069963,106.68350408254092,sekolah
-6.30097437622081,106.6829524747216,sekolah
-6.30359088897872,106.6870193640749,sekolah
-6.300216416313315,106.69185863158576,sekolah
-6.30322907091854,106.68391649944425,sekolah
-6.301186155384203,106.66226707510505,sekolah
-6.286301337471502,106.66757422225689,sekolah
-6.280805971531866,106.69948945272803,sekolah
-6.280805971531866,106.69948945272803,sekolah
-6.207488038612411,107.59190819416314,sekolah
-6.203873739477845,107.5966970432273,sekolah
-6.203757244208894,107.59656019616786,sekolah
-6.1932218480965435,106.81581799783942,sekolah
-6.3229794316919765,106.89701040862319,sekolah
-6.192302320623015,107.58601306953913,sekolah
-6.2695921382164,106.73993312429681,sekolah
-6.9051552549771,107.62008061134078,sekolah
-6.905968003375914,107.62317850188577,sekolah
-6.878524199999999,107.54459005,sekolah
-6.291161881519265,106.97049530059378,sekolah
-6.889479869274259,107.55808033828608,sekolah
-6.322102558546045,107.56012285696004,sekolah
-6.889212937067504,107.60340314175318,sekolah
-6.915592851875749,107.60975227365272,sekolah
-6.913179745585851,107.60851686586967,sekolah
-6.352499732664793,107.00450420115438,sekolah
-6.477915526413109,108.30505982025265,sekolah
-6.2954240626547735,107.29879995292046,sekolah
-6.296151572890168,107.29832936420716,sekolah
-6.3550135,106.67837444999999,sekolah
-6.2147483446882354,106.89063109560367,sekolah
-6.353297093273224,106.87260683717196,sekolah
-6.3518632225700955,106.86591252735866,sekolah
-6.265596161047843,106.98564703352287,sekolah
-6.226208973671545,106.59534732252297,sekolah
-6.308704101170713,107.02543519478807,sekolah
-6.57265758620596,106.74031146024436,sekolah
-6.2637976932428,106.91667406776249,sekolah
-6.263402451461446,106.91703622701951,sekolah
-6.58869415,106.77815035,sekolah
-6.55914905666779,106.79389354972614,sekolah
-6.553562334454918,106.77454642819845,sekolah
-6.207306989564781,106.85971224865176,sekolah
-6.569331627614212,106.76586077306368,sekolah
-6.162554986195758,106.74925712551322,sekolah
-7.267869449999999,108.16842965000001,sekolah
-7.270567965595736,108.16835097036797,sekolah
-7.273542234333434,108.17283529853928,sekolah
-6.2587053988665735,106.80360358862269,sekolah
-6.735095054150003,108.53898771576097,sekolah
-6.709628081903017,108.4767718538637,sekolah
-6.711272606445637,108.47619248184807,sekolah
-6.702681851372043,108.47585150831564,sekolah
-6.704336451085267,108.47287566772167,sekolah
-6.7089318210199105,108.48563855705885,sekolah
-6.709616956289371,108.48479165722122,sekolah
-6.70338684425997,108.47936839059851,sekolah
-6.707940684882453,108.4895668306957,sekolah
-6.7294227092853856,108.4638036573723,sekolah
-6.718080096401109,108.46813606611022,sekolah
-6.685465909107143,108.47537284279012,sekolah
-6.693526565348724,108.47939711120203,sekolah
-6.717147248770417,108.48699084047493,sekolah
-6.696130462285192,108.4739145290432,sekolah
-6.301068490364569,107.30086723560048,sekolah
-6.721096821145939,108.54794904471451,sekolah
-6.23008467486078,106.87138213653928,sekolah
-6.22156271046712,106.87845251526365,sekolah
-6.230505320570572,106.87245410296289,sekolah
-6.221893650000001,106.87912385,sekolah
-6.233284226951421,106.87189061627687,sekolah
-6.5681382790160034,107.76119870199031,sekolah
-6.263610991196798,106.86403343042984,sekolah
-6.4626434036503,107.81918560395681,sekolah
-6.554025132935456,107.76895061627872,sekolah
-6.4707421769849685,108.30125423818315,sekolah
-6.470309321829843,108.30096648183304,sekolah
-6.470331892582561,108.30135310063342,sekolah
-6.7354297924326,107.64582539435973,sekolah
-6.735757694663586,107.64612797026788,sekolah
-6.678091998885967,107.68375240303877,sekolah
-6.679273894851097,107.68466629605562,sekolah
-6.665075290932306,107.7020205364964,sekolah
-6.663612405845718,107.70834902190035,sekolah
-6.696486503482004,107.73773937501369,sekolah
-6.696032672176071,107.7363813123306,sekolah
-6.654769388279629,107.72174931022995,sekolah
-6.577290326387923,107.75374497286816,sekolah
-6.575725219960094,107.75623143671201,sekolah
-6.575411676676087,107.76572955757757,sekolah
-6.576157085967745,107.76653488147797,sekolah
-6.57636740466475,107.76604021412346,sekolah
-6.577976803594529,107.78206270562694,sekolah
-6.565477201534516,107.76400462682584,sekolah
-6.56444888984679,107.7650571994803,sekolah
-6.563066918036621,107.76690108370492,sekolah
-6.560023831899943,107.76953767464781,sekolah
-6.556229778848905,107.76759394114124,sekolah
-6.553435962540295,107.77198905466443,sekolah
-6.674451972039951,107.65354388803989,sekolah
-6.674107821934507,107.65350505044795,sekolah
-6.670594046955978,107.65348112574952,sekolah
-6.670007956917339,107.65476615674999,sekolah
-6.677445213013174,107.65154241756333,sekolah
-6.6755208761744855,107.65257264469592,sekolah
-6.679940543340367,107.65085098957077,sekolah
-6.699823399999999,107.64268244999998,sekolah
-6.820907535324753,107.15819760192151,sekolah
-6.218321301574527,106.88088097712807,sekolah
-6.218289800000002,106.88140739999999,sekolah
-6.869169953052105,108.72341306443477,sekolah
-6.819163955991421,107.14593381463708,sekolah
-6.215000895124268,106.89531712187946,sekolah
-6.7064798653718665,108.50481696380477,sekolah
-5.985124417893762,107.06037301435607,sekolah
-5.985016909618779,107.06031848098576,sekolah
-6.341678486608025,106.85466340281145,sekolah
-6.162095331611254,106.96381519623971,sekolah
-6.341447706220541,106.85707737693711,sekolah
-5.988026300000002,107.08553180000001,sekolah
-5.987805000000001,107.08574369999997,sekolah
-6.236379822754507,106.61737564942139,sekolah
-5.9876822999999995,107.07647665000002,sekolah
-5.987969773572615,107.07661961911681,sekolah
-6.150971768921289,106.97872625847988,sekolah
-6.153474335060491,106.9821219320469,sekolah
-6.222463503020777,106.88383441977003,sekolah
-6.2873667911194495,106.65027859275715,sekolah
-6.284979971522605,106.63283005692294,sekolah
-6.347984516718384,106.86257996985138,sekolah
-6.345099288802806,106.86249833299844,sekolah
-6.081216040244049,107.09148569671441,sekolah
-6.36451850192806,106.88577308399377,sekolah
-6.39781337512408,106.86394676062528,sekolah
-6.39800972170992,106.86384972508888,sekolah
-6.398211181583041,106.86385658561684,sekolah
-6.582126950000001,106.75481455,sekolah
-6.237596250000001,106.61259585000002,sekolah
-6.238199191230796,106.61295124417295,sekolah
-6.395696083443917,106.90948814435414,sekolah
-6.558044359499972,106.77254867767788,sekolah
-6.35611892343354,106.85543094790323,sekolah
-6.574216227334073,106.74599033212886,sekolah
-6.357554000000001,106.8552841,sekolah
-6.1694215054235615,107.2439539686849,sekolah
-6.169348893079213,107.24437202788717,sekolah
-6.169232481589285,107.24416676019905,sekolah
-6.16906815,107.24409134999999,sekolah
-6.166842680505576,107.24058753316235,sekolah
-6.166740099999999,107.2405736,sekolah
-6.16669208805063,107.2407085225854,sekolah
-6.1700292,107.23156525000002,sekolah
-6.169825957671889,107.2317244509277,sekolah
-6.335555824391688,106.55969199271796,sekolah
-6.158005131494903,106.98985990377207,sekolah
-6.158302717818865,106.9895449072025,sekolah
-6.674367800000001,106.84184619999999,sekolah
-6.674005751448387,106.84191067610199,sekolah
-6.673769410154633,106.84195379025572,sekolah
-6.167511529241587,107.22447857855076,sekolah
-6.167425099999999,107.22429034999999,sekolah
-6.255533600389577,106.83920635188099,sekolah
-6.215518395747167,106.87607154439449,sekolah
-6.248545180680065,106.8687776058831,sekolah
-6.254518099999999,106.82539349999999,sekolah
-6.674104140113811,106.8423685669661,sekolah
-6.67397925,106.84229384999999,sekolah
-6.673844461128739,106.84208988264781,sekolah
-6.254881256792559,106.82824183365402,sekolah
-6.268484383107448,106.83210914959332,sekolah
-6.210146998651191,106.85567859554307,sekolah
-6.210710999999999,106.8558233,sekolah
-6.23845475,106.85145324999999,sekolah
-6.236600574629785,106.86767485075866,sekolah
-6.2135793801702075,106.87117778915268,sekolah
-6.213190495851802,106.87117037696325,sekolah
-6.2636831696974475,106.53725714127347,sekolah
-6.2115092999999995,106.85939275000001,sekolah
-6.228042100000001,106.85813105,sekolah
-6.187844762318303,106.85745247477313,sekolah
-6.21845758539054,106.82807802869807,sekolah
-6.185940749000579,106.86255331215983,sekolah
-6.20986685,106.8256643,sekolah
-6.274132654135283,106.83067215098814,sekolah
-6.208917753213415,106.82352122205906,sekolah
-6.208893749180117,106.82375049154041,sekolah
-6.238838864953526,106.8560198808623,sekolah
-6.23088138615827,106.82166106274316,sekolah
-6.2633309,106.4852257,sekolah
-6.303090077780767,106.87507483667989,sekolah
-6.208016950000001,107.25059794999999,sekolah
-6.206770196010238,107.2493698812177,sekolah
-6.215956046560318,107.25533056825647,sekolah
-6.188076149999999,106.85196265,sekolah
-6.1879976999999995,106.85189760000002,sekolah
-6.187434932293069,106.85230036770938,sekolah
-6.269886364404668,106.83112284143158,sekolah
-6.219447011384347,106.86389845075476,sekolah
-6.217716199353732,106.85921141145741,sekolah
-6.185414182765163,106.85172802591491,sekolah
-6.301125855610582,106.87943427860355,sekolah
-6.208678785832395,106.86282217772802,sekolah
-6.210628115569349,106.83704707007769,sekolah
-6.20705285,106.84376670000002,sekolah
-6.208951736681222,106.84361375230239,sekolah
-6.221370598226237,106.87192600840713,sekolah
-6.265144494824481,106.81979399564973,sekolah
-6.134471683615381,106.96737122413823,sekolah
-6.1991634963013755,106.86871210059698,sekolah
-6.205838308935627,106.8602757802822,sekolah
-6.2955772911443075,106.87563028419028,sekolah
-6.2090558388035815,106.84344110660166,sekolah
-6.19521611870077,106.83833773246099,sekolah
-6.195529618359573,106.8384997260072,sekolah
-6.202969822927257,106.84407165837253,sekolah
-6.201170248510729,106.8640419523907,sekolah
-6.244234849999999,106.8526082,sekolah
-6.236832326533974,106.88003775370748,sekolah
-6.2078570276347,106.8712137365981,sekolah
-6.208106881273735,106.87187653476668,sekolah
-6.2391977148036855,106.86146500454737,sekolah
-6.225846594947195,106.87253040564735,sekolah
-6.2463260251638975,106.8570307036957,sekolah
-6.29571608013521,106.87443613041916,sekolah
-6.261913900000002,106.81310695000003,sekolah
-6.239949045701384,106.8662014748405,sekolah
-6.237448800000001,106.86162145000002,sekolah
-6.2034417500000005,106.86248515,sekolah
-6.245366141556045,106.85406436830768,sekolah
-6.265733695484902,106.8202812001658,sekolah
-6.2466348499999995,106.84846795,sekolah
-6.257796731671172,106.8066632705758,sekolah
-6.232962600208452,106.88275512389428,sekolah
-6.233982469445226,106.84465693034072,sekolah
-6.234536064714166,106.84294934977228,sekolah
-6.227476075150975,106.87905548762969,sekolah
-6.227077750000003,106.8782006,sekolah
-6.247717841546322,106.84776880759595,sekolah
-6.247665680307869,106.84810875071236,sekolah
-6.234894470547272,106.83794245307514,sekolah
-6.2227005658331525,106.88235150420903,sekolah
-6.189906904073951,106.87013517324806,sekolah
-6.2268171500000005,106.84583285,sekolah
-6.237990393613516,106.88552446664916,sekolah
-6.223285090519087,106.85549392523748,sekolah
-6.25509482450903,106.8650100932189,sekolah
-6.22279415,106.8878678,sekolah
-6.297162567744154,106.87917197688927,sekolah
-6.252694723429175,106.82250225783748,sekolah
-6.253876570098263,106.82218769164504,sekolah
-6.231049133287693,106.84312819167587,sekolah
-6.187492579468408,106.86418535201692,sekolah
-6.557980331075427,106.73568093138495,sekolah
-6.24180831958815,106.8644430982441,sekolah
-6.165894208644865,106.86288135336842,sekolah
-6.166462446958154,106.86262534251489,sekolah
-6.2862917000000005,107.15549434999998,sekolah
-6.214997406652378,106.85958442134307,sekolah
-6.22199965,106.86533874999999,sekolah
-6.250285240485076,106.86039137295434,sekolah
-6.236640347094952,106.81916405198376,sekolah
-6.2192697,106.87107220000001,sekolah
-6.189300664114887,106.86876456595498,sekolah
-6.189654753473729,106.86870649329074,sekolah
-6.189006273372304,106.86787686411913,sekolah
-6.231179634714809,106.8368434525618,sekolah
-6.204238591439351,106.87427961503606,sekolah
-6.187315162734786,106.86170265147923,sekolah
-6.182402996487502,106.86129214663522,sekolah
-6.183976860169058,106.85502400459117,sekolah
-6.225088347572944,106.853396198037,sekolah
-6.188150149669235,106.85689110689074,sekolah
-6.182762521825715,106.85209634295337,sekolah
-6.182316695314242,106.85212206285286,sekolah
-6.181844000000003,106.85211799999999,sekolah
-6.186702356296246,106.87289681421336,sekolah
-6.191230255917132,106.86501021305989,sekolah
-6.191276781179226,106.86387654156042,sekolah
-6.228615146331167,106.84981938036526,sekolah
-6.177027400000003,106.85454714999999,sekolah
-6.175909824951419,107.00307585766448,sekolah
-6.265433346668379,106.86665560453842,sekolah
-6.253200337982405,106.86402190592906,sekolah
-6.2528022986919,106.8641059897954,sekolah
-6.256466655684164,106.86260592123696,sekolah
-6.25088237248813,106.86293176515335,sekolah
-6.1923998786102015,106.8620949049059,sekolah
-6.2642896034362465,106.8630132700342,sekolah
-6.175472899826245,107.00307553812311,sekolah
-6.185155491927879,106.87031055951448,sekolah
-6.182861833381997,106.8567202227828,sekolah
-6.204345622639647,106.83761999110786,sekolah
-6.197541349402213,106.83805178921791,sekolah
-6.197703898706939,106.83774976638993,sekolah
-6.180505873830852,106.8647740189626,sekolah
-6.233819761232344,106.86871313007968,sekolah
-6.228383090414802,106.85801635241374,sekolah
-6.235942516089702,106.85540998275901,sekolah
-6.235394958897948,106.85643101230308,sekolah
-6.247321776866566,106.83811394839178,sekolah
-6.252465005433312,106.81136665671629,sekolah
-6.250601887260323,106.85893914500902,sekolah
-6.267970266573142,106.86241136810655,sekolah
-6.249655641833222,106.86970925747526,sekolah
-6.255591766851261,106.86986711365967,sekolah
-6.250069135906683,106.86945512244618,sekolah
-6.249623352129054,106.86933185980605,sekolah
-6.253035516267556,106.86497006537064,sekolah
-6.229103931285517,106.84964720292811,sekolah
-6.656230000000001,106.84495665,sekolah
-6.25603485586457,106.8611643320341,sekolah
-6.263786797638277,106.85881176981081,sekolah
-6.6613848913841025,106.84233551786033,sekolah
-6.180119899434562,106.85897860057347,sekolah
-6.177477967164149,106.85602326674048,sekolah
-6.250546019616456,106.80857884336969,sekolah
-6.258382276214629,106.85737081295795,sekolah
-6.20662828411422,106.86003666828096,sekolah
-6.24389609003995,106.82495143963526,sekolah
-6.244634878504193,106.82875407445408,sekolah
-6.196503107119086,106.86206171827072,sekolah
-6.193931075701563,106.86432939232792,sekolah
-6.194392590945378,106.82852427545814,sekolah
-6.181777514053965,106.86468680301986,sekolah
-6.260188230108997,106.87260432832771,sekolah
-6.177295274058876,106.84824738303722,sekolah
-6.178735943885578,106.85998729875031,sekolah
-6.177292689060959,106.85911158745287,sekolah
-6.17530054374068,106.86316545625311,sekolah
-6.178761651018301,106.86396134350684,sekolah
-6.1863406221371235,106.86728518976433,sekolah
-6.17710614700998,106.85967260670398,sekolah
-6.180124584773157,106.86659581427872,sekolah
-6.186343607160009,106.86952953351488,sekolah
-6.182347133912061,106.85044097608241,sekolah
-6.18218072470913,106.85023215096119,sekolah
-6.176073801134529,106.84675317092241,sekolah
-6.179152633541517,106.84728238572819,sekolah
-6.2221125154899415,106.92919022529702,sekolah
-6.225912798389852,106.92971651783384,sekolah
-6.247802573501585,106.81258829569035,sekolah
-6.2471485316508675,106.81256521917686,sekolah
-6.238303077688038,106.88938320520177,sekolah
-6.2211484817494815,106.87095003740956,sekolah
-6.2213502960474605,106.87361250256671,sekolah
-6.1978205948353375,106.84230196607552,sekolah
-6.214415685208951,106.86520887838698,sekolah
-6.193502403142275,106.84279737197906,sekolah
-6.230550613604659,106.86960114709841,sekolah
-6.18493737706981,106.87424899461162,sekolah
-6.18467577590206,106.87280814388036,sekolah
-6.183169472197264,106.87243301167513,sekolah
-6.183433868105958,106.87240439755408,sekolah
-6.224585054057195,106.841084775396,sekolah
-6.229133378819906,106.83684428355532,sekolah
-6.210832370028653,106.91864343109837,sekolah
-6.189899571699578,106.82593770038022,sekolah
-6.190447217714931,106.82674589478422,sekolah
-6.247487385589701,106.83627237186845,sekolah
-6.205288681134807,106.83924932902362,sekolah
-6.27114222870018,106.85938993743152,sekolah
-6.239081190606326,106.84385641376174,sekolah
-6.20061718727154,106.86268511477556,sekolah
-6.242190985271593,106.87333415297054,sekolah
-6.242057441633109,106.87315301850934,sekolah
-6.241834677445316,106.87277044165877,sekolah
-6.242735635419425,106.8705800295327,sekolah
-6.215832608030604,106.84788976641688,sekolah
-6.1834189551486185,106.8703969233036,sekolah
-6.229335500000002,106.85930550000002,sekolah
-6.219569161063127,106.83780496622255,sekolah
-6.217319788541516,106.84101510033715,sekolah
-6.216948522860021,106.84125959276189,sekolah
-6.216829959321789,106.84115279321895,sekolah
-6.216262032533589,106.84153598139747,sekolah
-6.216732155808682,106.84384169359451,sekolah
-6.2844923772092,106.86250465150253,sekolah
-6.271548805529395,106.86469485486367,sekolah
-6.276008113950304,106.86604176673521,sekolah
-6.278464924741361,106.8608992403315,sekolah
-6.289562699999999,106.8574195,sekolah
-6.282423125706968,106.86287828081768,sekolah
-6.2765728904408915,106.8616251072631,sekolah
-6.284125218819428,106.86395389530846,sekolah
-6.231850419309005,106.85876479797291,sekolah
-6.200954902733659,106.86238440579011,sekolah
-6.284381282181303,106.85887083418208,sekolah
-6.234032950000002,106.85025205000001,sekolah
-6.18294305,106.83700305,sekolah
-6.172198801352149,106.86932701521457,sekolah
-6.171206095917678,106.87041186871296,sekolah
-6.2712011861446815,106.858430113122,sekolah
-6.276032747995698,106.86164384939426,sekolah
-6.177980357274743,106.87221189904164,sekolah
-6.205930143245561,106.9223720683067,sekolah
-6.206527723854634,106.9208279412373,sekolah
-6.227472900000001,106.87223705,sekolah
-6.22718413337849,106.87228880644567,sekolah
-6.2046688921194555,106.87147516872689,sekolah
-6.2425208160048,106.82252172657466,sekolah
-6.214181876215423,106.92029960552583,sekolah
-6.21200489876949,106.92061837531939,sekolah
-6.2126889695667105,106.86215641140708,sekolah
-6.259854248546043,106.8346246823255,sekolah
-6.2595519984080585,106.83467321666933,sekolah
-6.259186796829778,106.83468454958663,sekolah
-6.214001789997274,106.87237749672538,sekolah
-6.232078546616689,106.87345548355525,sekolah
-6.215468722243523,106.82628537815648,sekolah
-6.213681098413732,106.82740595536751,sekolah
-6.245775221747509,106.81650184527734,sekolah
-6.264438311006901,106.86277882805688,sekolah
-6.242089885760672,106.81751664238186,sekolah
-6.254474331933225,106.83706245312165,sekolah
-6.233309420868193,106.85479335039007,sekolah
-6.186968524716355,106.87463074141462,sekolah
-6.1751859499999995,106.86678805000001,sekolah
-6.209334245177225,106.87044923858811,sekolah
-6.2043466284391515,106.85029941201027,sekolah
-6.204143802538323,106.84987036631705,sekolah
-6.260917671871607,106.84563176780033,sekolah
-6.210999337320805,106.83920663255321,sekolah
-6.211902782070968,106.84488656278741,sekolah
-6.197770606383028,106.8480880800228,sekolah
-6.262278549091285,106.84550204323838,sekolah
-6.194158814698629,106.845763370943,sekolah
-6.278284941226409,106.8664699230874,sekolah
-6.283034240269263,106.86183840696178,sekolah
-6.290249253753551,106.85743479513305,sekolah
-6.283992929777117,106.86333512823136,sekolah
-6.192643796692061,106.83943904135236,sekolah
-6.191161736185603,106.84265239329923,sekolah
-6.194970566069884,106.83919428626565,sekolah
-6.19403971174119,106.84225935967336,sekolah
-6.194414991762296,106.84229733483986,sekolah
-6.186462902223364,106.84181636025711,sekolah
-6.217561814679143,106.88136212626672,sekolah
-6.248835727670793,106.81848132529727,sekolah
-6.248556649999999,106.81164084999999,sekolah
-6.249103587687272,106.82127992292206,sekolah
-6.253289318265431,106.81832608411042,sekolah
-6.249000793801264,106.82215183611531,sekolah
-6.2500819643677445,106.83508871176596,sekolah
-6.245449056676544,106.83126627532654,sekolah
-6.246349814309651,106.83335374895582,sekolah
-6.248939191485146,106.82982967848103,sekolah
-6.229769225959224,106.84162611043006,sekolah
-6.23945863419517,106.84185235622357,sekolah
-6.239530620898541,106.84447551115355,sekolah
-6.239292406815315,106.84455351493163,sekolah
-6.250264852661854,106.82007462133544,sekolah
-6.212312551251482,106.85375292603459,sekolah
-6.216142103148443,106.85504450905381,sekolah
-6.292482367311443,106.86222765956188,sekolah
-6.290099394594357,106.86888948952134,sekolah
-6.292964662167686,106.86221483854676,sekolah
-6.293356647516799,106.86219936921174,sekolah
-6.292937605013299,106.86183755070392,sekolah
-6.288096600000005,106.8676531,sekolah
-6.2879510111075385,106.86741285596776,sekolah
-6.217082100267332,106.88386500870284,sekolah
-6.197750802083096,106.90567980920005,sekolah
-6.210396548848318,106.9035798154762,sekolah
-6.2038658660931505,106.90581358658203,sekolah
-6.223206579375251,106.87752178295801,sekolah
-6.220241878459459,106.88043877331748,sekolah
-6.2184123220140775,106.87622295851031,sekolah
-6.157691524598687,106.80043065807877,sekolah
-6.159129068538832,106.79897763201555,sekolah
-6.218759414975966,106.88515210435972,sekolah
-6.2635838,106.82924045,sekolah
-6.212420963606821,106.85527180413683,sekolah
-6.174534349999996,106.88180399999997,sekolah
-6.2448607670344645,106.83123495047288,sekolah
-6.1674222395881175,106.84445422422408,sekolah
-6.241464635445179,106.85031803980182,sekolah
-6.204644926760396,106.86758701062963,sekolah
-6.253878500000001,106.84221264999998,sekolah
-6.290381223233246,106.86422134452442,sekolah
-6.203985491111466,106.87016950254177,sekolah
-6.213666892484065,106.92170147014099,sekolah
-6.202931866529787,106.92063577684979,sekolah
-6.211260872889098,106.91855811667581,sekolah
-6.214190486321262,106.92046449542292,sekolah
-6.196793511051857,106.92093257093768,sekolah
-6.208695525300465,106.92160768667686,sekolah
-6.150928841551521,106.79744267300511,sekolah
-6.210895432260333,106.87266004778384,sekolah
-6.197759325627271,106.92432403746776,sekolah
-6.196639856743786,106.92291837528632,sekolah
-6.198719031205425,106.92610684672269,sekolah
-6.29068879608599,106.86318238958243,sekolah
-6.285833113279156,106.86945224028834,sekolah
-6.289293840048458,106.86212171932696,sekolah
-6.292145457775422,106.86960636989754,sekolah
-6.287447538639716,106.86630261070636,sekolah
-6.206650011175611,106.92489455705437,sekolah
-6.206119550000001,106.9255632,sekolah
-6.208905436565472,106.92412131658277,sekolah
-6.2059316795996295,106.92652643116823,sekolah
-6.205783730112855,106.92546906107502,sekolah
-6.20482050208825,106.85023523461591,sekolah
-6.203154849944265,106.85410391388936,sekolah
-6.200836826198531,106.92216483599718,sekolah
-6.153369942070968,106.85691618350823,sekolah
-6.251077608831704,106.82467285260132,sekolah
-6.252106902924181,106.82740964391999,sekolah
-6.185705132428455,106.83468467285093,sekolah
-6.276626421924277,106.85191546069635,sekolah
-6.2750390305405235,106.8523986209071,sekolah
-6.265595382835868,106.83529842249163,sekolah
-6.264978514961963,106.83822085786487,sekolah
-6.178742299847416,106.83555995453662,sekolah
-6.17823237368738,106.83421863948033,sekolah
-6.174832132600136,106.83498984357682,sekolah
-6.210368122214478,106.82558359041532,sekolah
-6.210581447361829,106.82611723047768,sekolah
-6.263466283432369,106.83218294404013,sekolah
-6.218860370748345,106.84896691875856,sekolah
-6.142926854892741,106.79599606415375,sekolah
-6.1484956,106.79778024999999,sekolah
-6.144506750000001,106.79501469999998,sekolah
-6.143606790936545,106.79267128252617,sekolah
-6.220381964923029,106.85395436946509,sekolah
-6.220370258797459,106.85344099934922,sekolah
-6.222895682668809,106.86269139809271,sekolah
-6.282028948758354,106.85447952946035,sekolah
-6.29071703989567,106.85053576672557,sekolah
-6.292929305193192,106.85535913198808,sekolah
-6.89272735,107.59229200000001,sekolah
-6.891843471997583,107.58999067440224,sekolah
-6.147033111414926,106.79315487682446,sekolah
-6.203357100000003,106.87043554999998,sekolah
-6.198998275051048,106.86869610211431,sekolah
-6.199778314381652,106.86881492546917,sekolah
-6.146252265270621,106.79765271774153,sekolah
-6.557727302956274,106.75523513844048,sekolah
-6.557621634003679,106.75517653362085,sekolah
-6.55766114358456,106.75513441541361,sekolah
-6.5577779,106.75500619999998,sekolah
-6.1529547082879805,106.79848829928865,sekolah
-6.15096525,106.79867155000001,sekolah
-6.168291547583629,106.83315896073698,sekolah
-6.262022906097546,106.8420767567776,sekolah
-6.196309252003401,106.85440665615452,sekolah
-6.2740152357885375,106.8318670632374,sekolah
-6.2037010709364,106.92056616858595,sekolah
-6.180523085874134,106.86692002797446,sekolah
-6.1803606215679,106.86540930524761,sekolah
-6.184820038328652,106.92429678958983,sekolah
-6.252801806522202,106.83970257241958,sekolah
-6.253064490727424,106.83344994267509,sekolah
-6.631965667973577,106.83561674814132,sekolah
-6.181417825505349,106.92212749947372,sekolah
-6.198039661368759,106.8474923538148,sekolah
-6.197720517917105,106.85083378802597,sekolah
-6.18695846510271,106.84340770723225,sekolah
-6.1850261053462265,106.84300522788521,sekolah
-6.158517851892833,106.95291559771307,sekolah
-6.1685706280015005,106.84977141893026,sekolah
-6.1607869427470625,106.95240988633488,sekolah
-6.639171350000001,106.81557445000003,sekolah
-6.63903475,106.81631940000001,sekolah
-6.270569543309368,106.87150181276527,sekolah
-6.2694034,106.87506040000001,sekolah
-6.1984400956196435,106.8694012355929,sekolah
-6.194050635409391,106.87120289096809,sekolah
-6.193727731595909,106.87122219038412,sekolah
-6.2741953541891835,106.87365432343576,sekolah
-6.273684234602521,106.86977530229456,sekolah
-6.2168075437976595,106.72474187267386,sekolah
-6.1703632,106.97294205,sekolah
-6.1703566,106.97278694999999,sekolah
-6.179323350000001,106.8436272,sekolah
-6.2198986223956565,106.85377403719257,sekolah
-6.1960612200685246,106.87300174795155,sekolah
-6.222557049999999,106.85859335000002,sekolah
-6.16123725,106.74831894999998,sekolah
-6.181660369220308,106.86121497414862,sekolah
-6.182040031765018,106.86062530615743,sekolah
-6.16190366960678,106.84232337903883,sekolah
-6.1978218499999995,106.86643444999999,sekolah
-6.197788549999999,106.86594195,sekolah
-6.195821967884179,106.86791480579663,sekolah
-6.194736496858248,106.86296618454769,sekolah
-6.258150888073144,106.82331004874075,sekolah
-6.236836058982919,106.88898869559296,sekolah
-6.237255213543914,106.88822276727824,sekolah
-6.23374605,106.88641850000003,sekolah
-6.184084015410935,106.81892722937802,sekolah
-6.183495101773383,106.81714501771764,sekolah
-6.181758548464847,106.81507320570525,sekolah
-6.186051880064224,106.81791138382924,sekolah
-6.186250721368228,106.81846140946986,sekolah
-6.140538480004839,106.80233990585391,sekolah
-6.137495662741374,106.80239125505945,sekolah
-6.140769054324223,106.80461679524711,sekolah
-6.140482094500546,106.80107628263895,sekolah
-6.13973877168245,106.80719584662357,sekolah
-6.227825403564574,106.8908177646778,sekolah
-6.227609999999999,106.88523735,sekolah
-6.227674105521669,106.88545222498738,sekolah
-6.278910689619737,106.86110983492803,sekolah
-6.2788442254429775,106.85710544909786,sekolah
-6.205012545404913,106.79612537604214,sekolah
-6.289082657590165,106.86237091248552,sekolah
-6.154582216487219,106.8400413296867,sekolah
-6.17359270152609,106.74870396842621,sekolah
-6.225672704019726,106.88641903097364,sekolah
-6.225334349788083,106.88663262564398,sekolah
-6.17616119264791,106.73867847613974,sekolah
-6.285527557202665,106.87146147092032,sekolah
-6.236471731881323,106.88353401162183,sekolah
-6.236385230993627,106.88403792300645,sekolah
-6.237585124130387,106.88169604183726,sekolah
-6.20078201242264,106.90622975706006,sekolah
-6.1805883470904295,106.73212039159263,sekolah
-6.279189887588935,106.85173696391759,sekolah
-6.167572460965153,106.81343931554899,sekolah
-6.2295296627864545,106.87921680234848,sekolah
-6.223731351567166,106.88183642071718,sekolah
-6.221990018729252,106.88178551963462,sekolah
-6.229296417736452,106.8819104096726,sekolah
-6.227439908164789,106.88159799332777,sekolah
-6.228380224800213,106.87808668885793,sekolah
-6.218547972574879,106.88603983388128,sekolah
-6.847037009662898,107.59186468355918,sekolah
-6.219258049999999,106.89537339999998,sekolah
-6.2195832938027875,106.89549310526395,sekolah
-6.221242363138521,106.89303433869374,sekolah
-6.273632612575476,106.85548265478987,sekolah
-6.142621500000001,106.81228804999999,sekolah
-6.143637600000001,106.80341690000002,sekolah
-6.143067690228545,106.81141230628585,sekolah
-6.276626235884379,106.87153179594021,sekolah
-6.269192487427517,106.86874665540863,sekolah
-6.285771057325108,106.87279282495929,sekolah
-6.28531696700106,106.87276090459959,sekolah
-6.275224840214282,106.87095258435421,sekolah
-6.279403820303285,106.87276944723892,sekolah
-6.14637285,106.80146330000001,sekolah
-6.145249337853218,106.80593189028272,sekolah
-6.1472801712287195,106.80647548389999,sekolah
-6.179782648670349,106.94842403102265,sekolah
-6.182936652836971,106.94813249717805,sekolah
-6.181296499999999,106.94694569999999,sekolah
-6.2060550999999995,106.87897589999999,sekolah
-6.167559193181095,106.85654279111748,sekolah
-6.1726021157617375,106.85366980932588,sekolah
-6.206476239057418,106.87843817550834,sekolah
-6.166861818407288,106.85695272079244,sekolah
-6.173156312552167,106.85609680267862,sekolah
-6.170910419482177,106.85518180517867,sekolah
-6.278838501747075,107.17629206270894,sekolah
-6.656125260376796,106.84496602230222,sekolah
-6.655910150000001,106.8445547,sekolah
-6.181052599999997,106.88302334999999,sekolah
-6.181045256828979,106.88260934466498,sekolah
-6.181279922764225,106.88208601619912,sekolah
-6.174953708569153,106.80849780727678,sekolah
-6.177333217803047,106.81005379178765,sekolah
-6.177098421766715,106.80979202276448,sekolah
-6.179131,106.89187295,sekolah
-6.1630305633048055,106.9646128012011,sekolah
-6.169224681431145,106.94942784473739,sekolah
-5.983895849999998,107.04489659999999,sekolah
-5.9839455931242265,107.04468923451643,sekolah
-6.1756503177356,106.95154042177782,sekolah
-6.1754632208914355,106.9510489127003,sekolah
-6.17249239537004,106.94915666339718,sekolah
-6.1721503532227775,106.94972633039593,sekolah
-6.170662106204388,106.80991973971469,sekolah
-6.135023005690992,106.79691019448443,sekolah
-6.151154568085298,106.80245596474917,sekolah
-6.1628827658897185,106.80879382758975,sekolah
-6.179716355212303,106.94780416609832,sekolah
-6.165107564601592,106.96310577297878,sekolah
-6.181383381799842,106.89592153088516,sekolah
-6.1811689634388065,106.89571796238636,sekolah
-6.253230101234285,106.86778057301031,sekolah
-6.255273950045992,106.86865137397068,sekolah
-6.191812639703515,106.78336807027063,sekolah
-6.191792858122033,106.78283490724742,sekolah
-6.185444272753147,106.9574700592299,sekolah
-6.181685457060711,106.95748848615548,sekolah
-6.182951428681793,106.95742245863788,sekolah
-6.185458571906984,106.95417730464183,sekolah
-6.183525603990377,106.95309101438313,sekolah
-6.164281352216007,106.94856282268283,sekolah
-6.167293950889305,106.9507451608526,sekolah
-6.166734349319695,106.95083611282328,sekolah
-6.163203100000007,106.96434569999998,sekolah
-6.206547175578002,106.88390427972902,sekolah
-6.164944995878666,106.96351923672158,sekolah
-6.169857783700003,106.8494353794833,sekolah
-6.1874976308573775,106.82211913055353,sekolah
-6.1912875910207505,106.81742707414895,sekolah
-6.192237479668409,106.81902451785369,sekolah
-6.19132455,106.8117575,sekolah
-6.149231800000001,106.80654285000001,sekolah
-6.149523250266256,106.80715945134588,sekolah
-6.14927105,106.80705069999999,sekolah
-6.204016501791995,106.78432616432359,sekolah
-6.198194999926397,106.79078046646758,sekolah
-6.207573097458275,106.7883475856005,sekolah
-6.203021582571489,106.78576323368183,sekolah
-6.203191334008708,106.78489669480741,sekolah
-6.203519218991002,106.78469665625045,sekolah
-6.203620326868386,106.7842787108949,sekolah
-6.378053702419156,106.90569320259074,sekolah
-6.183177012651957,106.87215322095413,sekolah
-6.182699958540112,106.87232888460242,sekolah
-6.332189179665791,107.28335774561643,sekolah
-6.187229691226934,106.7426795794946,sekolah
-6.15726755,106.80668,sekolah
-6.164734350213763,106.81635499572545,sekolah
-6.164416734138588,106.81597100523037,sekolah
-6.287419655474353,106.87400020148135,sekolah
-6.292402619072135,106.87630360924352,sekolah
-6.2929681984104135,106.87693746230455,sekolah
-6.113821974216004,107.24697797763997,sekolah
-6.112982969178573,107.2468838518098,sekolah
-6.160928806469432,106.75549007390782,sekolah
-6.187137499999999,106.93554189999998,sekolah
-6.201387111608482,106.79685328251384,sekolah
-6.202435894865616,106.7866840342105,sekolah
-6.19923380600067,106.79582870768557,sekolah
-6.205712331519734,106.7961905937197,sekolah
-6.201628521860758,106.7921252963322,sekolah
-6.201540848167684,106.79153505295169,sekolah
-6.19825607929505,106.79104692640529,sekolah
-6.203660536328293,106.78942534395469,sekolah
-6.117780900000002,107.24246105,sekolah
-6.169194054383032,106.81744009057485,sekolah
-6.168672207415188,106.81730454908327,sekolah
-6.170034360299896,106.74801854780885,sekolah
-6.180395705167849,106.74148152919824,sekolah
-6.175848799999998,106.73432434999997,sekolah
-6.174046108156074,106.74936546189032,sekolah
-6.181487799625618,106.73170401137213,sekolah
-6.17658914146302,106.73640592191032,sekolah
-6.199054634503884,106.87203237379113,sekolah
-6.196479483118455,106.86786866955903,sekolah
-6.17665904997845,106.93569698495752,sekolah
-6.191243835376946,106.94271254729202,sekolah
-6.184606088765471,106.94001199775626,sekolah
-6.175262494486791,106.93689374501503,sekolah
-6.1811249526122,106.94003193633323,sekolah
-6.181313956305112,106.93932951495118,sekolah
-6.180580188639106,106.93980064096266,sekolah
-6.180514083756761,106.93896527110175,sekolah
-6.1538240500000025,106.80713945000001,sekolah
-6.1540766999932845,106.80408708025152,sekolah
-6.152502379472667,106.80561535061925,sekolah
-6.17137232436135,106.86031755111068,sekolah
-6.192911597860915,106.79131265166772,sekolah
-6.1929016500000005,106.7943049,sekolah
-6.1948514,106.78837695,sekolah
-6.193779239051601,106.7912526081845,sekolah
-6.191101816197137,106.79481432615252,sekolah
-6.1931011716415485,106.7946941931314,sekolah
-6.1935546678478,106.79150215788424,sekolah
-6.210339992444449,106.88349245403334,sekolah
-6.20909794063315,106.87634451468786,sekolah
-6.210967011966395,106.87466304466066,sekolah
-6.211615235130657,106.87519367864705,sekolah
-6.18794829125243,106.72523165519993,sekolah
-6.184013698372594,106.75621307366941,sekolah
-6.177758631847496,106.74814931577914,sekolah
-6.202680411711164,106.8822073429112,sekolah
-6.203350818803144,106.88240633611147,sekolah
-6.203877142916962,106.88180737408219,sekolah
-6.205185742346606,106.8806125272562,sekolah
-6.3096588390686605,106.96033934769578,sekolah
-6.523886849999999,106.75980795,sekolah
-6.102180000000001,107.21394500000001,sekolah
-6.102162865529713,107.21378283352207,sekolah
-6.099019279797489,107.20766163945892,sekolah
-6.0987993000000005,107.20781099999999,sekolah
-6.098704485487045,107.20764014212973,sekolah
-6.165985618810623,106.93346044954644,sekolah
-6.159729247447818,106.93218016219323,sekolah
-6.174428150079241,106.93904918978541,sekolah
-6.175099424169897,106.93889793851739,sekolah
-6.160764995166298,106.93206157039259,sekolah
-6.174436487500601,106.93832792845238,sekolah
-6.1592030888696705,106.93323846400422,sekolah
-6.172515481462647,106.93462601444936,sekolah
-6.166994277716058,106.86823841837308,sekolah
-6.167187482089531,106.86035439457808,sekolah
-6.178290888003296,106.8396288786284,sekolah
-6.10532375,107.2224874,sekolah
-6.280745040686363,106.87932024009284,sekolah
-6.282294941125176,106.87747855389793,sekolah
-6.15589106558005,106.80216634025034,sekolah
-6.156293556282338,106.80315937953294,sekolah
-6.185137899015667,106.84507147388643,sekolah
-6.591815160126703,106.78078838239186,sekolah
-6.574067376803592,106.7699347531811,sekolah
-6.1953283500000005,106.7518888,sekolah
-6.196544835836846,106.7544182995797,sekolah
-6.195882680140213,106.75632390388576,sekolah
-6.1972912766713435,106.76098708091554,sekolah
-6.196279644190185,106.75896460194305,sekolah
-6.196314988521212,106.75919521183826,sekolah
-6.2121310748501495,106.81501490679568,sekolah
-6.205024819281192,106.89109251940596,sekolah
-6.204967014277777,106.89090035029896,sekolah
-6.20594552707827,106.88844675660575,sekolah
-6.2052571761825694,106.89259946625977,sekolah
-6.203153398985523,106.88824318086779,sekolah
-6.273134507985007,106.88174197139169,sekolah
-6.266470369817103,106.87531624045815,sekolah
-6.182352516461944,106.96075619378178,sekolah
-6.184014715574713,106.96308497829646,sekolah
-6.177288841988382,106.96962719839165,sekolah
-6.159088939900951,106.80477837984358,sekolah
-6.159766432633675,106.80569326416574,sekolah
-6.18298219700142,106.96043540158506,sekolah
-6.184542726481131,106.96402008183482,sekolah
-6.184271204958396,106.9635623973862,sekolah
-6.15293654461892,106.8102650299076,sekolah
-6.208156488637635,106.88947882002387,sekolah
-6.354596187500171,106.79703229488457,sekolah
-6.1606963607072185,106.80616074765985,sekolah
-6.161195309122686,106.80564393558619,sekolah
-6.210969699999999,106.89677164999998,sekolah
-6.2098292753520905,106.89432666272407,sekolah
-6.188335601035359,106.80822748659381,sekolah
-6.187612622910726,106.81008761990351,sekolah
-6.211403696773662,106.89064277275277,sekolah
-6.197689319092333,106.73879351832072,sekolah
-6.1921976999999995,106.73854924999999,sekolah
-6.201677579222473,106.73728548085273,sekolah
-6.19495575,106.73688725000001,sekolah
-6.168916702849932,106.8535525755527,sekolah
-6.163000821170865,106.85865968476787,sekolah
-6.16068605,106.85562650000001,sekolah
-6.200627948122088,106.86569151106644,sekolah
-6.2003030349917845,106.86812812316619,sekolah
-6.200241063548922,106.86869062745598,sekolah
-6.201790978580156,106.86490554549832,sekolah
-6.202468104850002,106.86461353472293,sekolah
-6.202956607392056,106.86432438677663,sekolah
-6.202675468132208,106.86948119774215,sekolah
-6.203238919920993,106.86955249839815,sekolah
-6.203443273757686,106.87085204401312,sekolah
-6.585077364103221,106.78343376794331,sekolah
-6.569055115001522,106.76414044085325,sekolah
-6.5830532147189516,106.76844050813968,sekolah
-6.576497407533511,106.73963165381767,sekolah
-6.168242442217596,106.84929547993436,sekolah
-6.172199670685085,106.84922599970238,sekolah
-6.212640316173406,106.87312439547443,sekolah
-6.188002510730065,106.96551246707567,sekolah
-6.187147687553778,106.96545721246993,sekolah
-6.185379530513575,106.96211646868632,sekolah
-6.185783998140938,106.96503815944547,sekolah
-6.186916443370316,106.96616424123795,sekolah
-6.186887019597025,106.96596858369209,sekolah
-6.187488112972488,106.96571246001062,sekolah
-6.185208619566581,106.96300225868498,sekolah
-6.259224764409963,106.87839556611794,sekolah
-6.264079987300035,106.88376509673367,sekolah
-6.2108285072911595,106.79647555057454,sekolah
-6.18326132408342,106.8065010800056,sekolah
-6.164259061770897,106.80149168349902,sekolah
-6.164811713743859,106.80110735807081,sekolah
-6.161078799999999,106.799438,sekolah
-6.188743399999997,106.95183390000001,sekolah
-6.1607537,106.8141643,sekolah
-6.161987865913558,106.81667032405116,sekolah
-6.163779475583029,106.81163458300963,sekolah
-6.194563474838006,106.88738743091037,sekolah
-6.201090403217029,106.8843185321569,sekolah
-6.199450091631784,106.88466867496287,sekolah
-6.198185593476609,106.88474714889476,sekolah
-6.1992119000000026,106.88038845,sekolah
-6.199114192917317,106.88017972846936,sekolah
-6.1958083042188425,106.88729072449792,sekolah
-6.195827655126467,106.88832962608159,sekolah
-6.1982614499999995,106.88811069999998,sekolah
-6.156720750000006,106.85671384999998,sekolah
-6.153701375682082,106.8582509090238,sekolah
-6.1633044118220415,106.85080132256184,sekolah
-6.154793089659641,106.85886453217731,sekolah
-6.1928622957550115,106.95865217412802,sekolah
-6.213958960657033,106.73626906589568,sekolah
-6.214384208385615,106.73632344433037,sekolah
-6.193275239306118,106.72723499994714,sekolah
-6.196107250000001,106.72899655000002,sekolah
-6.19593372198641,106.72935437375548,sekolah
-6.204148629640644,106.74103140028475,sekolah
-6.155803949999999,106.85520024999998,sekolah
-6.163124149500501,106.85040835406461,sekolah
-6.1627750514169275,106.85035586485006,sekolah
-6.1506889473199005,106.80812123680168,sekolah
-6.215078849999999,106.72284835000002,sekolah
-6.206836995677795,106.88042326719452,sekolah
-6.15405608405561,106.85801874768558,sekolah
-6.196719928040174,106.8517213788439,sekolah
-6.195843917393095,106.8967253252873,sekolah
-6.19837843379879,106.89150373350465,sekolah
-6.1989342,106.89551299999997,sekolah
-6.199293280803757,106.89226721675185,sekolah
-6.214463024214388,106.72739338283267,sekolah
-6.165256858326868,106.82431343369814,sekolah
-6.1650419,106.8221994,sekolah
-6.145253490660744,106.81015604414017,sekolah
-6.142260097615677,106.80897203825126,sekolah
-6.173295563177253,106.81728640248737,sekolah
-6.172968538382721,106.81681012489656,sekolah
-6.303064448149556,106.87247080905978,sekolah
-6.192759024206287,106.88788114623239,sekolah
-6.192640766887952,106.88750925952468,sekolah
-6.175539481304849,106.82002388949269,sekolah
-6.293124032150506,106.88808507681517,sekolah
-6.198803220735251,106.89924177076253,sekolah
-6.199569584040487,106.8995290660405,sekolah
-6.194486654373588,106.8068278318858,sekolah
-6.195850269737398,106.80822617794722,sekolah
-6.196088003146236,106.80818755612846,sekolah
-6.192838632230345,106.8083702607459,sekolah
-6.196092713869466,106.80571038299973,sekolah
-6.199836739506111,106.80336727435501,sekolah
-6.19553505,106.80631325000002,sekolah
-6.198002752337598,106.80770509206842,sekolah
-6.190211977236123,106.8790329195939,sekolah
-6.256747719702935,106.88202511457138,sekolah
-6.211187375892935,106.94595109877733,sekolah
-6.183830470489435,106.81770242591621,sekolah
-6.165187068067794,106.84304541591969,sekolah
-6.163666214666092,106.84741082075584,sekolah
-6.338215861878156,106.82781737564208,sekolah
-6.366474887978249,106.88811392460657,sekolah
-6.192558399320327,106.80225967704384,sekolah
-6.1984241051991145,106.80277741210038,sekolah
-6.191048862748145,106.80012219287822,sekolah
-6.195857093691603,106.80458092670379,sekolah
-6.193510078667285,106.80129058290747,sekolah
-6.193611428531802,106.80095995098415,sekolah
-6.191395449122996,106.79996919269293,sekolah
-6.194066373289236,106.79804012127356,sekolah
-6.16468284210202,106.84824962817174,sekolah
-6.179983652322134,106.79926312308423,sekolah
-6.1754587271492545,106.80363988197543,sekolah
-6.179537680353959,106.79905781281079,sekolah
-6.359881186771444,106.88766635032911,sekolah
-6.166156670412337,106.81593169839995,sekolah
-6.159532612243399,106.8468852169192,sekolah
-6.213510632630338,106.74168044462296,sekolah
-6.213221809373921,106.74170627577078,sekolah
-6.186081251623103,106.8959828742459,sekolah
-6.162445790305545,106.86509038150945,sekolah
-6.198596380746562,106.95767532226944,sekolah
-6.196936035065064,106.94959863637438,sekolah
-6.208119067247949,106.9588616473649,sekolah
-6.205188441026575,106.95909148843421,sekolah
-6.203522950000001,106.96071165000002,sekolah
-6.198176392384118,106.96287282453396,sekolah
-6.197780301010004,106.96369822387234,sekolah
-6.1973716171684154,106.96377086947501,sekolah
-6.192534864053041,106.96566837400704,sekolah
-6.19517907942424,106.96514927994748,sekolah
-6.204513041013762,106.96563862151298,sekolah
-6.207796664757834,106.96273782564714,sekolah
-6.211532935354789,106.96258499919696,sekolah
-6.209248290695089,106.95418941377562,sekolah
-6.2055791546176735,106.94141867289203,sekolah
-6.205536384225967,106.94061847211185,sekolah
-6.205031175432552,106.94068376632893,sekolah
-6.205063590517439,106.94137099017422,sekolah
-6.20496708424071,106.95281946280959,sekolah
-6.203135655758466,106.95332966217735,sekolah
-6.203504488416899,106.95535666155136,sekolah
-6.212935071529865,106.94723473836797,sekolah
-6.199164982748536,106.94264582929452,sekolah
-6.1970036342334796,106.94301985427983,sekolah
-6.1966869156579465,106.94253027540424,sekolah
-6.199712320159713,106.94101812413912,sekolah
-6.199590762331388,106.95569600980095,sekolah
-6.199948573011412,106.95429821940542,sekolah
-6.200073502578203,106.95515694922265,sekolah
-6.237085593571708,106.81075507442662,sekolah
-6.1126818,106.88812805,sekolah
-6.1127625730457495,106.88858996424398,sekolah
-6.199170499999999,106.93526854999999,sekolah
-6.209767169702548,106.78928196221078,sekolah
-6.2886204999999995,106.89989565,sekolah
-6.114265825650828,106.88900382008931,sekolah
-6.15009495262864,106.88273106292691,sekolah
-6.129967726771445,106.88754999629771,sekolah
-6.120919507866669,106.89563144012017,sekolah
-6.121315936348485,106.89559222264144,sekolah
-6.303741733556565,106.90765973715087,sekolah
-6.303724302744053,106.90716153445179,sekolah
-6.145763143175037,106.90500356010064,sekolah
-6.208086450000003,106.78638679999999,sekolah
-6.308416499999999,106.88866259999999,sekolah
-6.16346191973052,106.88471988963674,sekolah
-6.163126199999999,106.88499809999998,sekolah
-6.164323869220105,106.88452847837034,sekolah
-6.20812635,106.78358884999999,sekolah
-6.307713893441842,106.89538739353665,sekolah
-6.27578547563792,106.88771285842301,sekolah
-6.275448068268429,106.88785290290045,sekolah
-6.27566831911489,106.88685313518076,sekolah
-6.346787828168962,106.89930969306282,sekolah
-6.125451378129235,106.91505580289085,sekolah
-6.1672199891256,106.84173995164925,sekolah
-6.161334666956762,106.8447655300778,sekolah
-6.170176920908172,106.84101685141474,sekolah
-6.28022495,106.79248319999999,sekolah
-6.280092972757032,106.7922844637713,sekolah
-6.197846393223918,106.90456724030211,sekolah
-6.201888142675346,106.90165482728702,sekolah
-6.20421470329553,106.90026758021665,sekolah
-6.183296079233904,106.90618535772806,sekolah
-6.136567503047397,106.86474304061818,sekolah
-6.354817374559369,106.89721202656929,sekolah
-6.158974982154109,106.88492324431544,sekolah
-6.213072959660141,106.78745628993791,sekolah
-6.210944578106462,106.90037970187774,sekolah
-6.211687201844292,106.90079212032154,sekolah
-6.212536728554184,106.89848110394651,sekolah
-6.208410844206461,106.89951768722939,sekolah
-6.2086460106863965,106.89750206284846,sekolah
-6.2091202586572996,106.89736013500828,sekolah
-6.209463038121412,106.89736238326839,sekolah
-6.251232871136974,106.77498769786527,sekolah
-6.25288055,106.7739148,sekolah
-6.217851468522963,106.77869500151769,sekolah
-6.131217899999999,106.8665029,sekolah
-6.3450590631465555,106.82681443494268,sekolah
-6.344641720060478,106.83054420039946,sekolah
-6.192149868241159,106.937034742406,sekolah
-6.200569302203966,106.94046674996413,sekolah
-6.20607303015181,106.93691731979551,sekolah
-6.206077749999998,106.93844719999998,sekolah
-6.1914158805860104,106.93732733992874,sekolah
-6.190578378910649,106.93720509383243,sekolah
-6.197129636852242,106.94029727342453,sekolah
-6.196455192954509,106.93570917840003,sekolah
-6.196441436724125,106.93542075239539,sekolah
-6.342110974707437,106.87332054074089,sekolah
-6.238655217520223,107.29340724928895,sekolah
-6.23883531037085,107.29343336788322,sekolah
-6.24590597814842,107.27679308974305,sekolah
-6.4390480211310654,107.05525575009553,sekolah
-6.438817258943569,107.05551244120244,sekolah
-5.967000421594484,107.09145561068678,sekolah
-6.178135078954861,106.83383313311333,sekolah
-6.181253601076859,106.88257383203167,sekolah
-6.16051684875953,106.69078573162284,sekolah
-6.159894477202953,106.71452655260556,sekolah
-6.162450476126954,106.71356760235453,sekolah
-6.266104034059178,106.85314416724137,sekolah
-6.344771980604878,106.8740922562012,sekolah
-6.3487076500000015,106.87405245000001,sekolah
-6.2111299961824935,106.7356053847828,sekolah
-6.195364829340193,106.88311692313619,sekolah
-6.188975688989424,106.88058047058993,sekolah
-6.3510357886759845,106.86933185304203,sekolah
-6.351694571203712,106.87551578550797,sekolah
-6.354557441650565,106.87831863596642,sekolah
-6.214590141086056,106.93334305561324,sekolah
-6.216222990881869,106.93346349298159,sekolah
-6.212977175781181,106.93801292665965,sekolah
-6.1705323734318505,106.70746532114438,sekolah
-6.171005174236589,106.69850385069451,sekolah
-6.171834253096175,106.69688186668084,sekolah
-6.159573295547575,106.70531519697953,sekolah
-6.171161123591519,106.70754555427344,sekolah
-6.169945970988351,106.70739104636058,sekolah
-6.16536820082075,106.7115784376274,sekolah
-6.1692822106139875,106.70770367206514,sekolah
-6.167550316986722,106.70223192831867,sekolah
-6.171142725015517,106.70072635294305,sekolah
-6.175278935747365,106.70204703129987,sekolah
-6.2144712,106.96873245,sekolah
-6.205488029241607,106.93021518092732,sekolah
-6.206075424113089,106.93099330665358,sekolah
-6.108948278073505,106.96706420448388,sekolah
-6.210710203885963,106.93747427559809,sekolah
-6.2104418162968384,106.93738080918223,sekolah
-6.206865599077659,106.93492471236176,sekolah
-6.210816152584615,106.92925144163604,sekolah
-6.209308627810617,106.930348175379,sekolah
-6.209720213329228,106.92999256316884,sekolah
-6.177283851864308,107.04480156720618,sekolah
-6.177252500000001,107.04470554999999,sekolah
-6.1771783000000005,107.04458399999999,sekolah
-6.17719592025561,107.04625411206814,sekolah
-6.17652737115257,107.04654198426428,sekolah
-6.172774639315274,107.04865407931878,sekolah
-6.240449928923342,106.88996187787875,sekolah
-6.2764476951075245,107.0095192095006,sekolah
-6.258904907732951,107.0159000559466,sekolah
-6.399012705812154,106.96614516935465,sekolah
-6.214714499086626,107.28723143794458,sekolah
-6.366482828709549,106.72758782253402,sekolah
-6.17964585,107.04084630000001,sekolah
-6.397746550000001,106.7433471,sekolah
-6.223485420510683,106.9293718693714,sekolah
-6.218121644396991,106.92920847232112,sekolah
-6.2254959491354205,106.92949394274214,sekolah
-6.218428380589266,106.92902539104537,sekolah
-6.218754323195124,106.92899309205305,sekolah
-6.2191496518531695,106.92901224038944,sekolah
-6.217448480682936,106.73350444315612,sekolah
-6.278730193172558,106.89022294058265,sekolah
-6.197611520525057,106.88263161545929,sekolah
-6.199134943911606,106.8819690687427,sekolah
-6.1953736531146575,106.8877656527988,sekolah
-6.161472448091869,106.86049815434528,sekolah
-6.1607920353075745,106.85683793634834,sekolah
-6.1696206734963335,106.6924412763413,sekolah
-6.160574494024177,106.69229296147441,sekolah
-6.159104220358467,106.704524166185,sekolah
-6.165159156770105,106.7026488065863,sekolah
-6.224066486367041,106.72815276712552,sekolah
-6.222991844544357,106.72055464289352,sekolah
-6.216492717709165,106.72444738097404,sekolah
-6.218052668260341,106.72764881082428,sekolah
-6.22087274659214,106.7181859475174,sekolah
-6.21913648650908,106.71928342599598,sekolah
-6.21797848675704,106.7199604847171,sekolah
-6.216934166700709,106.72102532414145,sekolah
-6.221395883054853,106.73183263925861,sekolah
-6.221771849999999,106.7318317,sekolah
-6.223271269371173,106.72252017384766,sekolah
-6.164958958274123,106.86756417181576,sekolah
-6.22159405257759,106.73156077090056,sekolah
-6.222370754180174,106.73202957541447,sekolah
-6.358535286184377,106.87739795743171,sekolah
-6.357211939030299,106.87393060745939,sekolah
-6.358248011259613,106.87394014576523,sekolah
-6.32629877461981,106.82622655907554,sekolah
-6.343353868118436,106.81788848898672,sekolah
-6.352579128860343,106.81619146052766,sekolah
-6.344499127180275,106.82681696097187,sekolah
-6.345656750713867,106.83547699136882,sekolah
-6.35193366340579,106.81818711170071,sekolah
-6.34718015,106.82247045,sekolah
-6.346620559773425,106.8155548808607,sekolah
-6.336360209444848,106.82611158161845,sekolah
-6.337906522974631,106.83117310780915,sekolah
-6.347009305783139,106.8240283500077,sekolah
-6.344975643244141,106.83047485039671,sekolah
-6.3523159672449365,106.81482783312526,sekolah
-6.333078133824119,106.83405269452965,sekolah
-6.333004599999998,106.8342315,sekolah
-6.3522287650922795,106.81933307938979,sekolah
-6.3544233722000625,106.82423820652177,sekolah
-6.222032544430316,106.74098959029403,sekolah
-6.199282788103594,106.75139917606252,sekolah
-6.448068811832233,107.14093832291591,sekolah
-6.218245849999999,106.76954415,sekolah
-6.224708034163697,106.76746493238095,sekolah
-6.218094699217942,106.76620142163132,sekolah
-6.226421994353239,106.77227456451631,sekolah
-6.119931516666209,106.36537540798915,sekolah
-6.173459596184372,107.04454812348635,sekolah
-6.177271181655433,107.04235390353631,sekolah
-6.207738833605055,106.80801369676195,sekolah
-6.287665396226448,106.88089998667266,sekolah
-6.278634922836158,106.88423910641158,sekolah
-6.285394126942571,106.88203730601238,sekolah
-6.342389664035067,106.88497244171971,sekolah
-6.328027051517879,106.82047897277525,sekolah
-6.081554948345425,107.18648422957402,sekolah
-6.081412149999999,107.18659715,sekolah
-6.1557244298028975,106.80501072975422,sekolah
-6.446960584469992,107.1165729308257,sekolah
-6.4468506,107.1164323,sekolah
-6.362207521932702,106.88608132240991,sekolah
-6.357778628052152,106.87984654811231,sekolah
-6.366005510129089,106.88531141251399,sekolah
-6.206886907188858,106.98694144728451,sekolah
-6.20657485,106.98685604999997,sekolah
-6.206583248119919,106.98706563081132,sekolah
-6.2088426857450125,106.98744812734606,sekolah
-6.208798597926567,106.9871108636831,sekolah
-6.132303599999999,106.35057115000001,sekolah
-6.132064999999999,106.3504197,sekolah
-6.121643583067718,106.36034784100609,sekolah
-6.121432548875532,106.36056053214409,sekolah
-6.1215368804104155,106.36048320229334,sekolah
-6.121871170451976,106.36044089755907,sekolah
-6.121993400000001,106.36089720000003,sekolah
-6.321111509995906,107.13971478776895,sekolah
-6.311636950000002,106.79379270000003,sekolah
-6.448044395156963,106.85023243188688,sekolah
-6.337095229164847,106.84443937871855,sekolah
-6.1998117255388845,106.75927663523248,sekolah
-6.214946866984857,106.75945519765467,sekolah
-6.184707130009392,106.88045846235367,sekolah
-6.184982796326009,106.88049869403642,sekolah
-6.185405074721722,106.88038332365049,sekolah
-6.185892608802282,106.88027855746003,sekolah
-6.186940534801949,106.88416939896685,sekolah
-6.184507388377036,106.8864941663033,sekolah
-6.18438955,106.88667399999999,sekolah
-6.188351412368935,106.88652816823138,sekolah
-6.185481518498193,106.88753879616543,sekolah
-6.184870720098307,106.88741870671609,sekolah
-6.215142078822664,106.75957054012243,sekolah
-6.214040239075132,106.75509403029493,sekolah
-6.201663430869516,106.7593847136403,sekolah
-6.199156360904617,106.757942458941,sekolah
-6.215151557374398,106.75875218605249,sekolah
-6.105735201656496,107.06638813220039,sekolah
-6.10597355,107.06660074999998,sekolah
-6.106214984461267,107.06646532327447,sekolah
-6.106288919712018,107.06628310858606,sekolah
-6.106225024049518,107.06614696405907,sekolah
-6.174629014949796,106.88975922363498,sekolah
-6.219851368000633,106.7516968008928,sekolah
-6.263018684935509,106.8507642447557,sekolah
-6.220368618203288,106.75698786442453,sekolah
-6.2195381167915125,106.76019000933276,sekolah
-6.217751738922777,106.76405534188542,sekolah
-6.2518700373801375,106.91738053386422,sekolah
-6.597197516203362,106.75649013888406,sekolah
-6.2818964921226215,106.86306702722533,sekolah
-6.555105268626394,106.74738443904177,sekolah
-6.554596084602883,106.74770867751225,sekolah
-6.547769981269612,106.74574446362666,sekolah
-6.204511082268219,106.98832884215993,sekolah
-6.21813075,107.06804785,sekolah
-6.224189054206807,106.92934514722204,sekolah
-6.225020765702918,106.77747024787254,sekolah
-6.217521050877758,106.77416803561101,sekolah
-6.223503269033519,106.77463816322636,sekolah
-6.224040524881433,106.77466164427456,sekolah
-6.216559057434968,106.77595599277952,sekolah
-6.332218578186994,106.8860505807578,sekolah
-6.33579820426784,106.88452464520188,sekolah
-6.330641512465951,106.8859926869172,sekolah
-6.332194548448199,106.88405841147541,sekolah
-6.332448886747891,106.88342140078294,sekolah
-6.33794856444711,106.88362824302808,sekolah
-6.155166272540497,106.70296929670249,sekolah
-6.145406661879475,106.70437601255813,sekolah
-6.1545262544215635,106.71232553722669,sekolah
-6.1472604920112675,106.70309849245199,sekolah
-6.148728504459731,106.70308775892953,sekolah
-6.15429912680504,106.70412964170495,sekolah
-6.152664705295532,106.70522759258928,sekolah
-6.152406370696083,106.70558572042829,sekolah
-6.1549883900294455,106.70280921902427,sekolah
-6.152342149650328,106.71708212330235,sekolah
-6.145766932669326,106.70455436183002,sekolah
-6.152993545628742,106.71505411626228,sekolah
-6.333117699999999,106.88129374999998,sekolah
-6.335895030815296,106.87929502864333,sekolah
-6.1036821,107.18408235000001,sekolah
-6.103559250000001,107.18417739999998,sekolah
-6.103461449999999,107.18408060000003,sekolah
-6.1028142,107.1840843,sekolah
-6.1027979000000006,107.18423989999998,sekolah
-6.102584499999998,107.18413624999998,sekolah
-6.4453007499999995,107.12628734999997,sekolah
-6.4454766,107.12638814999998,sekolah
-6.445492684525587,107.12658983714016,sekolah
-6.445206799999999,107.12663685000001,sekolah
-6.177472199590324,107.06490353287903,sekolah
-6.1772833760114185,107.06472298223972,sekolah
-6.157411048906843,106.85740198247062,sekolah
-6.151137126226086,106.80390339093076,sekolah
-6.279162407646808,106.87920729726382,sekolah
-6.279275741622297,106.87974921347652,sekolah
-6.1565504190193465,106.86155651466275,sekolah
-6.298617399999999,106.8344934,sekolah
-6.2979552000000005,106.83454344999998,sekolah
-6.191144467275838,107.02473036031277,sekolah
-6.215186739165,106.81120893819414,sekolah
-6.212031350000003,106.80924680000003,sekolah
-6.208943170584656,106.61649288705534,sekolah
-6.260567993290483,106.87831499246411,sekolah
-6.263044997961282,106.87389351136119,sekolah
-6.349740806033064,106.88777577766146,sekolah
-6.267184950617641,106.79832145332801,sekolah
-6.272387194037089,106.80159627751648,sekolah
-6.269992054957791,106.80035219135728,sekolah
-6.270055777935585,106.80518596364368,sekolah
-6.209321786351303,106.7744826867412,sekolah
-6.2139622946428466,106.77508748422395,sekolah
-6.147121299999999,106.6904022,sekolah
-6.142949231939209,106.69298330621717,sekolah
-6.156188715930459,106.6976879208797,sekolah
-6.14407223299645,106.69534534577788,sekolah
-6.145577085588632,106.69479843823122,sekolah
-6.1344080322204375,106.690871426929,sekolah
-6.150382712728745,106.69376105280756,sekolah
-6.288288469612783,106.84222382814949,sekolah
-6.285802823779699,106.84170061729709,sekolah
-6.28475200482009,106.83985506528317,sekolah
-6.285246750000005,106.8405537,sekolah
-6.280445924093727,106.84108594439661,sekolah
-6.157257132936696,106.69708960732238,sekolah
-6.151893841548932,106.68867675852374,sekolah
-6.148730245256295,106.69692035342403,sekolah
-6.152437489156237,106.69089413344773,sekolah
-6.156048149999999,106.69836275,sekolah
-6.156183365929956,106.69811196478165,sekolah
-6.152208244710912,106.69147090194659,sekolah
-6.161624413460341,106.8731098889491,sekolah
-6.158503724834952,106.86658562008924,sekolah
-6.15888894460519,106.86669390122256,sekolah
-6.16175957046953,106.8686501237468,sekolah
-6.16147839862301,106.86892378323381,sekolah
-6.2994120279000665,106.83687510475383,sekolah
-6.294745645602363,106.83872862373414,sekolah
-6.250717487544204,106.9079366802808,sekolah
-6.2518095572461405,106.90327226601303,sekolah
-6.248739886738762,106.9196402149969,sekolah
-6.253602251396524,106.90903933401738,sekolah
-6.248718770423455,106.90733699452113,sekolah
-6.286393094563977,106.61849777125335,sekolah
-6.107416450000001,106.35486995000001,sekolah
-6.107447887104005,106.35460146904633,sekolah
-6.107562626826344,106.35475182898418,sekolah
-6.107482545180673,106.3545040300556,sekolah
-6.102259282307684,106.35299221593934,sekolah
-6.102061038867923,106.35310119760578,sekolah
-6.1020646,106.3528673,sekolah
-6.1175026,106.35780294999999,sekolah
-6.11730752654333,106.35767694718957,sekolah
-6.311282963661494,106.8049506621902,sekolah
-6.3550277,106.76530285000001,sekolah
-6.239214614202979,106.47302924907724,sekolah
-6.078299110955974,106.34830921443447,sekolah
-6.076574360042865,106.35523403241174,sekolah
-6.076470741010595,106.35506589528518,sekolah
-6.0766715533981985,106.35497491319673,sekolah
-6.077306232207901,106.35371066724517,sekolah
-6.077158534102661,106.3535567779972,sekolah
-6.0773808499999955,106.3533845,sekolah
-6.078531577709196,106.34828686898373,sekolah
-6.1816951791570895,107.06642302074428,sekolah
-6.095021844384632,106.35363722647917,sekolah
-6.094916249999999,106.3537122,sekolah
-6.094924549999999,106.35359365000001,sekolah
-6.094782675299842,106.35369084477357,sekolah
-6.094645447574763,106.35355112316522,sekolah
-6.093188565056217,106.35198775834668,sekolah
-6.09328764809304,106.35188168390924,sekolah
-6.09337850436883,106.35198973377442,sekolah
-6.093347599999999,106.35227935,sekolah
-6.093189050000001,106.35239390000002,sekolah
-6.093151150000001,106.3523257,sekolah
-6.091625646726604,106.36251118289464,sekolah
-6.09171305,106.36271264999999,sekolah
-6.091545171172143,106.36284871765994,sekolah
-6.091298299999999,106.36278060000001,sekolah
-6.090989652025359,106.362785224142,sekolah
-6.0909502999999985,106.36255499999999,sekolah
-6.0909986499999995,106.36234934999999,sekolah
-6.087635064212986,106.36474112565605,sekolah
-6.08778115,106.36429184999997,sekolah
-6.0876615,106.36433325,sekolah
-6.264031724739538,106.53004307380515,sekolah
-6.268224765810688,106.62987196660536,sekolah
-6.261673577138264,106.63333292643584,sekolah
-6.278575150000002,106.864754,sekolah
-6.176873860435428,106.45363718433123,sekolah
-6.068720800000003,106.36072159999999,sekolah
-6.068869515539283,106.36056706890366,sekolah
-6.071504949999999,106.35590635000001,sekolah
-6.071927750000001,106.35592995,sekolah
-6.0717329564182805,106.3560090387748,sekolah
-6.07156995,106.35542525000001,sekolah
-6.064555039925363,106.35914464084287,sekolah
-6.064734049999998,106.35913009999999,sekolah
-6.068413024872566,106.36768326618159,sekolah
-6.06821895,106.36774925000002,sekolah
-6.06816905,106.36795925000001,sekolah
-6.068174449999999,106.36823884999998,sekolah
-6.068048299999999,106.36825285,sekolah
-6.06802835,106.36761585,sekolah
-6.068017152833536,106.36783312258908,sekolah
-6.067965052866113,106.36776092589442,sekolah
-6.067914202725391,106.36773547574272,sekolah
-6.067836236602436,106.36775516669078,sekolah
-6.06767685,106.36775009999998,sekolah
-6.0676936999999995,106.3676461,sekolah
-6.067838699999999,106.36750129999999,sekolah
-6.065417697017847,106.3652911273493,sekolah
-6.0653888,106.36502960000001,sekolah
-6.576998361923851,106.76194611176929,sekolah
-6.5764618567737285,106.76242915264848,sekolah
-6.576886947525215,106.76247074390533,sekolah
-6.294005355352622,106.88575973825675,sekolah
-6.204634640529925,106.77481692296992,sekolah
-6.2035169913505115,106.77437962554734,sekolah
-6.2055881019446195,106.78174875642786,sekolah
-6.207279199999999,106.7810887,sekolah
-6.206917100000001,106.77249465,sekolah
-6.203231176535277,106.78006487773797,sekolah
-6.204980582152337,106.77421474470991,sekolah
-6.205820855419292,106.77602030690043,sekolah
-6.196602745701286,107.02666281376092,sekolah
-6.347502999999999,106.88274239999998,sekolah
-6.343865502995388,106.88303135028583,sekolah
-6.3433430698264734,106.88596371427575,sekolah
-6.158444742772895,106.834202881793,sekolah
-6.158166312503196,106.83425040007985,sekolah
-6.1578925838100735,106.8363139185248,sekolah
-6.157732870131528,106.83642321279876,sekolah
-6.0824429410340395,107.10929753622452,sekolah
-6.376713511573632,107.21523344483877,sekolah
-6.162109235220744,106.3985737377715,sekolah
-6.1622096,106.39832870000002,sekolah
-6.1541087211056436,106.4003290416455,sekolah
-6.154035357531378,106.40022291947174,sekolah
-6.154089832216351,106.40008226821205,sekolah
-6.153897433800214,106.40018907243149,sekolah
-6.1425537023678025,106.39969114234101,sekolah
-6.142757882958091,106.39969822789371,sekolah
-6.144348202864338,106.39729392268802,sekolah
-6.144623931395676,106.39712525122187,sekolah
-6.144005936308013,106.39551224764456,sekolah
-6.226315652316813,107.06221816335915,sekolah
-6.165999500000003,106.81732800000002,sekolah
-6.171919409346065,106.8325369637563,sekolah
-6.166664918252771,106.83701541370006,sekolah
-6.166450853506419,106.83756750905555,sekolah
-6.632011400000001,106.8354185,sekolah
-6.161373349999997,106.8333562,sekolah
-6.1645181,106.83574774999998,sekolah
-6.16177835,106.83452099999998,sekolah
-6.297252671031112,106.77153256227172,sekolah
-6.294103528624425,106.77759298246785,sekolah
-6.290265684186837,106.77310148531875,sekolah
-6.293055920504979,106.77101550632696,sekolah
-6.2924890828097,106.82428947800831,sekolah
-6.28994531380523,106.82824997571575,sekolah
-6.28472705,106.8369416,sekolah
-6.281569947926043,106.83562267096232,sekolah
-6.283645299999999,106.8363983,sekolah
-6.199815775680214,106.81375610489695,sekolah
-6.285374199898961,106.89866826249312,sekolah
-6.283710703831506,106.90023893818493,sekolah
-6.283293438217747,106.90064446233187,sekolah
-6.2841824985545145,106.90184026481184,sekolah
-6.181146940155695,106.89756211035686,sekolah
-6.1859898199111365,106.89674173363693,sekolah
-6.113806652860944,106.69817013539358,sekolah
-6.11256697314422,106.69569905698036,sekolah
-6.115372180592154,106.691476519528,sekolah
-6.117694950000001,106.68751895000001,sekolah
-6.107135630375316,106.6981896088861,sekolah
-6.127334522642032,107.22223185553374,sekolah
-6.133934333333032,106.39330181150477,sekolah
-6.133986,106.39342545,sekolah
-6.1333386999999995,106.39189124999999,sekolah
-6.133299374312921,106.39207440648627,sekolah
-6.133229915078121,106.39214142640276,sekolah
-6.133094177095852,106.39200555300854,sekolah
-6.123992025189,106.39339011146707,sekolah
-6.1239159999999995,106.3932495,sekolah
-6.123795767795323,106.39336767557683,sekolah
-6.123604850000001,106.39336189999997,sekolah
-6.123675700000001,106.39318415,sekolah
-6.123465749999999,106.39328330000001,sekolah
-6.121711382304174,106.40512786562944,sekolah
-6.121815192701196,106.40512517566567,sekolah
-6.122025424586183,106.40511442428459,sekolah
-6.12210470383137,106.40492207380436,sekolah
-6.550092923001338,106.77126056275354,sekolah
-6.279960549999998,106.80841235000003,sekolah
-6.2212533839201605,106.93469809659658,sekolah
-6.2218001388462705,106.93505301674564,sekolah
-6.22377030387955,106.93615217530923,sekolah
-6.221166940174836,106.93359871118336,sekolah
-6.223419567506825,106.93590144915355,sekolah
-6.22214417370514,106.93518414969344,sekolah
-6.221309955742821,106.93329273323238,sekolah
-6.220764296396638,106.93813956475763,sekolah
-6.2211083980038016,106.93533801692071,sekolah
-6.221972963899602,106.93557992953896,sekolah
-6.223964110942726,106.93443318542893,sekolah
-6.22095721618185,106.93580991093137,sekolah
-6.10386615,106.6913189,sekolah
-6.097845473425078,106.7031290073738,sekolah
-6.098133260710414,106.70309850683363,sekolah
-6.097270732809808,106.70129720177343,sekolah
-6.096606270609367,106.69399236579706,sekolah
-6.103143853251134,106.71053052446851,sekolah
-6.101111836645483,106.70648795291949,sekolah
-6.099839683257802,106.704044027967,sekolah
-6.294539528955665,106.83036527942332,sekolah
-6.292438100000001,106.83275010000001,sekolah
-6.3165277590765045,106.84931834838265,sekolah
-6.308099808778354,106.85389195454368,sekolah
-6.314573399557631,106.84224961311251,sekolah
-6.299589554503679,106.84628286842529,sekolah
-6.301074443223435,106.84928842491055,sekolah
-6.302841447119867,106.85019441394881,sekolah
-6.302700086796319,106.8467320436435,sekolah
-6.300976432706256,106.8405581368721,sekolah
-6.306177287195614,106.77902885079604,sekolah
-6.3077822552101965,106.780185736781,sekolah
-6.303785886247364,106.77823481675365,sekolah
-6.305071204674748,106.77829762653973,sekolah
-6.302199702002072,106.78084594679255,sekolah
-6.314121677131103,106.78089535776715,sekolah
-6.301664108621818,106.77517488635567,sekolah
-6.326259399999999,106.84881574999997,sekolah
-6.321353294190673,106.84422340818398,sekolah
-6.325009872522174,106.85587122220304,sekolah
-6.325916783778586,106.85583869123151,sekolah
-6.210719769498171,106.81397062669794,sekolah
-6.204768705027087,106.81468012580346,sekolah
-6.2090100060733775,106.8139873849231,sekolah
-6.111293137722465,106.70177118016696,sekolah
-6.105212550000001,106.70050160000001,sekolah
-6.1226497710950145,106.68711843892146,sekolah
-6.109929832754627,106.70299469839757,sekolah
-6.126070011210433,106.70341143606014,sekolah
-6.116328165049366,106.70716175042286,sekolah
-6.1084999945411695,106.70264458746614,sekolah
-6.108711821003968,106.70273387963874,sekolah
-6.24998157899071,106.88223523401554,sekolah
-6.249373824297922,106.88403463599734,sekolah
-6.246803563359229,106.90184758905012,sekolah
-6.186548271647656,106.75028452366428,sekolah
-6.222835606743691,107.272722743088,sekolah
-6.4466027856391985,107.06558140492031,sekolah
-6.3309715885112965,106.80558686298394,sekolah
-6.6132914347346325,106.82991738396402,sekolah
-6.61269185,106.8299214,sekolah
-6.612557981097259,106.82962045705578,sekolah
-6.115462073432624,106.38544012765045,sekolah
-6.115592850000004,106.38523210000001,sekolah
-6.115518101414656,106.38510617821802,sekolah
-6.110188882997639,106.37887170934931,sekolah
-6.110056500000001,106.3789123,sekolah
-6.109989149999999,106.37904995000001,sekolah
-6.0974301192239935,106.38920251357294,sekolah
-6.097446451147225,106.38897488433251,sekolah
-6.0972581,106.38899645000001,sekolah
-6.1012543049152965,106.3951014248675,sekolah
-6.101241524476677,106.39493643439069,sekolah
-6.10100995,106.3951574,sekolah
-6.101011599999994,106.3949466,sekolah
-6.100829747496202,106.39507562741196,sekolah
-6.299157271637306,106.41245939876305,sekolah
-6.302991999999999,106.41121904999999,sekolah
-6.162607373505935,106.39846637037991,sekolah
-6.578911542309297,106.809393279038,sekolah
-6.58085407442865,106.81184786271584,sekolah
-6.57931985,106.81256560000001,sekolah
-6.1868223256482455,106.98635956219157,sekolah
-6.59824570910938,106.80817864861129,sekolah
-6.16249135,106.39836654999999,sekolah
-6.398037022821048,106.86409110212662,sekolah
-6.3978972,106.8641871,sekolah
-6.398029892029931,106.8641861217292,sekolah
-6.439485100000001,107.04995165000001,sekolah
-6.43656745,107.13988835,sekolah
-6.436541999999998,107.13976755,sekolah
-6.436503990465343,107.1396338717156,sekolah
-6.364155329382765,106.90579119590728,sekolah
-6.361676963350039,106.90590056888571,sekolah
-6.175259068555048,106.99681716124488,sekolah
-6.396902162812388,106.87441412969976,sekolah
-6.23803823390309,106.62192633844218,sekolah
-6.237406596725321,106.61870076396352,sekolah
-6.23484398911322,106.58464659326667,sekolah
-6.232049181426811,106.58749071486709,sekolah
-6.396425948365324,106.80358633144604,sekolah
-6.291801816622055,106.89633868467439,sekolah
-6.29247188990874,106.89804917196666,sekolah
-6.2929548261448724,106.9006250527968,sekolah
-6.28857285651369,106.90039860340256,sekolah
-6.28856335,106.90082154999999,sekolah
-6.221540701219082,106.9347952653406,sekolah
-6.377217302298422,106.84664498694914,sekolah
-6.248449651957969,106.9230942838159,sekolah
-6.343553331105127,106.81569509471005,sekolah
-6.322045400000001,106.8442982,sekolah
-6.320441783485771,106.85050455112743,sekolah
-6.320751994913473,106.85020631608018,sekolah
-6.352212010356147,106.8134719263148,sekolah
-6.245171287783496,106.91243102574626,sekolah
-6.233548637433253,106.87215046928068,sekolah
-6.17926260348809,106.77217053730047,sekolah
-6.2080716557289595,106.80767433674178,sekolah
-6.208148494598154,106.80699712673635,sekolah
-6.208198064078758,106.80614224406169,sekolah
-6.208184232908214,106.8065919286315,sekolah
-6.167666182434522,106.77547629999313,sekolah
-6.203633502934895,106.73813030912206,sekolah
-6.267406600000001,106.79115435,sekolah
-6.317637527285495,106.88843656666121,sekolah
-6.146431950456332,106.8376972327099,sekolah
-6.1574719999999985,106.85994145,sekolah
-6.147798355331036,106.82709121856126,sekolah
-6.214294737382857,106.77178785904142,sekolah
-6.143721600000001,106.83704939999998,sekolah
-6.26424486793285,106.79633368079973,sekolah
-6.321583275691924,106.82677861515386,sekolah
-6.1713268999999995,106.7730411,sekolah
-6.310689780550251,106.78539824475108,sekolah
-6.311473521820635,106.78198704872652,sekolah
-6.205764252316655,106.7912863286444,sekolah
-6.191864446819581,106.80005669292319,sekolah
-6.17221,106.80426240000001,sekolah
-6.189254233989802,106.80703393702198,sekolah
-6.229221972095736,106.93951856512909,sekolah
-6.232722823892124,106.94350135810966,sekolah
-6.223468602975118,106.94804493321978,sekolah
-6.6977639,106.87045905000001,sekolah
-6.697637796428231,106.87045067627677,sekolah
-6.697653479948607,106.8706154790207,sekolah
-6.697870050000001,106.87055700000002,sekolah
-6.156796587349235,106.83151202284391,sekolah
-6.1456253845676585,106.84004868008721,sekolah
-6.145368203991893,106.84002750905421,sekolah
-6.153677784200949,106.84007951023905,sekolah
-6.143713150000001,106.83583920000002,sekolah
-6.149732100000003,106.82939170000003,sekolah
-6.151610311273874,106.79588517971658,sekolah
-6.149939788978729,106.79767765861061,sekolah
-6.232924740440066,106.94422058586082,sekolah
-6.23176827503568,106.94447635646267,sekolah
-6.233252158149184,106.93932965188192,sekolah
-6.228460312135991,106.94417209803314,sekolah
-6.235519720455654,106.94401246418035,sekolah
-6.232370960871383,106.94436068181943,sekolah
-6.220478349999999,106.94657184999998,sekolah
-6.2210192198896825,106.94284620207812,sekolah
-6.224529647906128,106.9397404397643,sekolah
-6.2275345922202465,106.94319100190916,sekolah
-6.227042803552722,106.94275939761931,sekolah
-6.225425319228557,106.94659912199513,sekolah
-6.235004335968244,106.94410657701668,sekolah
-6.3438925239494965,106.81186647288503,sekolah
-6.344431611996031,106.81009865654603,sekolah
-6.338594043372603,106.80475506911336,sekolah
-6.333580129974265,106.81075846737649,sekolah
-6.335956392291071,106.85478009860994,sekolah
-6.332778717767962,106.85744282357403,sekolah
-6.3371975853933415,106.8551019184714,sekolah
-6.3409517586531114,106.85778707406517,sekolah
-6.3298555,106.8500803,sekolah
-6.334097536073292,106.85587505948997,sekolah
-6.317774271122181,106.87707834253145,sekolah
-6.315089849999999,106.87661349999999,sekolah
-6.323478231448352,106.86861288721033,sekolah
-6.321776340427779,106.87121502390332,sekolah
-6.327440199999999,106.86451075,sekolah
-6.314715103694708,106.87397628465783,sekolah
-6.31491133454469,106.87452254556167,sekolah
-6.149612129534784,106.82732067943475,sekolah
-6.342852168931974,106.89375741052923,sekolah
-6.319834158098205,106.87726045324486,sekolah
-6.140832450000001,106.79652960000003,sekolah
-6.350018012591081,106.89754777222281,sekolah
-6.194356533130857,106.75635639799209,sekolah
-6.266139346123845,106.82713147946525,sekolah
-6.403683827854345,106.76978280442007,sekolah
-6.277080525350035,106.83107646397784,sekolah
-6.2762929,106.83086649999998,sekolah
-6.272010051346972,106.82757962437817,sekolah
-6.278008699999999,106.8362442,sekolah
-6.278535916303657,106.83631983260254,sekolah
-6.266957478816214,106.83560507665331,sekolah
-6.129858770673615,106.70781214085268,sekolah
-6.138855423923706,106.70292312519798,sekolah
-6.138484129634438,106.69997161012961,sekolah
-6.139079859085004,106.70278808160343,sekolah
-6.1397320222118585,106.70213385671485,sekolah
-6.139801506991552,106.70098921027171,sekolah
-6.140397045550839,106.69579473400042,sekolah
-6.130215315029257,106.69629157121253,sekolah
-6.129276097535755,106.69529139495114,sekolah
-6.132283601411041,106.69114798620681,sekolah
-6.127259901272858,106.6951558879689,sekolah
-6.1435563255368715,106.70195147096061,sekolah
-6.143193442315381,106.70200002020087,sekolah
-6.141300230636905,106.6964418895289,sekolah
-6.1428281939024405,106.70284742901447,sekolah
-6.142643008905096,106.6969171581484,sekolah
-6.142275289957622,106.69593071366958,sekolah
-6.141200118761517,106.70520924858114,sekolah
-6.308458510192454,106.914685359496,sekolah
-6.265322209769199,106.84889992208134,sekolah
-6.266934396111575,106.84762997218375,sekolah
-6.329054667857274,106.87628704506204,sekolah
-6.319935237839117,106.87970211245663,sekolah
-6.320559009225441,106.88407245907874,sekolah
-6.317457338392349,106.87972005416951,sekolah
-6.317385784616185,106.8794137989535,sekolah
-6.32298321235454,106.88433979414289,sekolah
-6.326838680046287,106.87729732132,sekolah
-6.271978150000002,106.83691805,sekolah
-6.269857027411669,106.83674539990055,sekolah
-6.219897588334987,106.9238305919033,sekolah
-6.2194165346259735,106.92395019549215,sekolah
-6.222315246809085,106.91211861134964,sekolah
-6.2225722999999995,106.91185515000001,sekolah
-6.219902364424335,106.91984412598035,sekolah
-6.219573220457695,106.91661329796676,sekolah
-6.218232285744313,106.92023666613376,sekolah
-6.273878967954216,106.85059748844094,sekolah
-6.268965287414668,106.8409471479544,sekolah
-6.268488970622862,106.84038509640477,sekolah
-6.268421162983834,106.83959000739041,sekolah
-6.2720928164705425,106.84089824515247,sekolah
-6.270755113249575,106.84475356516435,sekolah
-6.27547807964283,106.85141816738229,sekolah
-6.306950900000005,106.66807460000001,sekolah
-6.2764571580511515,106.84470257680931,sekolah
-6.356250078217353,106.89464509623363,sekolah
-6.347510609253312,106.89970673702662,sekolah
-6.347379234511469,106.89955841050823,sekolah
-6.349950850990739,106.89503747990182,sekolah
-6.351708991906802,106.89685325926915,sekolah
-6.146561175062644,106.71525898358753,sekolah
-6.135034157063032,106.70546604102786,sekolah
-6.14426276610497,106.71371259699664,sekolah
-6.129059402718569,106.70538863992876,sekolah
-6.1349273,106.7003567,sekolah
-6.136875251622533,106.70693369357701,sekolah
-6.136722800840931,106.71447224522475,sekolah
-6.1394975137294825,106.71589587719663,sekolah
-6.13415915,106.69978385,sekolah
-6.156255383413887,106.83580125966287,sekolah
-6.3346929886696435,106.86992604839378,sekolah
-6.350753780101713,106.9003848625796,sekolah
-6.316462043182774,106.91486972537038,sekolah
-6.3407627305980645,106.86304981707428,sekolah
-6.301755521290771,106.91306239828819,sekolah
-6.1861908129388254,106.78129771171149,sekolah
-6.188390764015919,106.78098862990583,sekolah
-6.20137975,106.77670459999999,sekolah
-6.19872126534251,106.77751866746274,sekolah
-6.2023290831797695,106.7759127442713,sekolah
-6.187480124881825,106.77968721518292,sekolah
-6.195517524753355,106.77649015575003,sekolah
-6.1946831524156325,106.77973874704695,sekolah
-6.198218,106.77843840000001,sekolah
-6.194421322275446,106.77593958096254,sekolah
-6.19963257047894,106.781904886268,sekolah
-6.189974032124849,106.77992147666565,sekolah
-6.190981118588451,106.77529819931918,sekolah
-6.275333504841626,106.80100554824635,sekolah
-6.27845749011711,106.79922283031618,sekolah
-6.278328606060399,106.79992144956604,sekolah
-6.12231365,106.7036369,sekolah
-6.123204089631726,106.70330546674673,sekolah
-6.1197142543071195,106.70134362344356,sekolah
-6.1432085999999995,106.7170873,sekolah
-6.1426820153080595,106.71284295514843,sekolah
-6.1371252022030305,106.70410144439438,sekolah
-6.220663681377201,106.9052885953956,sekolah
-6.2175233526074445,106.91217231901824,sekolah
-6.220735293099137,106.90462931249242,sekolah
-6.215777618103754,106.90755114380138,sekolah
-6.2193677358688335,106.90270176420546,sekolah
-6.216365745377291,106.90796978147986,sekolah
-6.215868516643333,106.90787457364596,sekolah
-6.219149630235017,106.9062668042219,sekolah
-6.220241288829486,106.9052100427737,sekolah
-6.219860276982976,106.90584993631381,sekolah
-6.220368286279632,106.90558716074747,sekolah
-6.215221683059525,106.9105447675896,sekolah
-6.222675557520891,106.90406491198954,sekolah
-6.198628046881052,106.77164046477442,sekolah
-6.200831616815835,106.76873692679342,sekolah
-6.193556413416302,106.77130409966026,sekolah
-6.200215371601294,106.76386971390832,sekolah
-6.207247932004888,106.7689632647578,sekolah
-6.207884205550142,106.76557331431187,sekolah
-6.207171711174874,106.76820747960338,sekolah
-6.20323327550978,106.76860103962404,sekolah
-6.140922430357664,106.71668152111009,sekolah
-6.133159369068748,106.70973864352118,sekolah
-6.138839080460311,106.7135019582317,sekolah
-6.138839080460311,106.7135019582317,sekolah
-6.139039385533814,106.71383205216242,sekolah
-6.166433652659401,106.83095081955007,sekolah
-6.92815556967389,107.77947547531612,sekolah
-6.331820300564138,106.896369583989,sekolah
-6.277126388266926,106.82477429805677,sekolah
-6.330663121625593,106.8902572736506,sekolah
-6.139813949581383,106.8164151808761,sekolah
-6.156381651319363,106.82805313956268,sekolah
-6.150813131718489,106.82769593667064,sekolah
-6.148729589075265,106.83051292033073,sekolah
-6.150551220758725,106.8275403946312,sekolah
-6.288562598772571,106.847008381959,sekolah
-6.279693369969918,106.84586627625127,sekolah
-6.2961002250536255,106.84471890050985,sekolah
-6.295537263608404,106.84469040903244,sekolah
-6.293598530650015,106.8445688732208,sekolah
-6.2967588999999995,106.84554519999999,sekolah
-6.21394608910109,106.89708065245135,sekolah
-6.21472071522757,106.89922887861279,sekolah
-6.215358008672198,106.9000713668299,sekolah
-6.214274831710871,106.89705205576314,sekolah
-6.275780497869642,106.80528891793121,sekolah
-6.27826714479355,106.80042946115579,sekolah
-6.313126262007316,106.83441225328151,sekolah
-6.31461985,106.83044159999999,sekolah
-6.311674585312869,106.83593789088573,sekolah
-6.311251431042916,106.83243957852835,sekolah
-6.314304567567026,106.83540814933868,sekolah
-6.171762583570679,106.80186060088968,sekolah
-6.163457755723348,106.39616800596534,sekolah
-6.322965032102546,106.8926304656433,sekolah
-6.321915163923137,106.8883968736616,sekolah
-6.326471205551461,106.90040894550641,sekolah
-6.278329895934831,106.79632717217208,sekolah
-6.3078979,106.8956024,sekolah
-6.179208500000001,106.76810479999999,sekolah
-6.175240099999999,106.75726164999999,sekolah
-6.176588550000001,106.75701435,sekolah
-6.221776473778113,106.72903585570565,sekolah
-6.314563877496577,106.88991789148355,sekolah
-6.3027833,106.78796704999999,sekolah
-6.304007114819384,106.78799188746807,sekolah
-6.322969111826893,106.90380749210279,sekolah
-6.146390412132222,106.82699824283787,sekolah
-6.306901679322173,106.80547832095193,sekolah
-6.306856322408963,106.80472999332513,sekolah
-6.3051416522100086,106.80466970623515,sekolah
-6.302380451890356,106.80025188052872,sekolah
-6.3023366810048165,106.79987527603717,sekolah
-6.324140132614547,106.8192183232893,sekolah
-6.326058199999999,106.81845204999998,sekolah
-6.332884405179332,106.81768594781194,sekolah
-6.333952351126804,106.8223512505224,sekolah
-6.319465196921547,106.824132726154,sekolah
-6.315578923617944,106.81479209588353,sekolah
-6.320058263180809,106.81149089532408,sekolah
-6.336803149248044,106.81823804407394,sekolah
-6.31147398171101,106.81108772560547,sekolah
-6.323797404699335,106.8179301290355,sekolah
-6.330680693575324,106.82577986210696,sekolah
-6.326202575464133,106.82061354856556,sekolah
-6.318935576282126,106.82461283669092,sekolah
-6.317301844438864,106.81012951589507,sekolah
-6.331564476045429,106.81818021058075,sekolah
-6.321518799734829,106.83016516267811,sekolah
-6.325256162698233,106.81559892848841,sekolah
-6.335027128935254,106.81757192328749,sekolah
-6.324574344588502,106.81959314696735,sekolah
-6.313167879378313,106.9211550074716,sekolah
-6.112688038706765,106.71288457253523,sekolah
-6.122375623314389,106.72314636497164,sekolah
-6.1253050131088145,106.72321413706341,sekolah
-6.119738167528751,106.72044055363256,sekolah
-6.11822305,106.71859635,sekolah
-6.115480656672226,106.72455575775537,sekolah
-6.113335085208851,106.72236680241517,sekolah
-6.104535235327191,106.71057245985273,sekolah
-6.109582274302473,106.7123568315802,sekolah
-6.109462332057942,106.71198801144297,sekolah
-6.113842741821814,106.71243811912694,sekolah
-6.113599358514834,106.7106574521958,sekolah
-6.121092076185558,106.71877329330889,sekolah
-6.183206135881916,106.76123804925189,sekolah
-6.183712871936367,106.75900006838201,sekolah
-6.1716691500000005,106.76886105,sekolah
-6.310868309757815,106.89595244324188,sekolah
-6.310324092893688,106.79164878458008,sekolah
-6.3083926116120255,106.79022366410028,sekolah
-6.307172136296112,106.79332000483733,sekolah
-6.304415731560763,106.79316382590761,sekolah
-6.31095355537919,106.79465309598898,sekolah
-6.346828848106658,106.86188280047922,sekolah
-6.340382958040663,106.86303670808627,sekolah
-6.304658807059859,106.80135593560021,sekolah
-6.31453620401073,106.80208206905004,sekolah
-6.314107290846433,106.80212150021812,sekolah
-6.164049425147217,106.76919570144997,sekolah
-6.127699051562617,106.71939496496553,sekolah
-6.1172133646642175,106.71941858217393,sekolah
-6.121808311757666,106.71724878731617,sekolah
-6.339732942080365,106.87034712875119,sekolah
-6.340095114638018,106.87030648186735,sekolah
-6.345816862272522,106.86957681454996,sekolah
-6.340774350622718,106.86523360026777,sekolah
-6.345986007003357,106.85597529178017,sekolah
-6.232229144338641,106.90805286192733,sekolah
-6.23567026776734,106.90493722424068,sekolah
-6.238823469238848,106.9047376365826,sekolah
-6.224828203428843,106.90019897515158,sekolah
-6.2329167768372775,106.90804104294084,sekolah
-6.2339590830924365,106.90970265774136,sekolah
-6.239018641595897,106.90320267104084,sekolah
-6.239806584385938,106.90193171573034,sekolah
-6.242284597472951,106.907923533,sekolah
-6.226232622771288,106.8994168825449,sekolah
-6.223443931971064,106.89629798483247,sekolah
-6.225059234519222,106.90262154191768,sekolah
-6.2255140499999975,106.90235385000001,sekolah
-6.225684293050178,106.9025436213198,sekolah
-6.225246587384467,106.90278667510508,sekolah
-6.229082993245824,106.89876661115292,sekolah
-6.226973318558814,106.89382498333346,sekolah
-6.227821350045736,106.89546478848428,sekolah
-6.317089938112061,106.90151183350123,sekolah
-6.3108571385026675,106.91370092854696,sekolah
-6.3225572661533045,106.90399278164294,sekolah
-6.330518514862039,106.89084199041629,sekolah
-6.335003727116595,106.8950341177474,sekolah
-6.324653334218424,106.9039228734984,sekolah
-6.32554621160655,106.90416570947633,sekolah
-6.332459644693729,106.89206522863006,sekolah
-6.197242808581899,106.77271698705489,sekolah
-6.197518473481411,106.78084693311895,sekolah
-6.2251256453309445,106.7656838974818,sekolah
-6.335695352729566,106.90028198316433,sekolah
-6.228005217470041,106.7742322567083,sekolah
-6.337189225171765,106.9243932195129,sekolah
-6.289809729188144,106.82350648617985,sekolah
-6.28272025,106.8260791,sekolah
-6.279381966951901,106.82432521662948,sekolah
-6.278419768882387,106.82628362200215,sekolah
-6.277495733661382,106.82473083260102,sekolah
-6.277989946624176,106.82247679584778,sekolah
-6.28309964186385,106.81993423693207,sekolah
-6.292618221150476,106.82167602988369,sekolah
-6.2926251183698,106.82226529265733,sekolah
-6.215072449948537,106.96486724131906,sekolah
-6.174380707925832,106.77485772258517,sekolah
-6.123751250000001,106.70594274999999,sekolah
-6.1237196351457435,106.71303956366951,sekolah
-6.123793072995412,106.71509562336728,sekolah
-6.121354300000001,106.72948344999999,sekolah
-6.124882999445027,106.7166429521809,sekolah
-6.12446194330947,106.71660385432145,sekolah
-6.118181354083683,106.7134150844791,sekolah
-6.118181354083683,106.7134150844791,sekolah
-6.3005783986446495,106.81999816961331,sekolah
-6.301057917302496,106.81967222932144,sekolah
-6.3066804630689735,106.82726627550154,sekolah
-6.4196978541918455,106.79537897529094,sekolah
-6.341688961587705,106.83243367701563,sekolah
-6.345933706109912,106.83732546835697,sekolah
-6.238813788799132,106.89594404460698,sekolah
-6.239124132554961,106.89538367563192,sekolah
-6.238588550597059,106.89287177167567,sekolah
-6.236857586417304,106.89339924845079,sekolah
-6.265354080430596,106.79792710313511,sekolah
-6.265404039149624,106.79566612326849,sekolah
-6.33481838114577,106.85207350163272,sekolah
-6.138220979145051,106.83040519175621,sekolah
-6.147339705327792,106.82818025411281,sekolah
-6.310952050000001,106.8734212,sekolah
-6.312316971212281,106.8742222557993,sekolah
-6.311960039825718,106.87451730669663,sekolah
-6.312669250000001,106.87396399999999,sekolah
-6.3130811499999995,106.87431000000001,sekolah
-6.31286655,106.87447230000001,sekolah
-6.148682796326038,106.82093401559032,sekolah
-6.298798357133974,106.80305394110435,sekolah
-6.299040705663964,106.80275029222403,sekolah
-6.29635632003345,106.80332161170188,sekolah
-6.1570306725612785,106.8232497496208,sekolah
-6.314854573404596,106.88413122492888,sekolah
-6.3140100792241265,106.88388647914502,sekolah
-6.332964442884267,106.89797567582404,sekolah
-6.298307304486549,106.84296383813485,sekolah
-7.004284078678917,108.45043550575839,sekolah
-7.0042418,108.45104780000001,sekolah
-7.004899945162444,108.45074775940465,sekolah
-6.982922582415092,108.46272928849154,sekolah
-6.168899727553118,106.84071443166226,sekolah
-6.191834669190878,106.76253109642579,sekolah
-6.252471936305953,106.93892749133411,sekolah
-6.28728910625422,106.80991928082787,sekolah
-6.279375084035314,106.81574326030058,sekolah
-6.177184610979977,106.70560408513573,sekolah
-6.305768675408933,106.8135326154521,sekolah
-6.29464618532459,106.80867068641838,sekolah
-6.306519133089291,106.81335545476811,sekolah
-6.3061994,106.81367430000002,sekolah
-6.2293797222828164,106.9201483832388,sekolah
-6.241455982444219,106.91134226569905,sekolah
-6.230693919285945,106.91266221815566,sekolah
-6.242855848611149,106.9185133606564,sekolah
-6.222822632308679,106.9174990172542,sekolah
-6.22472417481886,106.92045496386085,sekolah
-6.224215016845249,106.90874489451126,sekolah
-6.2245165342091155,106.90526391862926,sekolah
-6.231305960062628,106.90969208948172,sekolah
-6.220947455038611,106.92270341640356,sekolah
-6.246273033589232,106.9110952962997,sekolah
-6.24267217041894,106.9164303888949,sekolah
-6.223034613838313,106.92013331629964,sekolah
-6.152535390528508,106.8239942750441,sekolah
-6.153624061103911,106.82513543961258,sekolah
-6.17790905,106.7715335,sekolah
-6.345122489383274,106.80541168609412,sekolah
-6.351439640816941,106.8084283553071,sekolah
-6.348431359297301,106.79376592169932,sekolah
-6.363757325192155,106.79440672400351,sekolah
-6.357566186618651,106.80008354352599,sekolah
-6.346056481168001,106.80401360247119,sekolah
-6.354668331476635,106.80017127873714,sekolah
-6.354601828599929,106.79987341320519,sekolah
-6.351422968112578,106.7970629436213,sekolah
-6.226062500000001,106.9136289,sekolah
-6.2224537251344705,106.9223191887356,sekolah
-6.30557032036532,106.86763904214492,sekolah
-6.3047826746619995,106.87018611142983,sekolah
-6.304849964212758,106.87074986235861,sekolah
-6.3056420772001704,106.87187130956563,sekolah
-6.235249663789307,106.91790474567631,sekolah
-6.241079380767971,106.91051832509446,sekolah
-6.24734845858546,106.91921571080532,sekolah
-6.247185227647903,106.91956759395131,sekolah
-6.243098538472941,106.91881129450645,sekolah
-6.223248811668621,106.91760767310333,sekolah
-6.224882249693287,106.91464728765497,sekolah
-6.225225980135055,106.91505056605227,sekolah
-6.236627352603294,106.91816148029717,sekolah
-6.324432850574431,106.82245541116411,sekolah
-6.33204391596867,106.82353850642329,sekolah
-6.3367372798013095,106.89834132806143,sekolah
-6.348482237567695,106.90385346169744,sekolah
-6.351450846959761,106.9017473779347,sekolah
-6.3324126871939255,106.90290629090134,sekolah
-6.250294778847761,106.93477703965657,sekolah
-6.327616077731188,106.82046910579461,sekolah
-6.325272208374828,106.85652205757977,sekolah
-6.320348678904309,106.85704646004142,sekolah
-6.331570237237948,106.86418417110906,sekolah
-6.322663309288675,106.86225817834196,sekolah
-6.320020822526297,106.85108288972478,sekolah
-6.32444967458003,106.85955297387578,sekolah
-6.135233151621433,106.91777596805258,sekolah
-6.318165478359446,106.86397364639174,sekolah
-6.31845167222449,106.86404385558973,sekolah
-6.314982039166598,106.86199709433811,sekolah
-6.319954526392347,106.86390747087073,sekolah
-6.178871470658867,106.77628146307016,sekolah
-6.172207050000002,106.77295140000001,sekolah
-6.172944224654381,106.77935200419451,sekolah
-6.172244899999999,106.77936005000001,sekolah
-6.175974795019891,106.77924890138351,sekolah
-6.165102054518668,106.77202758883668,sekolah
-6.148787876252807,106.82066040346965,sekolah
-6.3195667777641376,106.70450384432692,sekolah
-6.297421656582171,106.78654695128405,sekolah
-6.300495527387179,106.78518102215895,sekolah
-6.3037491455766155,106.77864646068673,sekolah
-6.306290377180032,106.78111623225786,sekolah
-6.304237606348217,106.784043234159,sekolah
-6.30462332798251,106.78398424153396,sekolah
-6.305036508572419,106.78412681283355,sekolah
-6.284323784144726,106.7944655028133,sekolah
-6.283897601916115,106.79456557916757,sekolah
-6.283102711105647,106.79340680593604,sekolah
-6.285825675525376,106.79276476487703,sekolah
-6.286005745802861,106.79290517444555,sekolah
-6.287819399999999,106.78979265,sekolah
-6.289359454801126,106.79157022680879,sekolah
-6.28992051314378,106.79152342057978,sekolah
-6.14219025,106.84364900000001,sekolah
-6.241405861292563,106.94130228036994,sekolah
-6.244899991895617,106.93861163755238,sekolah
-6.319107078570479,106.89900887519671,sekolah
-6.316109864651925,106.90247419541394,sekolah
-6.240107023161221,106.93919710000597,sekolah
-6.240425617239266,106.94318122156085,sekolah
-6.2398754052003085,106.94254709525427,sekolah
-6.240118474085373,106.93875310417846,sekolah
-6.246619410188937,106.93942965156417,sekolah
-6.252064637821149,106.94347275182004,sekolah
-6.2520780504201845,106.9401612798538,sekolah
-6.25260498269786,106.94021818412213,sekolah
-6.249034083034747,106.92124980960037,sekolah
-6.1420395,106.84334154999999,sekolah
-6.1626949867602825,106.89723325048796,sekolah
-6.287180182427406,106.79320309572259,sekolah
-6.29683125780009,106.78901228389503,sekolah
-6.284102054023293,106.79397138264332,sekolah
-6.294134738530095,106.78942450383863,sekolah
-6.287498596373947,106.78735677552547,sekolah
-6.176275050000001,106.76233605000002,sekolah
-6.173916127412873,106.76358191742511,sekolah
-6.170659361396644,106.75898028962422,sekolah
-6.168499934558608,106.7594812048215,sekolah
-6.16322065,106.75894554999999,sekolah
-6.903774346171546,107.60609029519318,sekolah
-6.900323131970048,107.63325383840686,sekolah
-6.899281226772207,107.6338003023825,sekolah
-6.902803489257368,107.63621662637603,sekolah
-6.220794667761607,106.73678353408111,sekolah
-6.166299814209118,106.73608125616694,sekolah
-6.16504251264466,106.72817653759107,sekolah
-6.251242811045545,106.92591810836386,sekolah
-6.249483602695136,106.92396941815221,sekolah
-6.2383977510944035,106.93232904690687,sekolah
-6.23892966808402,106.93203078499027,sekolah
-6.239057737202737,106.93289839297499,sekolah
-6.237317290568367,106.93511492391404,sekolah
-6.232931537430136,106.92553459667162,sekolah
-6.233665967748954,106.93574156090898,sekolah
-6.235580531182936,106.9387264995235,sekolah
-6.900743014278414,107.63189147525523,sekolah
-6.909251567135764,107.62679487414947,sekolah
-6.905047604439887,107.61730208087222,sekolah
-6.905396350000001,107.61802315,sekolah
-6.162369602740651,106.76451051101152,sekolah
-6.1663517409337745,106.76379311662546,sekolah
-6.250539394295963,106.92934554919287,sekolah
-6.249218677169121,106.92952741325084,sekolah
-6.253055006997032,106.92505484811731,sekolah
-6.248646186813812,106.92523907035698,sekolah
-6.249587310009292,106.926581399767,sekolah
-6.171457806878595,106.72994682181503,sekolah
-6.162893349520005,106.73057669073938,sekolah
-6.16491585,106.73055834999998,sekolah
-6.16333975,106.7286408,sekolah
-6.164574625638939,106.72838620579562,sekolah
-6.1685329733722645,106.73610791490435,sekolah
-6.163971509565481,106.7369122423946,sekolah
-6.9115961497459315,107.61109509900757,sekolah
-6.913680898724033,107.61499071729443,sekolah
-6.30093559109001,106.87375602511013,sekolah
-6.299095607437231,106.87206653559653,sekolah
-6.302519237179924,106.87677865471268,sekolah
-6.295383143400293,106.85548715701313,sekolah
-6.296597445426056,106.86357890075021,sekolah
-6.297668566623925,106.85913214412987,sekolah
-6.299195012822316,106.85794650439014,sekolah
-6.296215328077015,106.86570596361399,sekolah
-6.307170471505171,106.86258251074537,sekolah
-6.305716970756597,106.78639755873871,sekolah
-6.3069333499999995,106.86203824999998,sekolah
-6.301950716253576,106.86708564371352,sekolah
-6.301017883945684,106.8573585718675,sekolah
-6.913295805216322,107.61844694420162,sekolah
-6.155211065215671,106.88867969081012,sekolah
-6.728281294309132,108.55232533979121,sekolah
-6.728235504809964,108.55322216105056,sekolah
-6.913761185403629,107.63285932940815,sekolah
-6.911226203513532,107.63156072567791,sekolah
-6.170254755645933,106.75928533685271,sekolah
-6.9197793,107.62492635000002,sekolah
-6.954076701315037,107.5987262943053,sekolah
-6.246387728554342,106.76800897568604,sekolah
-6.289897163466165,106.80426220327764,sekolah
-6.284687056790406,106.79888115803645,sekolah
-6.2837156187241945,106.80575073304345,sekolah
-6.284421233095374,106.79890452352124,sekolah
-6.288311406806424,106.80640182662266,sekolah
-6.283967645679383,106.80610488349494,sekolah
-6.289463057111664,106.81229473474188,sekolah
-6.364902648846569,106.88547665303024,sekolah
-6.367879830041485,106.88710792762726,sekolah
-6.323417183700055,106.83301444454295,sekolah
-6.340407316002203,106.83745259636181,sekolah
-6.33687,106.83947679999999,sekolah
-6.336411879769696,106.83629251230875,sekolah
-6.3359318611788416,106.83617456393728,sekolah
-6.330634859331572,106.83761366456906,sekolah
-6.329146310041702,106.8376990083885,sekolah
-6.328762989644103,106.8392228727964,sekolah
-6.328220111446014,106.83938047494767,sekolah
-6.3227819778059935,106.83653295256877,sekolah
-6.317521011846343,106.8402405848098,sekolah
-6.317036950000002,106.8401314,sekolah
-6.313045903005198,106.838836814895,sekolah
-6.328577014388375,106.83290444493332,sekolah
-6.319609556305622,106.8336626659645,sekolah
-6.315238540544805,106.83673479125844,sekolah
-6.314631227519831,106.83731803561454,sekolah
-6.916308274770298,107.6006969887989,sekolah
-6.918617416552584,107.60179126358608,sekolah
-6.164876909913954,106.73620113655412,sekolah
-6.166263786325096,106.74118163559427,sekolah
-6.16537123606038,106.74494865951047,sekolah
-6.162607230900096,106.73773178023222,sekolah
-6.16118975,106.7380531,sekolah
-6.156183063957864,106.7329061957445,sekolah
-6.155783650000001,106.7319861,sekolah
-6.156882933333333,106.74223383536045,sekolah
-6.1609222500000005,106.74454405,sekolah
-6.161246774229869,106.74512504436639,sekolah
-6.162817996046186,106.74680629223366,sekolah
-6.154472738856027,106.81191998445848,sekolah
-6.158539397576136,106.81540547118307,sekolah
-6.1594511400056335,106.81771378276049,sekolah
-6.11355625,106.89390689999999,sekolah
-6.11250175,106.8948167,sekolah
-6.111082436981496,106.89847957565796,sekolah
-6.9506817385111335,107.59828003041785,sekolah
-6.9215195000000005,107.5966897,sekolah
-6.4428483000000005,107.12777725000002,sekolah
-6.318427786138872,106.9006889653122,sekolah
-6.92279175,107.61863110000002,sekolah
-6.32426975,106.80790894999998,sekolah
-6.331815557423587,106.80628573520166,sekolah
-6.3325793460930235,106.80715442890501,sekolah
-6.148630665337046,106.81585115858555,sekolah
-6.153990624429552,106.81387893332128,sekolah
-6.113729941575688,106.9107389576841,sekolah
-6.1103314,106.9165905,sekolah
-6.11052181219263,106.90796122376139,sekolah
-6.17299097019465,106.78327919077216,sekolah
-6.118311424129679,106.87317465624665,sekolah
-6.112641724254938,106.8766110762369,sekolah
-6.118846294609648,106.87372068659735,sekolah
-6.118579652729072,106.86949635075534,sekolah
-6.121193358013432,106.86882972432052,sekolah
-6.118837220170078,106.87278453360668,sekolah
-6.347977861386652,106.81030628564476,sekolah
-6.36261036349137,106.80153743716154,sekolah
-6.111080278777311,106.89184339704174,sekolah
-6.120457511649874,106.87075053958016,sekolah
-6.110603146685474,106.8837200170212,sekolah
-6.923321105619407,107.60031287442195,sekolah
-6.922916038694328,107.60049112664294,sekolah
-6.8904933999999995,107.60396864999998,sekolah
-6.890932374566153,107.60397728206978,sekolah
-6.891143781201069,107.60389208567781,sekolah
-6.333100558884188,106.83635554187057,sekolah
-6.33609855268858,106.83681207350155,sekolah
-6.1138519,106.91121325,sekolah
-6.115723129086364,106.91135384407931,sekolah
-6.1153183912750135,106.90412859941289,sekolah
-6.1162013559170125,106.91112447440457,sekolah
-6.115255769578373,106.91047250755497,sekolah
-6.115637745015663,106.91067356454192,sekolah
-6.1156147500000015,106.91042445,sekolah
-6.115826042756681,106.90348046680212,sekolah
-6.115615752374242,106.90344514617078,sekolah
-6.117795695879404,106.90385353141824,sekolah
-6.112549570965443,106.9114242045377,sekolah
-6.114919788380836,106.91676297452615,sekolah
-6.117112946754182,106.91542959281229,sekolah
-6.1168883745049305,106.91553994516714,sekolah
-6.115014750000001,106.91506545,sekolah
-6.116628782111531,106.91327066075635,sekolah
-6.111469210255186,106.91552298178676,sekolah
-6.111028838734711,106.91537777729596,sekolah
-6.3089811,106.87956549999998,sekolah
-6.3098751391721954,106.87656265375789,sekolah
-6.308058069985883,106.87958580786665,sekolah
-6.313102405628643,106.87637439779664,sekolah
-6.308325642526005,106.87730790004086,sekolah
-6.308008713227342,106.87729303887419,sekolah
-6.3085631739124866,106.87896699929297,sekolah
-6.314999092296613,106.87973371988308,sekolah
-6.151877450000001,106.91532235,sekolah
-6.130114202345009,106.91487742364895,sekolah
-6.130219840382316,106.91455635072468,sekolah
-6.1651809655282115,106.91827078837423,sekolah
-6.3315216821691145,106.85950859056148,sekolah
-6.167825,106.88627745,sekolah
-6.1201946,106.91129085000001,sekolah
-6.120276089416886,106.91320712532762,sekolah
-6.303244726051111,106.79295155661045,sekolah
-6.313675062495702,106.80223959379583,sekolah
-6.314767866002103,106.78328350921875,sekolah
-6.315050765766412,106.78288976027817,sekolah
-6.306480062919957,106.7981442962421,sekolah
-6.2526823,106.79597855,sekolah
-6.252403581700962,106.79532175654755,sekolah
-6.258439809333024,106.80687613500041,sekolah
-6.265025055131837,106.80697398921801,sekolah
-6.2557603911621795,106.79615282919247,sekolah
-6.286024447776776,106.90827622647711,sekolah
-6.258849266754631,106.80258690014304,sekolah
-6.227490821770735,106.77440875303769,sekolah
-6.232147122659127,106.77441931715832,sekolah
-6.228471260708169,106.77364451285688,sekolah
-6.261928937849986,106.81051134233148,sekolah
-6.148043984257685,106.89683609879329,sekolah
-6.267164114048401,106.76853847065726,sekolah
-6.263339118573503,106.8100556223276,sekolah
-6.263720341504658,106.8100322045291,sekolah
-6.265446899999999,106.80973330000002,sekolah
-6.1171207576299835,106.88325730742753,sekolah
-6.11461509724564,106.88332018754963,sekolah
-6.065327298288146,106.6521524727828,sekolah
-6.128888280800936,106.89095880257135,sekolah
-6.119757200172444,106.88171216530432,sekolah
-6.116768769156244,106.88385642068846,sekolah
-6.117053599999999,106.88386270000001,sekolah
-6.116258620395565,106.88388242779936,sekolah
-6.1151934174954885,106.88197164819387,sekolah
-6.1285960308728225,106.88606562794108,sekolah
-6.1286874853849875,106.89001123035686,sekolah
-6.128650619868541,106.88885122020461,sekolah
-6.180682561534118,106.78564832531883,sekolah
-6.285303636885932,106.7912908932512,sekolah
-6.22769885,106.7532108,sekolah
-6.226805384395508,106.75338012000802,sekolah
-6.232185604404531,106.74853722949842,sekolah
-6.235919273129943,106.75752202006949,sekolah
-6.23386732440062,106.75697869621895,sekolah
-6.224668004660137,106.7579860218386,sekolah
-6.22466254060537,106.75822108325035,sekolah
-6.22623515,106.758007,sekolah
-6.232687888214808,106.74738207513909,sekolah
-6.232679109762646,106.74703155925147,sekolah
-6.236125071046653,106.74952378408199,sekolah
-6.235018117668783,106.74797563869907,sekolah
-6.230732118477528,106.74715944458443,sekolah
-6.231356774552799,106.74990796768388,sekolah
-6.231443041456321,106.75028692617,sekolah
-6.228099451672146,106.74767788239011,sekolah
-6.23040124134157,106.74784756545718,sekolah
-6.230216810157372,106.74745571802654,sekolah
-6.228575933294866,106.74890245168152,sekolah
-6.228238041356064,106.7492113997389,sekolah
-6.225727949999999,106.74003065,sekolah
-6.2244349761470845,106.74079513854291,sekolah
-6.223992120467394,106.74373643690758,sekolah
-6.174610417582065,106.71151617707733,sekolah
-6.346438473801632,106.85955503507235,sekolah
-6.3422223096679256,106.86182674032695,sekolah
-6.183977689982548,106.78307667456473,sekolah
-6.177682095793285,106.78299575732231,sekolah
-6.178061525013068,106.78223607561779,sekolah
-6.177677550765223,106.7822716091875,sekolah
-6.183952666200687,106.78264607364176,sekolah
-6.285133165960755,106.80180876628026,sekolah
-6.286747441058214,106.79280944403135,sekolah
-6.298227671617167,106.91040405031376,sekolah
-6.2959039242108,106.89887201014253,sekolah
-6.290163144157191,106.90357155091722,sekolah
-6.292387443064685,106.90305142924973,sekolah
-6.287542627178891,106.90452682250692,sekolah
-6.176917049999999,106.78632429999999,sekolah
-6.179254090769287,106.70672232671926,sekolah
-6.163005616202967,106.72647738952493,sekolah
-6.1690809829191755,106.72046370586442,sekolah
-6.174105709524862,106.71540229572133,sekolah
-6.17156978970362,106.71564577623703,sekolah
-6.1651195545913025,106.7236658476167,sekolah
-6.584393677185582,106.76386572869413,sekolah
-6.58425107423351,106.76383050013658,sekolah
-6.182311046340097,106.72044293836146,sekolah
-6.170296408851762,106.7232601186098,sekolah
-6.169970572069134,106.72332517550844,sekolah
-6.1812833337037025,106.71929732669732,sekolah
-6.1809184517148505,106.71925675278649,sekolah
-6.179593421371395,106.72340785037773,sekolah
-6.164027403963122,106.79783747533116,sekolah
-6.163237400000001,106.793584,sekolah
-6.159690293667935,106.79655584719926,sekolah
-6.155298512826491,106.79433987182905,sekolah
-6.161419765414452,106.79624542743211,sekolah
-6.162856682711651,106.79369209528961,sekolah
-6.154496260307905,106.72137816129785,sekolah
-6.156678829444277,106.72583702141188,sekolah
-6.114562263785908,106.9003226268859,sekolah
-6.1241234669197455,106.9104178411353,sekolah
-6.117719102947241,106.903118031267,sekolah
-6.115674494268948,106.9029098017912,sekolah
-6.118918300306761,106.90076428347052,sekolah
-6.118676489505199,106.90262574162006,sekolah
-6.1230969983509596,106.90068302041453,sekolah
-6.12309316221348,106.90027428911628,sekolah
-6.1169951126772055,106.89835637968473,sekolah
-6.122911020963211,106.89835533653127,sekolah
-6.118332635521576,106.89876608801595,sekolah
-6.118597796340692,106.89892565389972,sekolah
-6.119257317669779,106.89487692820886,sekolah
-6.117499712481726,106.8977258676234,sekolah
-6.109437942325361,106.89968851610713,sekolah
-6.226898588558198,106.47118405388937,sekolah
-6.226507799131696,106.47096244744189,sekolah
-6.1387962068043995,106.81458506554095,sekolah
-6.124442026818464,106.90104492774951,sekolah
-6.1255202437648455,106.90258088422769,sekolah
-6.124754316124145,106.90308602053636,sekolah
-6.225840335421048,106.47127093351371,sekolah
-6.115906516225733,106.878568149142,sekolah
-6.363053460687454,106.87992567333274,sekolah
-6.121690459969803,106.87261310915747,sekolah
-6.121201126302625,106.87223595024207,sekolah
-6.117675899999999,106.87893195,sekolah
-6.123470688262003,106.88185637767877,sekolah
-6.1253621844922135,106.88225861924089,sekolah
-6.116686503883339,106.88020988198961,sekolah
-6.299186350835249,106.86330055169228,sekolah
-6.946732326505283,107.56052231704184,sekolah
-6.1761908434539405,106.78725361150796,sekolah
-6.2108106287564695,106.47325544821078,sekolah
-6.209649266914259,106.47242493285385,sekolah
-6.1233682,106.9131896,sekolah
-6.182110128298272,106.72062947464295,sekolah
-6.180288929599272,106.71259852236993,sekolah
-6.231813140661917,106.76438335084113,sekolah
-6.231352247515675,106.76050302640101,sekolah
-6.243457834441838,106.7649087643647,sekolah
-6.224329050157897,106.76160901954746,sekolah
-6.141210136392057,106.72584851747663,sekolah
-6.150323568729606,106.72371234538652,sekolah
-6.150232641982707,106.72323222459211,sekolah
-6.1500362000000015,106.72357325000002,sekolah
-6.149333917193464,106.72684056378017,sekolah
-6.150698035029604,106.7230962159766,sekolah
-6.150900957554386,106.72180331451156,sekolah
-6.151080677954092,106.71977129231685,sekolah
-6.247636426871256,106.80552607797087,sekolah
-6.246661988853318,106.80602752697659,sekolah
-6.177896168283326,106.6238847949356,sekolah
-6.12669618097054,106.72778174840523,sekolah
-6.134577050000002,106.7225249,sekolah
-6.135242899601677,106.72115937103953,sekolah
-6.13576915,106.72340750000001,sekolah
-6.13155149024868,106.72925178070588,sekolah
-6.132620651947054,106.72960267576866,sekolah
-6.132894051867461,106.72290085529262,sekolah
-6.141234255912402,106.72249152048407,sekolah
-6.255595509631742,106.89276404700989,sekolah
-6.251828009626117,106.89017811724385,sekolah
-6.253585208144274,106.89120960601873,sekolah
-6.250904476176965,106.8839941708886,sekolah
-6.252283969623238,106.89051386124615,sekolah
-6.255395107264566,106.89205036831493,sekolah
-6.143657431445473,106.72361869095998,sekolah
-6.144947093723564,106.72804763057252,sekolah
-6.153584193158953,106.78476456271488,sekolah
-6.159104271243752,106.78413985164715,sekolah
-6.158698214516465,106.78941158851637,sekolah
-6.159587500000001,106.79005630000003,sekolah
-6.158077349999999,106.78681479999999,sekolah
-6.15444347024041,106.78621903873646,sekolah
-6.159537002729242,106.78806090723111,sekolah
-6.161086423054074,106.78724514563079,sekolah
-6.164243421514899,106.78626287950631,sekolah
-6.16404319937427,106.78561818231019,sekolah
-6.159776575843235,106.78522031377864,sekolah
-6.1741388843122715,106.76402732312026,sekolah
-6.128264929795712,106.90129334235225,sekolah
-6.127489150464983,106.90036770105141,sekolah
-6.135639222176364,106.903497058964,sekolah
-6.133777805729496,106.90221416711977,sekolah
-6.133242975292742,106.89744340950385,sekolah
-6.132311785318688,106.90260016660743,sekolah
-6.247905547703011,106.79090486015393,sekolah
-6.24822489931539,106.79122367554767,sekolah
-6.247672299999998,106.79124999999999,sekolah
-6.131373759052937,106.90668458696071,sekolah
-6.1378603522447595,106.90807404775865,sekolah
-6.132811777680754,106.90646661163368,sekolah
-6.212885532783205,107.28611829782726,sekolah
-6.212406793908873,107.28790685994802,sekolah
-6.212486401303155,107.27839699119318,sekolah
-6.206100986318498,107.29215657083412,sekolah
-6.208590678048593,107.29238729573098,sekolah
-6.207979805936521,107.29202125607165,sekolah
-6.208295263255369,107.29199505302722,sekolah
-6.209511513102749,107.29171502342581,sekolah
-6.209119449999999,107.29167490000002,sekolah
-6.214595308555486,107.28315203091117,sekolah
-6.2444919558879874,106.79064122115648,sekolah
-6.161225400000001,106.88794945,sekolah
-6.161522700357044,106.89444291686812,sekolah
-6.435494059384446,107.12913667106544,sekolah
-6.435516233484068,107.12919624992375,sekolah
-6.4354829811053005,107.12909150151185,sekolah
-6.4365531449007705,107.13972612722631,sekolah
-6.18520155,107.04876644999999,sekolah
-6.187534021222827,107.04895204783017,sekolah
-6.187548000000001,107.04917800000001,sekolah
-6.2592668,106.78244145000001,sekolah
-6.25603537466887,106.78312873180032,sekolah
-6.252535731123103,106.78604091167641,sekolah
-6.252925052393945,106.78610273524069,sekolah
-6.25330732933319,106.78485584319655,sekolah
-6.250100655209622,106.78607309570732,sekolah
-6.248680703989703,106.7852293820844,sekolah
-6.133114863845149,106.91402286998624,sekolah
-6.1336692779067015,106.90693131561187,sekolah
-6.13323355,106.90674765,sekolah
-6.133703774676201,106.90521373437218,sekolah
-6.133429221910882,106.90740894809184,sekolah
-6.134095022720627,106.90843362044768,sekolah
-6.449964869329605,107.16105318429287,sekolah
-6.088135116564173,107.18473387709886,sekolah
-6.0884209500000015,107.18470505000002,sekolah
-6.088121499999999,107.18499434999998,sekolah
-6.0878625,107.18491295000001,sekolah
-6.087954359673193,107.18472718779392,sekolah
-6.088253022121282,107.18452179778505,sekolah
-6.081453684072573,107.1865057824204,sekolah
-6.103570041157763,107.18411352555644,sekolah
-6.102739900000001,107.18415150000003,sekolah
-6.144815706030599,106.73152106618882,sekolah
-6.153825869188437,106.73111119651337,sekolah
-6.818395349999999,108.58167774999997,sekolah
-6.818281249999999,108.58146345,sekolah
-6.1230465,106.88898635,sekolah
-6.1148153999999995,106.89076739999997,sekolah
-6.122886319475781,106.88621991227726,sekolah
-6.125429449409201,106.89056987409776,sekolah
-6.125063752329244,106.89064932378751,sekolah
-6.122338697792822,106.89119777620921,sekolah
-6.121527370213002,106.89123896667695,sekolah
-6.114764707381458,106.88586888161814,sekolah
-6.113444870628701,106.88807794554062,sekolah
-6.082147766746859,107.11679527856208,sekolah
-6.210391467844884,107.25672239633991,sekolah
-6.207468649765945,107.24148708689106,sekolah
-6.202733421595716,107.23009855068867,sekolah
-6.35113641187046,106.88069189102363,sekolah
-6.350034427399976,106.88294962719004,sekolah
-6.24503134879593,106.76207021270938,sekolah
-6.2314998882216965,106.7645875562336,sekolah
-6.247026487563325,106.76170297665746,sekolah
-6.245372268881631,106.76837506067824,sekolah
-6.146123878816699,106.73920553146385,sekolah
-6.151155007172417,106.73002812441598,sekolah
-6.147282022667462,106.73346241408468,sekolah
-6.15398785482715,106.73317285026242,sekolah
-6.153782421531847,106.73293367175924,sekolah
-6.153073215759464,106.73192920186706,sekolah
-6.15390909251066,106.74232547356144,sekolah
-6.152635127667689,106.74033868697853,sekolah
-6.152648008548837,106.74029807175837,sekolah
-6.150681149171896,106.73223991690885,sekolah
-6.17670481103645,106.79659553917165,sekolah
-6.172841813016609,106.79763406735687,sekolah
-6.174621166108974,106.80076664314325,sekolah
-6.1723289999999995,106.8018012,sekolah
-6.17640229369997,106.7970173628714,sekolah
-6.1724776817247475,106.79769806435763,sekolah
-6.172552520121352,106.8020456390298,sekolah
-6.274936667994567,106.77387026938283,sekolah
-6.274673366723339,106.77434252374152,sekolah
-6.276410938443875,106.77368928945923,sekolah
-6.204546358326288,106.75726047670943,sekolah
-6.123885199999999,106.8888972,sekolah
-6.126090791035394,106.88426545570373,sekolah
-6.121544107799119,106.89100192379227,sekolah
-6.114840978658719,106.8861419160484,sekolah
-6.122753784970224,106.8879434742721,sekolah
-6.125699352919451,106.89081504130795,sekolah
-6.11933197526312,106.90871530605826,sekolah
-6.119927330552794,106.90824833688231,sekolah
-6.1239410396092415,106.92043415606,sekolah
-6.120613420369662,106.92062241012381,sekolah
-6.120125470706001,106.9206333317464,sekolah
-6.119351673476039,106.92055035731731,sekolah
-6.1197712375552396,106.91929718492212,sekolah
-6.172328882795737,106.80064506714353,sekolah
-6.170113326206181,106.79469949318175,sekolah
-6.231619388519946,106.78198487516698,sekolah
-5.988075050000001,107.0763734,sekolah
-5.962681388746534,107.09398343443083,sekolah
-5.987567006956149,107.0858446062702,sekolah
-6.12833764618041,106.90936949695737,sekolah
-6.124613269219143,106.91048062885555,sekolah
-6.126600949999999,106.73696289999998,sekolah
-6.123521105546984,106.73118896399363,sekolah
-6.123975905453861,106.73233255544227,sekolah
-6.12377220276894,106.73251187186376,sekolah
-6.131319602257,106.73792482793614,sekolah
-6.186674235997745,107.03422078976976,sekolah
-6.187986511389365,107.03482336916092,sekolah
-6.187297049999999,107.03888919999999,sekolah
-6.187211814249904,107.03812503172189,sekolah
-6.187321704498203,107.03803703846525,sekolah
-6.188495153140516,107.03943291003333,sekolah
-6.195475185736538,107.03650069900321,sekolah
-6.197162960091161,107.03613097665404,sekolah
-6.197880242778048,107.03844206227024,sekolah
-6.198099355328208,107.03769812401896,sekolah
-6.19806995,107.0373254,sekolah
-6.199392267353258,107.03701704930539,sekolah
-6.2034286979699065,107.03637987568838,sekolah
-6.215329894945786,107.25637631469101,sekolah
-6.217399670119494,107.27078027446854,sekolah
-6.217124921904682,107.2708462957562,sekolah
-6.227959774222738,107.27424194807683,sekolah
-6.229153900000001,107.2689592,sekolah
-6.417854200000001,107.113761,sekolah
-6.41786514757902,107.11384632987753,sekolah
-6.417833699999999,107.11371515,sekolah
-6.176945755666881,107.02270353020101,sekolah
-6.183935477443106,107.01867564343162,sekolah
-6.188690090846324,107.0193663785087,sekolah
-6.1888460499999995,107.00928114999998,sekolah
-6.191955623835062,107.00885667945614,sekolah
-6.193157267931973,107.02184285830359,sekolah
-6.192714074908233,107.02237346641395,sekolah
-6.189482352835498,107.02166572315568,sekolah
-6.189895607642838,107.02151264525533,sekolah
-6.18949595,107.02146249999998,sekolah
-6.190486063849867,107.02051236922414,sekolah
-6.190057699301308,107.02048056085565,sekolah
-6.18756695,107.0299945,sekolah
-6.191467354698967,107.02463133745508,sekolah
-6.159099837072363,106.98225001897244,sekolah
-6.165781588792086,106.99027868579502,sekolah
-6.102042129410435,106.97604042878373,sekolah
-6.190006049999999,107.0305818,sekolah
-6.180463634761397,107.03487577434292,sekolah
-6.195302300000001,107.02963985,sekolah
-6.256539514310962,106.78016968174664,sekolah
-6.2600934000000015,106.77623415,sekolah
-6.2583840082549065,106.7762982941532,sekolah
-6.2578670709573405,106.7761995551577,sekolah
-6.253304583498048,106.78009943078767,sekolah
-6.253228148665322,106.77960737603169,sekolah
-6.254442012384458,106.77828877948664,sekolah
-6.254885768902986,106.77903194257901,sekolah
-6.250390493016864,106.7785302780493,sekolah
-6.247793628633573,106.7791497180828,sekolah
-6.247986944448005,106.77986562951035,sekolah
-6.8607151960553745,107.58642572451095,sekolah
-6.309307603309725,106.89152312105188,sekolah
-6.6692832,106.8455439,sekolah
-6.668254642764774,106.84339934999132,sekolah
-6.649773916521278,106.81260516946689,sekolah
-6.63907911208091,106.8157697739062,sekolah
-6.148238500000002,106.78260940000003,sekolah
-6.146772202824869,106.78221918874918,sekolah
-6.145297810175531,106.78214063882074,sekolah
-6.144681139456156,106.78415682960545,sekolah
-6.147735872249969,106.789145853827,sekolah
-6.146558822136614,106.78568291783314,sekolah
-6.623162150000003,106.81274210000001,sekolah
-6.62288718176861,106.81264444896446,sekolah
-6.149562274803475,106.78753034379602,sekolah
-6.153267876566862,106.79068447455529,sekolah
-6.631989058948926,106.83464911434072,sekolah
-6.632107750000001,106.83487894999998,sekolah
-6.6250066582608635,106.8353003245397,sekolah
-6.625004799999999,106.83550224999999,sekolah
-6.611840841741054,106.8259939574019,sekolah
-6.625076249999999,106.83573164999997,sekolah
-6.6104184412811895,106.82270457404931,sekolah
-6.628251912858716,106.83071278907639,sekolah
-6.630046066063402,106.83125584914923,sekolah
-6.624030304951562,106.82705164881268,sekolah
-6.6239669999999995,106.8269529,sekolah
-6.623869916671229,106.82676764999121,sekolah
-6.665185952128831,106.83555687671854,sekolah
-6.149092200000001,106.78460905000001,sekolah
-6.257351950000001,106.76352704999998,sekolah
-6.272534553084434,106.76077620864432,sekolah
-6.284551143658495,106.76327999177416,sekolah
-6.285070804912542,106.76300640034025,sekolah
-6.280658929938494,106.76687210538718,sekolah
-6.277956499999999,106.763168,sekolah
-6.277005523710718,106.76568370422198,sekolah
-6.259320874939408,106.7717164984766,sekolah
-6.261297797263022,106.77209359412062,sekolah
-6.267171058401281,106.76903763680701,sekolah
-6.2700407680614125,106.75762099640343,sekolah
-6.268170268367078,106.75883345828342,sekolah
-6.264910696275938,106.75840741776919,sekolah
-6.264528672503569,106.75931147601673,sekolah
-6.5590444179931,106.82364881433843,sekolah
-6.122909977690586,106.91571592210299,sekolah
-6.124350508847863,106.9136534289746,sekolah
-6.55802010987603,106.81253350738861,sekolah
-6.232528001026802,106.80586305973078,sekolah
-6.233142343329149,106.80200479985557,sekolah
-6.610984925134661,106.80399520390525,sekolah
-6.6107354421681395,106.80384851606861,sekolah
-6.596114003084851,106.78637923125754,sekolah
-6.596589306030564,106.78834253016333,sekolah
-6.137384350089074,106.84247499124,sekolah
-6.13851335,106.84021550000003,sekolah
-6.132666606478342,106.84382547697876,sekolah
-6.1314883099805995,106.8443270270882,sekolah
-6.13147656253561,106.84568958228515,sekolah
-6.1313813999999995,106.84547614999998,sekolah
-6.131569599469333,106.84520072873067,sekolah
-6.131136950246844,106.84516120521921,sekolah
-6.330697019138289,106.86750323289631,sekolah
-6.327831337441803,106.8778173063766,sekolah
-6.327349265774392,106.87788020654087,sekolah
-6.566054156705043,106.79874157333292,sekolah
-6.5665471,106.799214,sekolah
-6.566515674789291,106.79901576483716,sekolah
-6.566522702178729,106.79883927106859,sekolah
-6.566419163347826,106.79897274673468,sekolah
-6.568171917337334,106.79961354056063,sekolah
-6.565384357307957,106.80143091330235,sekolah
-6.580121029408416,106.79345883078521,sekolah
-6.565402717155042,106.80163456720325,sekolah
-6.5675663383646485,106.80009914141736,sekolah
-6.568922539961463,106.79508644555693,sekolah
-6.5688832808920825,106.79492435119481,sekolah
-6.570692824560844,106.79402229723627,sekolah
-6.570577266854529,106.79391766121007,sekolah
-6.570321643121865,106.79397413077393,sekolah
-6.579105728575168,106.79264101586813,sekolah
-6.53465585,106.7865291,sekolah
-6.531611001983238,106.78875667506259,sekolah
-6.533208414924128,106.78886772909189,sekolah
-6.53234275,106.790769,sekolah
-6.295562318824989,106.84294164108287,sekolah
-6.558862360802876,106.80802874353148,sekolah
-6.563629749397561,106.7961506472596,sekolah
-6.587424650000001,106.7759508,sekolah
-6.59265585,106.77850135000003,sekolah
-6.57813405,106.77838184999999,sekolah
-6.35555298184686,106.90770256638903,sekolah
-6.354869428917742,106.91073340931385,sekolah
-6.343571996931714,106.91454611250016,sekolah
-6.592871899999999,106.76817974999999,sekolah
-6.5926703644286,106.76746148112595,sekolah
-6.589215056597758,106.77093996054984,sekolah
-6.582769527165403,106.77122547437003,sekolah
-6.354924856275634,106.90502854094011,sekolah
-6.127411488250072,106.87640752792535,sekolah
-6.128267943221791,106.87578949576933,sekolah
-6.122580489304271,106.86888840032333,sekolah
-6.1228112260927885,106.87215553988258,sekolah
-6.130488447046779,106.88024924084137,sekolah
-6.130155769376984,106.8821086545771,sekolah
-6.127836992301755,106.8787807994255,sekolah
-6.126291003977508,106.87613399087505,sekolah
-6.12910000772506,106.87368746101033,sekolah
-6.128599300000001,106.87014669999999,sekolah
-6.136185256701763,106.84320004231068,sekolah
-6.1317937099412525,106.84336536939824,sekolah
-6.137156248947709,106.84368803618104,sekolah
-6.132016833345853,106.84383626883185,sekolah
-6.154302464966431,106.76305900772515,sekolah
-6.154646952755078,106.76243439815472,sekolah
-6.154374393911976,106.76262556893566,sekolah
-6.155306635271894,106.76168774718289,sekolah
-6.152727469656529,106.75936294938444,sekolah
-6.143585525450527,106.75101349905586,sekolah
-6.175740873019432,106.3576033783608,sekolah
-6.1778816744527,106.7814948960138,sekolah
-6.178570204939793,106.78383775996589,sekolah
-6.862537239052796,107.59101583509143,sekolah
-6.143946917866276,106.75294565617642,sekolah
-6.152773723691873,106.76033658912289,sekolah
-6.246359599999999,106.7792245,sekolah
-6.248632275166178,106.7752510165262,sekolah
-6.250495500000001,106.77723175000003,sekolah
-6.246206751023082,106.78378475436652,sekolah
-6.245002025105991,106.78150193029877,sekolah
-6.244702941695192,106.78193626904044,sekolah
-6.237595695617235,106.78415312899715,sekolah
-6.23727950272118,106.78438129772225,sekolah
-6.240573019440066,106.78946488282436,sekolah
-6.239008149863338,106.7897902537286,sekolah
-6.24025840465089,106.78951399501621,sekolah
-6.23963133483758,106.7897893767566,sekolah
-6.247276456055713,106.77312578973378,sekolah
-6.247251581358408,106.7702361582875,sekolah
-6.2472716131242505,106.77143998527674,sekolah
-6.245057007179457,106.7763745517414,sekolah
-6.241956697166191,106.77963422439076,sekolah
-6.2446668211781695,106.76881046410614,sekolah
-6.243998225621644,106.7688373941022,sekolah
-6.158991487529688,106.87422656300936,sekolah
-6.150401740880942,106.85112380398881,sekolah
-6.141585118406045,106.84301253317021,sekolah
-6.810402530456789,107.5760544480704,sekolah
-6.8111794610349055,107.57672595077145,sekolah
-6.859356817964761,107.55684314628527,sekolah
-6.860877232054538,107.56479785206733,sekolah
-6.858959047063732,107.56524471547164,sekolah
-6.800822543515339,107.60167998939961,sekolah
-6.815398650000001,107.61276235,sekolah
-6.1296230046416085,106.90428951340805,sekolah
-6.2344725586901,106.77517943864228,sekolah
-6.2343909740663745,106.77989626739506,sekolah
-6.233635225093282,106.7724802861482,sekolah
-6.23460127587441,106.7717256452553,sekolah
-6.240312025183286,106.76984980097356,sekolah
-6.238992553077032,106.77599142524873,sekolah
-6.238879750000001,106.77573495000001,sekolah
-6.242642522488738,106.74914703749154,sekolah
-6.239480142646732,106.74988752195692,sekolah
-6.2492116253297745,106.7542304652124,sekolah
-6.237729610407633,106.75364150420071,sekolah
-6.132822222334274,106.91397677737046,sekolah
-6.865476446239549,107.58796269560092,sekolah
-6.86102457750461,107.58649485979758,sekolah
-6.102612200000001,106.91676645000001,sekolah
-6.103111725457391,106.91606014134979,sekolah
-6.2836567100786,106.78829418572808,sekolah
-6.290804368049858,106.78571423034056,sekolah
-6.285091406949493,106.77091772422426,sekolah
-6.287682270518992,106.77522135843685,sekolah
-6.284277544468299,106.77324782813156,sekolah
-6.2826891256377495,106.77110017133961,sekolah
-6.281911499999999,106.77028949999999,sekolah
-6.282017183581231,106.77048647025465,sekolah
-6.282017183581231,106.77048647025465,sekolah
-6.282476009432099,106.76970583212558,sekolah
-6.279300535178652,106.7693509136992,sekolah
-6.276828623845855,106.77061755389164,sekolah
-6.276002234426596,106.77101962509637,sekolah
-6.270153705153425,106.77406652094245,sekolah
-6.269767988331506,106.77470400231408,sekolah
-6.268614848573484,106.77477959020429,sekolah
-6.2646729023858345,106.7727329771942,sekolah
-6.2715001997581314,106.77410912832819,sekolah
-6.261365264074677,106.77755695245338,sekolah
-6.261758567316499,106.78090673251782,sekolah
-6.861069015739836,107.58267252014772,sekolah
-6.866584749999999,107.58189809999999,sekolah
-6.129363865032909,106.74062089200247,sekolah
-6.129607849999998,106.74106925,sekolah
-6.219630922411847,106.78371257006981,sekolah
-6.2196409896915785,106.78540782361209,sekolah
-6.218970143381561,106.78194029585923,sekolah
-6.2094439375770225,106.79032628284929,sekolah
-6.2114076219874885,106.7894074852475,sekolah
-6.208075028656084,106.79133376526859,sekolah
-6.263697255038644,106.79389392029097,sekolah
-6.258018562685346,106.79489899895393,sekolah
-6.259138471227528,106.79456939019994,sekolah
-6.25749515,106.79651055000001,sekolah
-6.25802695757036,106.79104953197812,sekolah
-6.262085026048607,106.79148788532443,sekolah
-6.262234963914057,106.7920190379691,sekolah
-6.2272882994449255,106.78137775306521,sekolah
-6.1600934999999994,106.77602110000001,sekolah
-6.15675420779187,106.77667079638897,sekolah
-6.157555899999998,106.779347,sekolah
-6.163806478038071,106.78129825870185,sekolah
-6.1609386990132435,106.77360306468034,sekolah
-6.158344436854538,106.77357192616627,sekolah
-6.15271662690463,106.77447010238959,sekolah
-6.152133518161635,106.7741495595059,sekolah
-6.1503034822101466,106.7780160465249,sekolah
-6.150290025202438,106.77776424469273,sekolah
-6.1508381786911785,106.77934001819935,sekolah
-6.144865313609531,106.7773084753397,sekolah
-6.262145609906466,106.7612961977149,sekolah
-6.150864388829404,106.86329521840646,sekolah
-6.87095911690678,107.57858284970975,sekolah
-6.253058444714747,106.7820289023074,sekolah
-6.15650138960318,106.72126495715065,sekolah
-6.139615302284171,106.76336768505361,sekolah
-6.1398377129587365,106.75964057884006,sekolah
-6.260356446277268,106.75868492485556,sekolah
-6.2593514524139975,106.75582838793963,sekolah
-6.253917776954771,106.75596280754107,sekolah
-6.253850782291974,106.75772232975413,sekolah
-6.254221663489304,106.75722293282475,sekolah
-6.259211976173605,106.75730768715515,sekolah
-6.1023935085549565,106.92197412985385,sekolah
-6.102433174216066,106.92184468597345,sekolah
-6.252857035344298,106.75974086278653,sekolah
-6.252528790698647,106.76209278612723,sekolah
-6.251424777240281,106.75347597602077,sekolah
-6.2497951670838825,106.75389985519774,sekolah
-6.261247269615384,106.75818136451886,sekolah
-6.261568320882761,106.75750534544225,sekolah
-6.095933649247411,106.960120377429,sekolah
-6.147468014314216,106.74591628170947,sekolah
-6.142675745967257,106.74248837320883,sekolah
-6.141817097115423,106.74140021608693,sekolah
-6.140199850000001,106.74549050000002,sekolah
-6.135791829638403,106.84000551626237,sekolah
-6.236117678758409,106.7554216513854,sekolah
-6.2432963,106.74910624999997,sekolah
-6.243083074061842,106.74919646189456,sekolah
-6.241814267935942,106.74841016061093,sekolah
-6.124772049561558,106.87938931625789,sekolah
-6.1234083,106.8725635,sekolah
-6.12288636680479,106.88939478033909,sekolah
-6.101620373820513,106.92228652437366,sekolah
-6.101486652214874,106.92437510835249,sekolah
-6.125886975816172,106.93911771778474,sekolah
-6.240034248080628,106.81652036189422,sekolah
-6.239631164001496,106.81674536082932,sekolah
-6.241183825579154,106.81278224522083,sekolah
-6.147744398437576,106.7424881745609,sekolah
-6.143704097865074,106.74726201270833,sekolah
-6.152057697052732,106.74762131819901,sekolah
-6.141988949070102,106.74899250946827,sekolah
-6.144118765693619,106.74786038273425,sekolah
-6.144092014857478,106.74756964153838,sekolah
-6.147001225260485,106.74761089172658,sekolah
-6.14711395317904,106.74938672464893,sekolah
-6.150322893391101,106.74349544525579,sekolah
-6.142967547353131,106.74111899817174,sekolah
-6.136616020510968,106.74529549015371,sekolah
-6.130542207638857,106.74108538246384,sekolah
-6.1331636000000005,106.74149225000002,sekolah
-6.1348848225312755,106.74830547706586,sekolah
-6.137849846763729,106.74836581517603,sekolah
-6.137635671411207,106.7573316373445,sekolah
-6.139500665048268,106.75905079291582,sekolah
-6.142138652207445,106.75260679365066,sekolah
-6.124660550000003,106.81269050000002,sekolah
-6.140965350025436,106.95428163012073,sekolah
-6.140553231572914,106.9535638055616,sekolah
-6.144121717942407,106.95664087472423,sekolah
-6.148907252644955,106.95607273096765,sekolah
-6.146309750000001,106.95548315,sekolah
-6.273534050000001,106.68908769999999,sekolah
-6.154795230856095,106.95759857431675,sekolah
-6.15116464166542,106.95700653911211,sekolah
-6.158100368108369,106.95736002750414,sekolah
-6.157720666792061,106.95606723694858,sekolah
-6.157564227215328,106.95653210655045,sekolah
-6.157635632160493,106.95562944345295,sekolah
-6.1580487245209286,106.95786501730377,sekolah
-6.1316239938780726,106.95495311928715,sekolah
-6.157713450000002,106.96012444999995,sekolah
-6.158129275128799,106.95302183403396,sekolah
-6.239682322702026,106.77355729478595,sekolah
-6.239737044089043,106.77294502563028,sekolah
-6.239479439205834,106.77650945223122,sekolah
-6.120798189524654,106.77434858920927,sekolah
-6.114976208801027,106.77491830529969,sekolah
-6.1089633268462595,106.76887524940175,sekolah
-6.109404031048015,106.77074864176674,sekolah
-6.11165904513524,106.77105897340421,sekolah
-6.111871323165349,106.77068669355775,sekolah
-6.092430061853619,106.72320350872909,sekolah
-6.130927004436962,106.84092237567583,sekolah
-6.134832309316028,106.8342231754181,sekolah
-6.1148421,106.79135960000002,sekolah
-6.140843507373362,106.83825213704237,sekolah
-6.133712786177577,106.83799284912799,sekolah
-6.137196114568615,106.83506029044608,sekolah
-6.139026473150544,106.83542373070719,sekolah
-6.140973023773223,106.83817833265834,sekolah
-6.135830913512815,106.83342311436883,sekolah
-6.14060776706983,106.83526609860743,sekolah
-6.140573239603372,106.83501620171172,sekolah
-6.108457299999999,106.93083200000001,sekolah
-6.108281800000001,106.93080795000002,sekolah
-6.11150727777685,106.92442663822993,sekolah
-6.109400739275721,106.93267357632591,sekolah
-6.108453493417308,106.92584481112573,sekolah
-6.113069060386745,106.92565563170403,sekolah
-6.11224215,106.93058555000002,sekolah
-6.111443248684238,106.93193606650408,sekolah
-6.113290349999999,106.92898325,sekolah
-6.112020189953099,106.92426794889867,sekolah
-6.111921604788126,106.92450937400561,sekolah
-6.27254525244638,106.77394027090286,sekolah
-6.1276218341476145,106.7751156768839,sekolah
-6.138191249999999,106.76367739999999,sekolah
-6.137681030512403,106.76390225656206,sekolah
-6.134754941107288,106.83978105092622,sekolah
-6.134817629621273,106.83905024482725,sekolah
-6.137014917222313,106.83550104930067,sekolah
-6.132821409938804,106.72638987401515,sekolah
-6.1238053,106.80451955,sekolah
-6.124807302500622,106.80293931881845,sekolah
-6.124828926357036,106.80266785699689,sekolah
-6.131591627809444,106.79890272023918,sekolah
-6.129087722764628,106.79966959630273,sekolah
-6.135903007909062,106.7969216259675,sekolah
-6.122067553349571,106.80380487621022,sekolah
-6.133484125964942,106.79686016560719,sekolah
-6.133844450000001,106.79692854999999,sekolah
-6.128317003332565,106.79143063033806,sekolah
-6.12355055,106.80682685000001,sekolah
-6.129343885407331,106.79475927317114,sekolah
-6.1637568654697885,106.90985213638284,sekolah
-6.161104382324242,106.912231749335,sekolah
-6.1203903,106.77942324999998,sekolah
-6.122727518199835,106.7764714249195,sekolah
-6.136588756182608,106.7752286613566,sekolah
-6.130172274407036,106.75416651433413,sekolah
-6.133372177799697,106.77021453073327,sekolah
-6.132163944701926,106.75918127537298,sekolah
-6.133808586957268,106.77529263862816,sekolah
-6.128624610219227,106.76576019580109,sekolah
-6.132163699999997,106.76394065000001,sekolah
-6.1542538865647805,106.73308341168577,sekolah
-6.146543358100227,106.90566974090358,sekolah
-6.177758489327195,106.91333056841373,sekolah
-6.1773552469963064,106.91322817210529,sekolah
-6.150006673033201,106.91718999862749,sekolah
-6.138438429313803,106.91508426852204,sekolah
-5.978689954666114,106.70987991819746,sekolah
-5.9793837737857025,106.70931680806729,sekolah
-5.92971083994574,106.58620923027965,sekolah
-5.927210350167424,106.58364622539898,sekolah
-6.1338318846609345,106.93935603648528,sekolah
-6.134937394960266,106.93958277213397,sekolah
-6.13384356334265,106.9375970080732,sekolah
-6.142528864042251,106.7765737060772,sekolah
-6.139338333761014,106.78490568593564,sekolah
-6.1387631,106.78500595,sekolah
-6.132641050000001,106.781564,sekolah
-6.130574711795355,106.77804829501754,sekolah
-6.1334044962960315,106.78103872715592,sekolah
-6.12902238791142,106.77796648478609,sekolah
-6.13829945,106.7774661,sekolah
-6.137571400829632,106.77953609711791,sekolah
-6.13558325,106.77907304999998,sekolah
-6.135814731561005,106.7793375442573,sekolah
-6.136354769022554,106.78040055630008,sekolah
-6.135677240944066,106.78915967439627,sekolah
-6.140869631902599,106.79016472396471,sekolah
-6.139760845241205,106.79099297398547,sekolah
-6.141413399491972,106.79484119194191,sekolah
-6.105144596903492,106.75736558054456,sekolah
-6.104867436570625,106.75197700808512,sekolah
-6.977571219770381,108.48303274970077,sekolah
-6.977952702012168,108.48241208938356,sekolah
-6.979450104207836,108.48550489519627,sekolah
-6.97683472568215,108.48402264263356,sekolah
-6.231103495228637,106.80023267625698,sekolah
-6.11290218810776,106.96276114004807,sekolah
-6.146889247611048,106.91368068031107,sekolah
-6.153305529328641,106.91542224538486,sekolah
-6.174892747706077,106.91152395188043,sekolah
-6.138586745166256,106.92044359919652,sekolah
-6.146274868026491,106.92313101577814,sekolah
-6.145688670022766,106.92278618209272,sekolah
-6.147879984756418,106.92491794890623,sekolah
-6.156411749999999,106.92703355,sekolah
-6.157850727768415,106.92747054283237,sekolah
-6.157716890344252,106.92802133449459,sekolah
-6.150354523373691,106.92184631626486,sekolah
-6.155945477476752,106.92182566938989,sekolah
-6.159237089299479,106.92183047299262,sekolah
-6.168642328559235,106.8859368285039,sekolah
-6.156403637335517,106.89473788290807,sekolah
-6.127384042103846,106.9563799018594,sekolah
-6.100817851976081,106.92708838249783,sekolah
-6.102014169603814,106.9291743646575,sekolah
-6.118137413888305,106.95908705793212,sekolah
-6.134554618890485,106.87073896627804,sekolah
-6.1448535776155575,106.86952389354926,sekolah
-6.139398570158917,106.86704776320734,sekolah
-6.143073630825357,106.87105770091918,sekolah
-6.141533577631526,106.87071455058513,sekolah
-6.140269115635318,106.87045000172145,sekolah
-6.14631748029029,106.86324544847216,sekolah
-6.1438423136182765,106.86121231602905,sekolah
-6.133565375347533,106.86174575642562,sekolah
-6.133153159653055,106.85830035011506,sekolah
-6.1326770792399,106.85706833812529,sekolah
-6.130832528411973,106.85814291234381,sekolah
-6.129798424297283,106.85725781615537,sekolah
-6.130220330588288,106.85275978653259,sekolah
-6.1347894246836985,106.8584612608032,sekolah
-6.135974251974892,106.85920834013488,sekolah
-6.132694899999997,106.76451754999998,sekolah
-6.1371753995818965,106.84312894379694,sekolah
-6.12568538166877,106.82404502610802,sekolah
-6.124219391977589,106.95921456564209,sekolah
-6.124711789957138,106.9592108311689,sekolah
-6.134624496710696,106.92485571964288,sekolah
-6.134715221722444,106.92416808627122,sekolah
-6.119299437481555,106.95792732830543,sekolah
-6.130402834879835,106.9277055261335,sekolah
-6.130255672921037,106.92821673706693,sekolah
-6.110317513977438,106.92231906115896,sekolah
-6.115760561221188,106.92202731233382,sekolah
-6.110077372010602,106.92153750376596,sekolah
-6.11891858960245,106.9204040845861,sekolah
-6.110934046671745,106.9183385793135,sekolah
-6.129319776740812,106.95471765975428,sekolah
-6.1241451902079165,106.92403223911,sekolah
-6.098782450729674,106.95994776215605,sekolah
-6.308162404956679,106.8323298109699,sekolah
-6.1011171,106.93463535,sekolah
-6.1043894250187885,106.92729908113657,sekolah
-6.100664836903844,106.93770978008195,sekolah
-6.104132749999996,106.92961979999998,sekolah
-6.099768309106467,106.93704338386482,sekolah
-6.121488769108559,106.95878650802601,sekolah
-6.100456107916801,106.93338880746683,sekolah
-6.103459300000001,106.92549689999998,sekolah
-6.102430038528928,106.93836326335384,sekolah
-6.103606057463106,106.93853342290474,sekolah
-6.114277853191033,106.93974202479775,sekolah
-6.108697276051265,106.9354846452301,sekolah
-6.109864225027176,106.93799949116375,sekolah
-6.1099817560803755,106.93755325165013,sekolah
-6.1559987977878645,106.86780433032172,sekolah
-6.153153747690221,106.88036723370064,sekolah
-6.155659591320264,106.86761267814809,sekolah
-6.155783800068541,106.86701157933888,sekolah
-6.1617169999999994,106.73812740000001,sekolah
-6.122051590703282,106.95883816195555,sekolah
-6.124313723342096,106.95982299848616,sekolah
-6.1243936,106.95748590000001,sekolah
-6.1222725659839305,106.95966022357524,sekolah
-6.121523250548037,106.95971181303568,sekolah
-6.1281273539093934,106.85303228682768,sekolah
-6.125719025759169,106.82277443942874,sekolah
-6.1290823987474905,106.81835114622734,sekolah
-6.133172739982897,106.77525872733715,sekolah
-6.345019694601219,106.67725211813514,sekolah
-6.345355744633793,106.67246998425789,sekolah
-6.896759979586864,107.64470657388954,sekolah
-6.924275871713777,107.60798444129334,sekolah
-6.924619450455021,107.60752442411896,sekolah
-6.910237349999999,107.65848369999999,sekolah
-6.910540714041675,107.65839513575496,sekolah
-6.91053573910793,107.65795332134036,sekolah
-6.882657330044953,107.57720727887707,sekolah
-6.905491114158796,107.60660197847065,sekolah
-6.881904879044514,107.54583889824639,sekolah
-6.874273359598659,107.47642106817621,sekolah
-6.935814870600156,107.12324639129963,sekolah
-6.918366099928677,107.4946966842989,sekolah
-6.917581049702288,107.49496838332443,sekolah
-6.878161300000001,107.58854360000001,sekolah
-6.863631799999999,107.50880690000001,sekolah
-6.339471377091619,106.67241756812058,sekolah
-6.337914628149084,106.66976500845738,sekolah
-6.891357576757468,107.5195530649762,sekolah
-6.888630599387275,107.53105431876796,sekolah
-6.8902934485036145,107.53424808015454,sekolah
-6.889877844120098,107.53387629224306,sekolah
-6.902722745970591,107.52279752201702,sekolah
-6.903477503097549,107.52091493351473,sekolah
-6.903660775661428,107.52144165516832,sekolah
-6.902991952425866,107.52155627720195,sekolah
-6.902415003330541,107.52163409582363,sekolah
-6.882383294493425,107.53405853228956,sekolah
-6.881831847373582,107.5334764067263,sekolah
-6.861620620581649,107.50155493172038,sekolah
-6.906276282664864,107.46311157179434,sekolah
-6.872148531926377,107.6113023472109,sekolah
-6.8738375,107.08205405,sekolah
-6.875218966985561,107.08773138354317,sekolah
-6.874814868438493,107.56077971733858,sekolah
-6.867754331130626,107.55968874010696,sekolah
-6.86801409353594,107.56172014119356,sekolah
-6.867607742051888,107.5618764460614,sekolah
-6.813806349999998,107.1352618,sekolah
-6.813912577172838,107.13537525272235,sekolah
-6.814256272668604,107.13531659296366,sekolah
-6.814242350000001,107.13511444999999,sekolah
-6.81538605,107.13371385,sekolah
-6.815507388691445,107.12952002546754,sekolah
-6.8156999,107.12946105,sekolah
-6.815811449999998,107.12980319999998,sekolah
-6.815869241230696,107.12989316576011,sekolah
-6.815578781941041,107.130074065572,sekolah
-6.826729349999999,107.12694794999999,sekolah
-6.828721945966192,107.1268764855127,sekolah
-6.828495,107.12707395,sekolah
-6.8283116424774475,107.12670638660303,sekolah
-6.828119348183507,107.12631326503927,sekolah
-6.828376495489783,107.1263795991145,sekolah
-6.8281241999999995,107.1260695,sekolah
-6.825148651639346,107.1271957624785,sekolah
-6.825326452093635,107.12678584735836,sekolah
-6.825356969855756,107.12695229727386,sekolah
-6.825556841907199,107.12694861381189,sekolah
-6.825101500791319,107.12701475370154,sekolah
-6.82563610186773,107.12660662057858,sekolah
-6.824970403121643,107.126618115237,sekolah
-6.824161137738696,107.12606336910875,sekolah
-6.82058405065205,107.12842342041411,sekolah
-6.820651252797793,107.13054106213897,sekolah
-6.818929250000002,107.13298165,sekolah
-6.818844516877594,107.13301773435225,sekolah
-6.818427860582613,107.13314817625532,sekolah
-6.818662616732106,107.13295804991499,sekolah
-6.819266116765117,107.13307482220146,sekolah
-6.819123429422477,107.13306384704349,sekolah
-6.818951647145796,107.13367643114064,sekolah
-6.8190231,107.13364395,sekolah
-6.818445362716726,107.13343511719265,sekolah
-6.818621343675428,107.13354270832883,sekolah
-6.818714093487651,107.13373158198272,sekolah
-6.818572700000001,107.13329485000001,sekolah
-6.818666650000002,107.1331277,sekolah
-6.812569130741211,107.13328399211635,sekolah
-6.825340658483788,107.13676015574188,sekolah
-6.826065750000004,107.13145495,sekolah
-6.828303019978971,107.13614057047239,sekolah
-6.828579037842898,107.13604530636039,sekolah
-6.82561975259006,107.13752523730645,sekolah
-6.825780749999998,107.13757704999999,sekolah
-6.825842999129971,107.13726721577461,sekolah
-6.8257576,107.13731565,sekolah
-6.825536993133589,107.13728878647393,sekolah
-6.825510689125044,107.13718733863611,sekolah
-6.82576725,107.13708125000001,sekolah
-6.8274791490417694,107.13506590807084,sekolah
-6.827641399450201,107.13564573269734,sekolah
-6.827779549999999,107.13582405,sekolah
-6.83146446644384,107.13402291927899,sekolah
-6.831554999896978,107.13425291656358,sekolah
-6.831554999896978,107.13425291656358,sekolah
-6.8315308688786,107.13385365139493,sekolah
-6.8267562634569785,107.13701327397352,sekolah
-6.826811289562518,107.13742065284848,sekolah
-6.827042699999999,107.13728189999999,sekolah
-6.825619792257116,107.13462189913518,sekolah
-6.825902001209549,107.13473931342317,sekolah
-6.798639975179019,107.18734193039293,sekolah
-6.798578699999999,107.18745445,sekolah
-6.798896766847756,107.18745738369915,sekolah
-6.798808950000001,107.18764235,sekolah
-6.798526449999998,107.18757495000001,sekolah
-6.798542331935293,107.1877080493021,sekolah
-6.798799149999999,107.18778164999998,sekolah
-6.798630550000001,107.18833314999999,sekolah
-6.798444850000001,107.18827110000001,sekolah
-6.798248430729366,107.18822726642436,sekolah
-6.7985013632659825,107.18802767850394,sekolah
-6.8314529115258225,107.18046827560462,sekolah
-6.831609424107054,107.18030072770834,sekolah
-6.831448431079902,107.18019082278865,sekolah
-6.813265262344912,107.13262912276232,sekolah
-6.80370425329205,107.11380191200998,sekolah
-6.803773282284428,107.11392509527722,sekolah
-6.803839262158064,107.11392392507088,sekolah
-6.803897821682453,107.113869720507,sekolah
-6.8040173500000005,107.11390575000001,sekolah
-6.796613131053689,107.15963305274389,sekolah
-6.796313020112628,107.1586896924118,sekolah
-6.7964913687810276,107.15967896769848,sekolah
-6.796596050000002,107.15947795000001,sekolah
-6.7964302780206225,107.15924145541082,sekolah
-6.796803118842718,107.15955219713372,sekolah
-6.796497243540994,107.15953947800433,sekolah
-6.79685265,107.15909275,sekolah
-6.796564612727726,107.15889131364905,sekolah
-6.796765000000001,107.15941995,sekolah
-6.796675802294237,107.15933741764155,sekolah
-6.796551700899114,107.15874733020351,sekolah
-6.796346111807973,107.15887543288584,sekolah
-6.796567249999999,107.1586253,sekolah
-6.953984121769695,107.51009784437062,sekolah
-6.95405751852722,107.50997164905002,sekolah
-6.828454249999999,107.13625124999999,sekolah
-6.8316677000000015,107.13408419999999,sekolah
-6.815448661768334,107.13350132461944,sekolah
-6.815572412643546,107.1337320953414,sekolah
-6.812984878148042,107.13270835540956,sekolah
-6.816149069859342,107.12983779430157,sekolah
-6.8160056,107.12959415000002,sekolah
-6.815909330563133,107.1293852560084,sekolah
-6.8598422999999995,107.50032559999998,sekolah
-6.865940068617647,107.51260484109682,sekolah
-6.917581163666542,107.65521239894434,sekolah
-6.919479942943455,107.65800021965606,sekolah
-6.91960345,107.65813415000001,sekolah
-6.919715900000001,107.65799540000002,sekolah
-6.91938893722067,107.65603978324081,sekolah
-6.919326830221215,107.65563373627428,sekolah
-6.919455499997069,107.65579518388266,sekolah
-6.718805719945948,107.03482863391832,sekolah
-6.925235565270678,107.6069062191976,sekolah
-6.925530978098788,107.60681033819309,sekolah
-6.925231310995018,107.60658455202694,sekolah
-6.907661307879202,107.65116607629678,sekolah
-6.13036285813846,106.88654715811668,sekolah
-6.165624406851254,106.83665566582499,sekolah
-6.159183509636447,106.83258038721515,sekolah
-6.91336445,107.510361,sekolah
-6.913226638798562,107.51048183838009,sekolah
-6.9133070000000005,107.51059845,sekolah
-6.911553650000001,107.50765675,sekolah
-6.911410749999999,107.50769535,sekolah
-6.911219150000001,107.50775069999997,sekolah
-6.91126755,107.50805329999999,sekolah
-6.911481999999999,107.50799294999999,sekolah
-6.911612019495634,107.507868277507,sekolah
-6.90939460376674,107.50322393702055,sekolah
-6.298994776232166,106.76317788015567,sekolah
-6.303677148948564,106.76528983094823,sekolah
-6.301076299999999,106.76364120000001,sekolah
-6.304767316546348,106.75545481213403,sekolah
-6.3053048805659735,106.755004311566,sekolah
-6.30529487408247,106.7552410731231,sekolah
-6.305550273227759,106.75549927543923,sekolah
-6.305636444249912,106.75523532166397,sekolah
-6.3001415,106.7575282,sekolah
-6.3002756,106.75742699999999,sekolah
-6.305162199539919,106.75379376824169,sekolah
-6.304982038966755,106.75376217062681,sekolah
-6.305071672414296,106.75363902409812,sekolah
-6.298050900000001,106.76309835,sekolah
-6.298878777549184,106.7536907597414,sekolah
-6.298914706769117,106.7536009307965,sekolah
-6.298941269071422,106.7535344542242,sekolah
-6.298811200000001,106.75357249999999,sekolah
-6.298868350000001,106.75338475000001,sekolah
-6.298670332838033,106.75331379957161,sekolah
-6.298284282835219,106.75338876865442,sekolah
-6.29704697042378,106.74804122298433,sekolah
-6.2970424556576825,106.74831535222336,sekolah
-6.299496349999999,106.74909575,sekolah
-6.910092900000004,107.5055084,sekolah
-6.909950401623736,107.50569191431467,sekolah
-6.920024043688107,107.49452364728637,sekolah
-6.29778232582738,106.76079656471452,sekolah
-6.291538899999998,106.75494900000001,sekolah
-6.295724500000002,106.74752635000002,sekolah
-6.296880534921919,106.75315673327597,sekolah
-6.296730291828987,106.75319493167575,sekolah
-6.296561250000001,106.75329205000001,sekolah
-6.2969109678882536,106.75343004802095,sekolah
-6.296624126631942,106.75350053490374,sekolah
-6.296681092480623,106.75334264386755,sekolah
-6.3056830254517395,106.75659795118897,sekolah
-6.305535767652054,106.7567751659468,sekolah
-6.315393833776742,106.77011645549855,sekolah
-6.309176000000001,106.75515110000002,sekolah
-6.311559179751455,106.75471796637487,sekolah
-6.728710258377552,108.5596048445501,sekolah
-6.724429228065714,108.54953642685044,sekolah
-6.9412981982512605,107.47054605864223,sekolah
-6.941164620953699,107.47025589202066,sekolah
-6.940984869832401,107.47050869294978,sekolah
-6.941100235055405,107.47072188179652,sekolah
-6.932065649999999,107.63815199999999,sekolah
-6.741634819630921,108.55571103038515,sekolah
-6.953492299999999,107.48207205000001,sekolah
-6.952196232391605,107.48164997132288,sekolah
-6.738070152546573,108.56435447367981,sekolah
-6.994980350407482,107.4715935331018,sekolah
-6.994915399999999,107.47156454999998,sekolah
-6.999976155647056,107.47444956788657,sekolah
-6.999914656539637,107.47437326841612,sekolah
-6.999783132314931,107.47427386015696,sekolah
-6.7297648841747355,107.06386990570556,sekolah
-6.730090400000001,107.06398384999999,sekolah
-6.730250830022206,107.06384981940714,sekolah
-6.729819416332953,107.063471501849,sekolah
-6.730037457960519,107.06364218561026,sekolah
-6.9471529235264295,107.47822121022469,sekolah
-6.954201416140459,107.51002378305363,sekolah
-6.96458435,107.47271250000001,sekolah
-6.951471508518179,107.47984370137625,sekolah
-6.951977299999999,107.48162775,sekolah
-6.945880331979192,107.65823723561613,sekolah
-6.945879,107.65805285,sekolah
-6.945786980895985,107.65812035919518,sekolah
-6.945656482299898,107.65798607249451,sekolah
-6.945656499999999,107.65827505,sekolah
-6.945559105575411,107.65811732410923,sekolah
-6.951057538960026,107.66713737879162,sekolah
-6.945405123885572,107.64649359686777,sekolah
-6.951180784988409,107.66700688069288,sekolah
-6.951206173121644,107.6671365167909,sekolah
-6.9551203545882485,107.66377907223462,sekolah
-6.95498955,107.66355064999999,sekolah
-6.95510765,107.66361540000001,sekolah
-6.955038349999999,107.663853,sekolah
-6.7110373331822695,108.54439912509021,sekolah
-6.946904753803541,107.67631043447868,sekolah
-6.946916,107.67643500000003,sekolah
-6.964703179321537,107.6568984258252,sekolah
-6.966512220467093,107.65248327107527,sekolah
-6.3204583471239335,106.75835837734918,sekolah
-6.319817987856894,106.7545323179234,sekolah
-6.926178019877963,107.65690381583175,sekolah
-6.926314064224156,107.6571503726589,sekolah
-6.933916007229664,107.67949727501063,sekolah
-6.7016775000000015,108.5243703,sekolah
-6.7015301,108.52439949999999,sekolah
-6.7013665499999995,108.5244252,sekolah
-6.701095449999998,108.52449355,sekolah
-6.701051820374055,108.52467684080547,sekolah
-6.701093261422987,108.52479917211619,sekolah
-6.701106528900305,108.5248712537005,sekolah
-6.701116,108.52496915,sekolah
-6.7011932,108.52535324999998,sekolah
-6.701149146461622,108.52514432855938,sekolah
-6.701258021316728,108.52512418588681,sekolah
-6.701345487406084,108.52536372832034,sekolah
-6.70151580981485,108.5253196238252,sekolah
-6.70162965,108.5252036,sekolah
-6.70142587149686,108.52506479408515,sekolah
-6.70163775,108.52500524999999,sekolah
-6.7018375,108.52492459999999,sekolah
-6.701798999999999,108.52473009999999,sekolah
-6.701747531884103,108.52454288737435,sekolah
-6.7018426,108.52436909999999,sekolah
-6.957467623814738,107.64515208907963,sekolah
-6.958946650000001,107.65222189999999,sekolah
-6.8902026651840345,107.62505838215318,sekolah
-6.910665603126851,107.64986382697168,sekolah
-6.896944818114907,107.63272095443082,sekolah
-6.89700205,107.6326407,sekolah
-6.895730034752691,107.63177963223552,sekolah
-6.895462650000004,107.63205559999999,sekolah
-6.895621165412718,107.63194456649816,sekolah
-6.895437634945245,107.63179608068931,sekolah
-6.895595235530018,107.6316720021404,sekolah
-6.324511251982166,106.75671728863163,sekolah
-6.324504649999999,106.75635795000001,sekolah
-6.314312941116867,106.75549358963177,sekolah
-6.326002232740191,106.75587196808155,sekolah
-6.3249663633498905,106.76123276441409,sekolah
-6.308062149999999,106.7576958,sekolah
-6.3077014119216654,106.75732797866048,sekolah
-6.728266703011351,108.56900475416768,sekolah
-6.707726224639943,108.56542827663931,sekolah
-6.749252452623088,108.56109201009176,sekolah
-6.7501431499999995,108.560821,sekolah
-6.73070608540534,108.5529375709545,sekolah
-6.7304476838473395,108.55252313907894,sekolah
-6.716288347842663,108.53830017992247,sekolah
-6.742571775558338,108.56494209737207,sekolah
-6.229066166402847,106.9571542833396,sekolah
-6.717559217063973,108.5440350187198,sekolah
-6.7043644,108.51849235000002,sekolah
-6.2573579122366185,106.9615326463175,sekolah
-6.673054698904067,108.54053716569607,sekolah
-6.67327205,108.54050075,sekolah
-6.673243750000002,108.54061644999997,sekolah
-6.673464286209632,108.54064117514588,sekolah
-6.673630250000002,108.54061965,sekolah
-6.67257355,108.54026375000001,sekolah
-6.6643950499999995,108.5393836,sekolah
-6.664651704392794,108.53943706857206,sekolah
-6.658588,108.539169,sekolah
-6.717241657609852,108.56495930850689,sekolah
-6.715732357506395,108.56506853995637,sekolah
-6.315382199999996,106.7597355,sekolah
-6.313512374159148,106.76129285356684,sekolah
-6.289618531742678,106.75963852507691,sekolah
-6.291676057184609,106.75226901551956,sekolah
-6.284224703921606,106.753018134612,sekolah
-6.298181464794256,106.76279870229632,sekolah
-6.283437516862435,106.75956229258767,sekolah
-6.280890229177499,106.75541226339995,sekolah
-6.315847686847368,106.76019126021735,sekolah
-6.314633813919445,106.76996329478378,sekolah
-6.314797200000008,106.77165654999997,sekolah
-6.312385856757405,106.75721721332897,sekolah
-6.311479716956231,106.75780394548491,sekolah
-6.3130775821746905,106.7550010098359,sekolah
-6.232310893162721,106.5440494764994,sekolah
-6.225019499999999,106.5465481,sekolah
-6.225336170720865,106.54565274525987,sekolah
-6.31435003010014,106.57834069728925,sekolah
-6.31413905,106.5782861,sekolah
-6.317301996473308,106.58246903404638,sekolah
-6.265323875148531,106.52843931534984,sekolah
-6.266743256587846,106.54077261019113,sekolah
-6.268231596287965,106.53056214412466,sekolah
-6.258525714828013,106.52865919243155,sekolah
-6.253536088779545,106.53805282593983,sekolah
-6.2497981692338875,106.53789720345658,sekolah
-6.250217777566794,106.53209418601539,sekolah
-6.248190695180914,106.53020380920796,sekolah
-6.2488636462345895,106.53162992758223,sekolah
-6.28136894917102,106.53222361409088,sekolah
-6.117790399999999,106.57757194999996,sekolah
-6.116811851184722,106.57476181304773,sekolah
-6.097883332547048,106.55733993056545,sekolah
-6.1122946725305,106.5444823894379,sekolah
-6.09431894543689,106.5560349514601,sekolah
-6.093894876461399,106.55574803714815,sekolah
-6.094297655669587,106.55579948492297,sekolah
-6.094215332348465,106.55564931199065,sekolah
-6.056707606683524,106.55348911258623,sekolah
-6.0567482379786775,106.55178373344948,sekolah
-6.0582517906116085,106.55167764540835,sekolah
-6.064943263116243,106.55541502371759,sekolah
-6.07416315,106.54652089999998,sekolah
-6.074806178525674,106.54941304661283,sekolah
-6.250424637341074,106.47231833339099,sekolah
-6.15948995,106.46182285000003,sekolah
-6.1465802,106.4513173,sekolah
-6.15574036106463,106.4579949475641,sekolah
-6.180956300000001,106.4018009,sekolah
-6.178014375885446,106.39228111020874,sekolah
-6.174851405251678,106.39174607074986,sekolah
-6.164409995729089,106.4039641295243,sekolah
-6.1646127,106.40401590000002,sekolah
-6.1646757,106.403766,sekolah
-6.146729810205179,106.4298959750895,sekolah
-6.159034290765629,106.39449551154532,sekolah
-6.15314825,106.41381120000003,sekolah
-6.26840235,106.48960425,sekolah
-6.262513904825681,106.48540517184452,sekolah
-6.199520262385369,106.54413087199005,sekolah
-6.149060300000001,106.56370849999999,sekolah
-6.1484226196004474,106.56376282456948,sekolah
-6.148257100000001,106.563667,sekolah
-6.19982037540909,106.40781560110524,sekolah
-6.191447672445709,106.40910430479056,sekolah
-6.206501058744375,106.41981045542823,sekolah
-6.2055396,106.4171861,sekolah
-6.193430306738197,106.44193127202368,sekolah
-6.19013755,106.4369166,sekolah
-6.1936025999999975,106.4394796,sekolah
-6.201044957985269,106.44029787325891,sekolah
-6.236023764610188,106.62338496371683,sekolah
-6.237782750000002,106.62183500000003,sekolah
-6.240653350000001,106.62044999999999,sekolah
-6.2405966500000005,106.620254,sekolah
-6.233330199999999,106.6135202,sekolah
-6.236873283514182,106.61294213827739,sekolah
-6.228824161618435,106.61614417472232,sekolah
-6.228540000000001,106.61601085,sekolah
-6.228777599999998,106.6168117,sekolah
-6.230403574345124,106.61583064577533,sekolah
-6.230685638801075,106.61580858190405,sekolah
-6.246217241277938,106.79490971013635,sekolah
-6.836356168390143,108.22894294388952,sekolah
-6.268878165849107,106.99907718439238,sekolah
-6.27406640401522,106.99891537005882,sekolah
-6.2636348909352515,107.00552647314461,sekolah
-6.075953347973312,106.66643549375208,sekolah
-6.906001029630539,107.5925639849816,sekolah
-6.9393665704300505,107.6272159686686,sekolah
-6.940063564969654,107.62823373613715,sekolah
-6.2772921850430805,107.01018201056783,sekolah
-6.265567594511039,107.01215555178793,sekolah
-6.267562732954073,106.99765359106706,sekolah
-6.522764691043531,108.00411945033568,sekolah
-6.786050736004476,108.61419373285685,sekolah
-6.7862264321384265,108.6145525667427,sekolah
-6.789692961647945,108.64887868486556,sekolah
-6.789196357838696,108.64623173527015,sekolah
-6.816928082307617,107.6185027390586,sekolah
-6.832925036391033,108.63508152745302,sekolah
-6.90499705265683,107.61224692623449,sekolah
-6.9037677007016045,107.62762021630846,sekolah
-6.901842694009665,107.624260939462,sekolah
-6.910663233435993,108.67706805066364,sekolah
-6.9102999285917726,108.67800175309281,sekolah
-6.91047395,108.67805310000001,sekolah
-6.910567314396276,108.6785327694374,sekolah
-6.910296344829279,108.67845256982214,sekolah
-6.660480473256952,108.53537737836847,sekolah
-6.660035640210222,108.53525792162893,sekolah
-6.657838997328422,108.53843046938532,sekolah
-6.6582336975658,108.5380389176007,sekolah
-6.82678672038086,108.76918500980628,sekolah
-6.828342620297708,108.77215753755452,sekolah
-6.775943831544168,108.4098652524137,sekolah
-6.776578868164904,108.40413258929033,sekolah
-6.7727320452011215,108.408123964305,sekolah
-6.777458650418081,108.4043466791551,sekolah
-6.777623504452895,108.40568272471971,sekolah
-6.777351974869043,108.4056965171462,sekolah
-6.777984,108.40055774999999,sekolah
-6.7771234898588215,108.40385175640625,sekolah
-6.829177176640848,108.62884790177529,sekolah
-6.830523060101817,108.62858517158307,sekolah
-6.832130522282009,108.62961893686064,sekolah
-6.83132125845918,108.6284346259089,sekolah
-6.83165592449015,108.62826741803634,sekolah
-6.8314461236060735,108.62821213475638,sekolah
-6.830907192986337,108.63231108849656,sekolah
-6.822412929012237,108.72765360535453,sekolah
-6.823170420053909,108.72587436468373,sekolah
-6.822658499999999,108.72372515000002,sekolah
-6.82229702103451,108.72484418011044,sekolah
-6.822663899999999,108.72477654999999,sekolah
-6.660767334980664,108.54025954954733,sekolah
-6.8257697221191345,108.74314223156361,sekolah
-6.830575802558524,108.62568237878082,sekolah
-6.8273394,108.62051224999999,sekolah
-6.827268047546476,108.62014747003445,sekolah
-6.827843030267037,108.6211596436511,sekolah
-6.823631746632146,108.617945685184,sekolah
-6.92489613318794,108.6809275074705,sekolah
-6.9196989725853415,108.68388884172587,sekolah
-6.917564800000002,108.68543940000002,sekolah
-6.919757979821303,108.68554164739876,sekolah
-6.918442299218834,108.68638813597995,sekolah
-6.918127112817088,108.68561754236005,sekolah
-6.918002859639313,108.68488977634966,sekolah
-6.917338755236578,108.68465437284824,sekolah
-6.918073728543022,108.68091630596014,sekolah
-6.916053591865491,108.68002489353745,sekolah
-6.91617976678638,108.68003843718469,sekolah
-6.919507797563953,108.67861714544097,sekolah
-6.923086924031965,108.67893708452725,sekolah
-6.924068225784925,108.67849947137907,sekolah
-6.920982447448584,108.68190009278752,sekolah
-6.921477501753989,108.68098971813727,sekolah
-6.846747405375263,108.75385473801641,sekolah
-6.849365790983538,108.7546066805632,sekolah
-6.849548037047962,108.7558553238077,sekolah
-6.849374505026347,108.75541210265519,sekolah
-6.849837419572138,108.75460664357757,sekolah
-6.836932982597501,108.61919083417014,sekolah
-6.836942050000001,108.6194036,sekolah
-6.836965749999999,108.61927765000003,sekolah
-6.83706305,108.6193214,sekolah
-6.837068993064709,108.6196713256162,sekolah
-6.836845262768983,108.61965480610583,sekolah
-6.836983225632213,108.61955055284122,sekolah
-6.8366273500000005,108.61973915,sekolah
-6.83662317841446,108.61953429719166,sekolah
-6.836707750243354,108.61935307156298,sekolah
-6.846464148023383,108.75047643054384,sekolah
-6.84605417771904,108.75052361739912,sekolah
-6.845986335424703,108.75090125051226,sekolah
-6.840845032454234,108.7519721869324,sekolah
-6.840898419171313,108.75172844824417,sekolah
-6.835020899999996,108.63003795000002,sekolah
-6.835140247262756,108.63028097264305,sekolah
-6.8141490000000005,108.63019615000002,sekolah
-6.81442373963893,108.63033139270787,sekolah
-6.814038866435086,108.63733215045623,sekolah
-6.816998437779917,108.63145348077045,sekolah
-6.8171757303357685,108.63168532131787,sekolah
-6.810696019711647,108.63624374539638,sekolah
-6.92366419630717,108.75270687797409,sekolah
-6.923791531429864,108.75275044036947,sekolah
-6.908351449999999,108.7532017,sekolah
-6.908463405432852,108.75296747957196,sekolah
-6.815695853627804,108.58748292344677,sekolah
-6.816620606900538,108.5870858697735,sekolah
-6.8030464471906384,108.6380357066332,sekolah
-6.802707873868512,108.63722211225226,sekolah
-6.802218150210608,108.6359553826314,sekolah
-6.803756619193214,108.63489105880008,sekolah
-6.81366975,108.57027204999997,sekolah
-6.812341118794404,108.57432753008622,sekolah
-6.812707350000002,108.57443015000001,sekolah
-6.813431249999999,108.56999285,sekolah
-6.811142629074418,108.56618040361825,sekolah
-6.81125879858323,108.56580178117882,sekolah
-6.810277207782458,108.56270488801732,sekolah
-6.81459877288971,108.61582038876152,sekolah
-6.814323950618398,108.61549508262009,sekolah
-6.81397405,108.61546965,sekolah
-6.8140503,108.61522850000001,sekolah
-6.809708949999999,108.61423415,sekolah
-6.810166407296998,108.61420277469335,sekolah
-6.809881272784218,108.61396879671344,sekolah
-6.810435339725269,108.61420008541349,sekolah
-6.8106613,108.6146459,sekolah
-6.810849017714929,108.61477283985072,sekolah
-6.807841436711877,108.60879182941243,sekolah
-6.807680617834711,108.60937019882344,sekolah
-6.80612885,108.6086995,sekolah
-6.806339068326103,108.60860201778797,sekolah
-6.806556548548879,108.60870788215855,sekolah
-6.80651868897213,108.609487944676,sekolah
-6.8061821,108.60921159999998,sekolah
-6.806201628312133,108.60948639697982,sekolah
-6.80790455,108.61145535000001,sekolah
-6.807334645945375,108.61132012690126,sekolah
-6.807651067265601,108.61274231925755,sekolah
-6.806242585879882,108.6118695453445,sekolah
-6.80608694511899,108.6122442829337,sekolah
-6.80587865,108.61228675,sekolah
-6.80659505,108.6121692,sekolah
-6.806316571906567,108.61249734895334,sekolah
-6.8065677773824165,108.61260527681688,sekolah
-6.806299091558298,108.61273515050152,sekolah
-6.789980922790985,108.64918942284179,sekolah
-6.909986691123758,108.69844046890256,sekolah
-6.91017539209335,108.69935495190394,sekolah
-6.909586749355005,108.69826684433355,sekolah
-6.9099556359862655,108.69592690679309,sekolah
-6.876440629878402,108.68626645412616,sekolah
-6.8764000332023665,108.6861881603377,sekolah
-6.876576449999998,108.68620869999998,sekolah
-6.876660669009699,108.6860484786669,sekolah
-6.877548534386661,108.70095798035295,sekolah
-6.873661721930754,108.70596354755831,sekolah
-6.87380545,108.70569145,sekolah
-6.873611298152456,108.7055466272905,sekolah
-6.87342895,108.70573470000001,sekolah
-6.876153094500532,108.68632386381739,sekolah
-6.849003,108.75297259999999,sekolah
-6.848655212086988,108.75288101260136,sekolah
-6.848519900000001,108.75247575,sekolah
-6.848444804211592,108.75225141971218,sekolah
-6.8486444836306495,108.75216174976173,sekolah
-6.849020409007302,108.75276253387759,sekolah
-6.848985900000001,108.75258685,sekolah
-6.8493796468370505,108.75262613333334,sekolah
-6.84934235,108.75246924999998,sekolah
-6.848499585768183,108.75095774855069,sekolah
-6.848176549999999,108.7510178,sekolah
-6.187146794071139,107.1074206382267,sekolah
-6.329551802350137,106.72257888177272,sekolah
-6.830727400000001,108.62093879999999,sekolah
-6.8301638565279035,108.6214581182587,sekolah
-6.830006151236479,108.62117308055865,sekolah
-6.830111445149205,108.62095022524332,sekolah
-6.830416249999999,108.62101100000002,sekolah
-6.830556122648885,108.62087845885044,sekolah
-6.830291672798992,108.62080184032054,sekolah
-6.829613861295129,108.62136342888631,sekolah
-6.82954991291273,108.62115662007491,sekolah
-6.82961055,108.62110985,sekolah
-6.829776822931257,108.62085040029176,sekolah
-6.8290295485005945,108.62088713165187,sekolah
-6.828648518661499,108.62078633706854,sekolah
-6.829328067871174,108.62121397531641,sekolah
-6.82938682975127,108.62097393917746,sekolah
-6.828848855437303,108.62094357908788,sekolah
-6.2835664651004,107.16906311398934,sekolah
-6.302466628875083,107.16374922703233,sekolah
-6.279670260053347,107.17557340998805,sekolah
-6.279670260053347,107.17557340998805,sekolah
-7.747086273579064,108.49542159191707,sekolah
-7.7469607499999995,108.4953392,sekolah
-7.747135599999998,108.49521485000002,sekolah
-7.747352801270935,108.49524136944054,sekolah
-7.741500427632237,108.00739191597208,sekolah
-7.7411998,108.0059528,sekolah
-7.741448514759047,108.00588321271334,sekolah
-7.729191669209632,108.00085242921517,sekolah
-7.729130401015773,108.00107207161406,sekolah
-7.7301996,107.988159,sekolah
-7.730332800000003,107.98788504999999,sekolah
-6.2381556314762365,106.63630444889411,sekolah
-6.239531887898158,106.63298913296883,sekolah
-6.073153179631314,106.6456729613919,sekolah
-6.305291183859499,106.694624355935,sekolah
-6.287770539905888,106.6740201920739,sekolah
-6.893300515981663,107.63729782667501,sekolah
-7.19657938337938,107.90680899902571,sekolah
-6.902425554063498,107.64271946570872,sekolah
-6.905743572715355,107.64337980452522,sekolah
-6.905577248567915,107.64413369955678,sekolah
-6.903480171515692,107.64785151249245,sekolah
-7.35303173874742,108.12223347985595,sekolah
-7.373644733724674,108.07431390284202,sekolah
-7.372990354353818,108.07611884369865,sekolah
-6.178563265044265,107.01047148999422,sekolah
-6.1775071373451125,107.01197925058423,sekolah
-6.325882717959485,107.06480174157146,sekolah
-6.237758132868228,106.52767773050084,sekolah
-6.252389002184176,106.52394266780293,sekolah
-6.703711129956415,108.4782290263987,sekolah
-6.9292344221930335,107.77957152220836,sekolah
-6.353096755362718,106.65175622243333,sekolah
-6.318739077751825,106.69931047005525,sekolah
-6.3186653999999995,106.6995263,sekolah
-6.6299384649562985,106.7621629202613,sekolah
-6.398412552438665,106.82294760456813,sekolah
-6.438421238772097,107.05011393287919,sekolah
-6.907480611872107,107.6972542457353,sekolah
-6.59272762347766,106.79382835498325,sekolah
-6.592085123477661,106.79320485498326,sekolah
-6.592290023477661,106.79380325498325,sekolah
-6.592638527572584,106.79442773476998,sekolah
-6.593266323477661,106.79624535498326,sekolah
-6.592019223477659,106.79692205498324,sekolah
-6.295200082830165,107.29713740165198,sekolah
-6.2956538037206045,107.29759013775751,sekolah
-6.294420191408025,107.29789096603803,sekolah
-6.394811386340589,107.46541363495436,sekolah
-6.39993087273334,107.46862990931506,sekolah
-6.402183468790725,107.46629193272409,sekolah
-6.419844123726098,107.4697896115888,sekolah
-6.421274157198791,107.47295402853076,sekolah
-6.41609784293129,107.47701596641123,sekolah
-6.416584449218468,107.47731359557703,sekolah
-6.417684110858013,107.47984550932671,sekolah
-6.420097114155942,107.48291844213065,sekolah
-6.410009550601398,107.47642942582131,sekolah
-6.410060928507931,107.47675953215958,sekolah
-6.27500398702661,107.00211796849959,sekolah
-6.506064783479993,106.86448514984625,sekolah
-6.5087545044857915,106.86705810816902,sekolah
-6.598311700000001,106.80816975,sekolah
-6.505419986072661,106.88793005740305,sekolah
-6.503492564770883,106.88724507338,sekolah
-7.224989519790207,107.9050454988365,sekolah
-6.167861792231872,106.89410483708834,sekolah
-6.165732751053065,106.89116611182253,sekolah
-7.779077599999999,108.21926284999998,sekolah
-7.779087794907538,108.21902622797836,sekolah
-7.778904951937265,108.21907112473463,sekolah
-7.7787044532426,108.21966302445188,sekolah
-7.778672571225905,108.21934764370376,sekolah
-7.7569048657553274,108.2258304207366,sekolah
-7.756480325363917,108.22235345873435,sekolah
-7.757365750000001,108.22354425000002,sekolah
-7.757619775671054,108.22358281165971,sekolah
-7.7553887999999995,108.220743,sekolah
-7.7578052,108.22177709999998,sekolah
-7.75616635,108.21619840000001,sekolah
-6.876869079544341,107.54413405368008,sekolah
-7.349773381396238,108.12748424748433,sekolah
-7.344502216666015,108.12893547455279,sekolah
-7.75114754285889,108.19120037546104,sekolah
-7.534237077301048,108.1869981339522,sekolah
-7.525405019990788,108.17735926970654,sekolah
-7.376327372845278,107.96964549028634,sekolah
-7.750931433504606,108.15679677697823,sekolah
-7.751169539791152,108.15661362528073,sekolah
-7.7448621499999994,108.18354765000001,sekolah
-7.752289089735534,108.19714162615352,sekolah
-7.508135899999999,108.10360924999999,sekolah
-7.5128575129513635,108.0950804183946,sekolah
-7.512707449999999,108.09528005,sekolah
-7.505516602133861,108.09339739673611,sekolah
-7.594211149999998,108.27372184999999,sekolah
-7.594339039236974,108.2740883137412,sekolah
-7.59451815,108.27422909999999,sekolah
-7.754306950000001,108.22871540000001,sekolah
-7.601276237185532,108.26883703042363,sekolah
-7.601408384601952,108.2688424580992,sekolah
-7.4243055381562195,108.05389582974871,sekolah
-7.4288444267439155,108.05945055516753,sekolah
-7.435216973535297,108.04429924850106,sekolah
-7.6174067,108.3099577,sekolah
-7.61728825,108.30997289999998,sekolah
-7.61730245,108.30987724999999,sekolah
-7.617303400000002,108.30980485,sekolah
-7.617292922802414,108.30974674573643,sekolah
-7.6163180665577075,108.30350771329199,sekolah
-7.6162115103248755,108.30317501943374,sekolah
-7.469371662459089,108.08710813081693,sekolah
-7.470213624592028,108.08526677482725,sekolah
-7.4706691,108.08083055,sekolah
-7.470547749999999,108.08052485,sekolah
-7.470877412171237,108.07644114869855,sekolah
-7.621458406207843,108.33580296999484,sekolah
-7.620720073687947,108.33945535307251,sekolah
-7.620413425220446,108.33934377792343,sekolah
-7.620309023091428,108.33956642644787,sekolah
-7.62265035,108.33826955,sekolah
-7.62279295,108.33856775,sekolah
-7.6228485500000005,108.33838999999999,sekolah
-6.287623109783216,106.63587776158793,sekolah
-7.449654790342335,108.0634311171689,sekolah
-7.595185796360523,108.31139432350851,sekolah
-7.595160849999999,108.31122205000001,sekolah
-7.595019800000001,108.31136575,sekolah
-7.465010703729067,108.08149656452238,sekolah
-7.460992302084229,108.07541108719786,sekolah
-7.5951988,108.31112080000001,sekolah
-7.4559639,108.08747285,sekolah
-7.675899781028749,108.33748371509348,sekolah
-7.67603545,108.33700504999999,sekolah
-7.609454901203693,108.35458623462502,sekolah
-7.609603849999999,108.35443894999999,sekolah
-7.67599097462999,108.33520863112517,sekolah
-7.569731299999999,108.27197305,sekolah
-7.569625599999997,108.27170945,sekolah
-7.5779487,108.27600199999999,sekolah
-7.578016856169298,108.27604257754477,sekolah
-7.578081693095148,108.27592320800719,sekolah
-7.550619830648611,108.19212983874198,sekolah
-7.53905475,108.17825984999999,sekolah
-7.551112918601917,108.17811454855821,sekolah
-7.551080819473325,108.17793222021693,sekolah
-7.50660711995385,108.10889640958933,sekolah
-7.3159543,108.08089005,sekolah
-7.309121562633831,108.07722492967002,sekolah
-7.76682736697394,108.20257379370588,sekolah
-7.790511542623344,108.18249678525767,sekolah
-7.770137467222317,108.17836286417787,sekolah
-7.77671045349285,108.19883398914264,sekolah
-7.7576108999999995,108.22370905,sekolah
-7.757435626077388,108.2236986058583,sekolah
-7.5108938109867776,108.26977212375391,sekolah
-7.512083565619926,108.26990209933554,sekolah
-7.514162581488663,108.27139430480449,sekolah
-7.4925899029654675,108.27204664419007,sekolah
-7.505608610183686,108.26882728486032,sekolah
-7.50501160327843,108.26380222938931,sekolah
-7.786113288904523,108.16297614644428,sekolah
-7.377474603434187,108.00588578480064,sekolah
-7.377556395840674,108.00635423576567,sekolah
-7.373434376423254,108.0037984344281,sekolah
-7.376006150000002,107.99954220000001,sekolah
-7.3759967,107.99945385,sekolah
-7.374236652007641,107.99665114249069,sekolah
-7.376342373929094,107.99098519023997,sekolah
-7.3755360859758445,107.98779542254132,sekolah
-7.462121578147461,108.00876437010321,sekolah
-7.46151436929888,108.00917880418314,sekolah
-7.4499005841811945,108.03797535854856,sekolah
-7.785019815755274,108.28765983105932,sekolah
-7.790523612123835,108.28654398015655,sekolah
-7.4484502,108.08685020000001,sekolah
-7.448593449999999,108.0867051,sekolah
-7.448055027317899,108.09560165714424,sekolah
-7.448139623012074,108.09547610190232,sekolah
-7.467965518175819,108.12863004815678,sekolah
-7.510883207364649,108.09092966823697,sekolah
-7.510989699021447,108.09066011581972,sekolah
-7.510526045960971,108.09067745777263,sekolah
-7.51747141339364,108.11476651427448,sekolah
-7.517304918816714,108.11458793311142,sekolah
-7.467974568481566,108.15270163463823,sekolah
-7.4669039333563205,108.15202939529247,sekolah
-7.490527777223096,108.15867698522337,sekolah
-7.4959100838345085,108.16345083315022,sekolah
-7.547601750000001,108.17796685,sekolah
-7.734501916609607,107.96260655818145,sekolah
-7.734624247770364,107.96346505245876,sekolah
-7.305137638578831,108.04637142895886,sekolah
-7.698880539568223,107.99772547851632,sekolah
-7.698724679282379,107.9979043631669,sekolah
-7.152297900000001,108.19910200000002,sekolah
-7.152077252632591,108.19904256998504,sekolah
-7.141199936410984,108.20041259499972,sekolah
-7.34094353558503,108.01634196221988,sekolah
-7.340374689555636,108.02596508670206,sekolah
-7.339753565056993,108.02594973707927,sekolah
-7.352047251912605,108.0317687880768,sekolah
-7.387964794031561,108.163527208752,sekolah
-7.389429138373176,108.17070090039618,sekolah
-7.3823119376852615,108.15938489207308,sekolah
-7.228065065156678,108.16538009061826,sekolah
-7.759021107474455,108.17685463084459,sekolah
-7.764973900000001,108.17320495,sekolah
-7.76000696820697,108.17704659624044,sekolah
-7.23487579571465,108.18766579277465,sekolah
-7.234613849078251,108.18748241578152,sekolah
-7.239710199999999,108.19037834999999,sekolah
-7.345552225324954,108.12954129417572,sekolah
-7.487407794527037,108.25675942616945,sekolah
-7.493382708633247,108.25326710696355,sekolah
-7.500446149999999,108.25372544999999,sekolah
-7.498146871290267,108.25330050249156,sekolah
-7.4996937842949905,108.25375065194578,sekolah
-7.416283448494406,108.06985418113696,sekolah
-7.349821544749784,108.12917724440437,sekolah
-7.3510956252699895,108.1272968901817,sekolah
-7.349207507991008,108.13024625505335,sekolah
-7.491194200000001,108.0816918,sekolah
-7.385384225630319,108.68555514924245,sekolah
-7.409092790283693,108.71746343304049,sekolah
-7.207286471639593,106.88042377118255,sekolah
-6.990038229502893,107.62610720375855,sekolah
-6.83763047364823,108.63991258567533,sekolah
-6.837764881592592,108.63990422041698,sekolah
-6.835641296864228,108.63971711937926,sekolah
-6.836150139829117,108.63666757579347,sekolah
-6.592806023477659,106.78850765498323,sekolah
-6.59161182347766,106.78871725498324,sekolah
-6.898792351104216,107.64043602753482,sekolah
-6.59205582347766,106.78795495498323,sekolah
-6.597902686911232,106.79144114388588,sekolah
-6.597880686911234,106.79144204388585,sekolah
-6.597372704444826,106.79332348065806,sekolah
-6.596850086911232,106.79273294388585,sekolah
-6.597503686911233,106.79176484388587,sekolah
-6.79982876719324,107.5927297331751,sekolah
-6.799951350000001,107.59268540000001,sekolah
-6.627768015073617,106.82869845672802,sekolah
-7.334731274658689,108.35554097193649,sekolah
-6.234977138380201,106.58228028149612,sekolah
-7.722579125612234,108.47415891123592,sekolah
-6.924353967560127,107.56276479178285,sekolah
-6.9242714125381815,107.56351133102324,sekolah
-6.925924549999999,107.57104110000002,sekolah
-6.922502000000001,107.57176375000003,sekolah
-7.682559427473274,108.64769646908194,sekolah
-6.798378707195347,107.65388984820568,sekolah
-6.79822635,107.65386924999999,sekolah
-6.7984725834945925,107.65404769978286,sekolah
-6.79841979628603,107.65412919830486,sekolah
-6.30381571587544,106.66209126248587,sekolah
-6.303828509925083,106.66171727556126,sekolah
-6.303811129362955,106.66132830000193,sekolah
-6.304616806292711,106.66769598096893,sekolah
-6.921227199999997,107.67532435,sekolah
-6.299632250497527,106.66996139354441,sekolah
-6.932376317850341,107.67576489893484,sekolah
-6.927518345818513,107.57840504810237,sekolah
-6.920977923087392,107.58038249786502,sekolah
-6.922522531421675,107.5855958013696,sekolah
-6.939756929428489,107.61238518005885,sekolah
-6.947176011977618,107.60449958801871,sekolah
-6.9471914135933615,107.60438193216334,sekolah
-6.947286863198047,107.60479737598705,sekolah
-6.947320240672195,107.60447137691834,sekolah
-6.947305762094793,107.60461607121383,sekolah
-6.947424731071753,107.60462627520859,sekolah
-6.947644222820489,107.60453813325667,sekolah
-6.947560806427664,107.6046757721381,sekolah
-6.950920476896346,107.60900075156691,sekolah
-6.945538149999998,107.6082219,sekolah
-6.939110653425361,107.60600955708614,sekolah
-6.940454645442126,107.6031934846599,sekolah
-6.936384013975813,107.60197726340483,sekolah
-7.0581419,107.33867075,sekolah
-6.9434518238136835,107.28985478133146,sekolah
-6.943566828959835,107.28969169287657,sekolah
-6.942033143464468,107.29246487569591,sekolah
-6.941853529254135,107.29251169173267,sekolah
-6.9418740499999965,107.2923524,sekolah
-6.9478922999999995,107.2512072,sekolah
-6.947817099900967,107.2511047834404,sekolah
-6.265202087525395,106.654266322075,sekolah
-6.948830239054842,107.28217994354813,sekolah
-6.92918396098558,107.60718502591611,sekolah
-6.929271941390358,107.60659356651014,sekolah
-6.929410764308125,107.6065663452491,sekolah
-6.929180731714254,107.60590438078351,sekolah
-6.929224600122952,107.60524698788247,sekolah
-6.927362641266653,107.60137858562362,sekolah
-6.932400324269602,107.60063915626148,sekolah
-6.936489087012564,107.62271232038162,sekolah
-6.933536711472816,107.61800166098716,sekolah
-6.943855096665113,107.63235146683652,sekolah
-6.945458420874186,107.63117007542937,sekolah
-6.950236712742745,107.58704892878654,sekolah
-6.9613408867617865,107.5915195471286,sekolah
-6.957675926460612,107.59139547945901,sekolah
-6.9489491787035895,107.58954936087991,sekolah
-6.932317749305935,107.59552382573422,sekolah
-6.933223179643672,107.59425085250751,sekolah
-6.934785560999335,107.59446174782411,sekolah
-6.9397204133627834,107.61885387986842,sekolah
-6.939989521379763,107.63711420434264,sekolah
-6.9333367155755905,107.64309937445114,sekolah
-6.937219934656423,107.64338299002426,sekolah
-6.952369014854603,107.45055284919472,sekolah
-6.949506054316884,107.46626101699178,sekolah
-6.949363322397121,107.46616495284134,sekolah
-6.9492768499999995,107.46622289999999,sekolah
-6.949288181531146,107.466363398766,sekolah
-6.95169324339485,107.45841907831525,sekolah
-6.951689593711572,107.45821648379722,sekolah
-6.929485610825608,107.58531882204441,sekolah
-6.932721591011959,107.59189452283562,sekolah
-6.933005051395051,107.59184762136992,sekolah
-6.9344387077799325,107.59260337806852,sekolah
-6.929961711287205,107.58884160970324,sekolah
-6.937753978037495,107.5906095223868,sekolah
-6.937847229910959,107.5888014612572,sekolah
-6.94685486248578,107.45778694539396,sekolah
-6.947913090113468,107.45751912433299,sekolah
-6.94799282232837,107.4576267226585,sekolah
-6.919019489343162,107.57418904296395,sekolah
-6.916386953637826,107.58053551125195,sekolah
-6.91724847813007,107.57789583037402,sekolah
-6.914088499999999,107.5757815,sekolah
-6.9069354830075556,107.57172534598404,sekolah
-6.956015195175072,107.25283699667966,sekolah
-6.95371514374301,107.29379403627348,sekolah
-6.9435646767221835,107.23288720844313,sekolah
-6.952475227401848,107.2816854827292,sekolah
-6.952402579128378,107.28162095598921,sekolah
-6.9525512125513425,107.28146457704747,sekolah
-6.974924583657253,107.32720020108238,sekolah
-6.97632517219614,107.35022169387094,sekolah
-6.976211250000001,107.3502458,sekolah
-6.967784754540281,107.35214119410833,sekolah
-6.967917844778526,107.35220266091565,sekolah
-6.9612164864879515,107.34820544683325,sekolah
-6.973998002392837,107.3282690432018,sekolah
-6.967979853312313,107.33272281627893,sekolah
-6.8140980018972215,107.60250550272696,sekolah
-6.802984530975146,107.59816543770279,sekolah
-6.80297695,107.59829934999998,sekolah
-6.800956624770664,107.60156310695191,sekolah
-6.809777741532942,107.5981279130796,sekolah
-6.803829,107.5912434,sekolah
-6.81876165115329,107.6255127848055,sekolah
-6.815621087980685,107.62240022570381,sekolah
-6.8195297,107.62315405000001,sekolah
-6.81939555510134,107.62308904865158,sekolah
-6.81974217831332,107.61966925055516,sekolah
-6.819524102923658,107.61965526974738,sekolah
-6.818324362669041,107.67739452600011,sekolah
-6.823275632290767,107.6124705354124,sekolah
-6.8152589,107.61279765,sekolah
-6.81558238827657,107.61242913348234,sekolah
-6.81576607479966,107.61225918443505,sekolah
-6.815687603993012,107.6125162854311,sekolah
-6.8158554,107.61241369999999,sekolah
-6.816085800000001,107.61239025,sekolah
-6.815944,107.612525,sekolah
-6.815752999999997,107.61263140000001,sekolah
-6.815502665914443,107.61272123946362,sekolah
-6.942076775218261,107.57494502353752,sekolah
-6.945643902874706,107.58018953600492,sekolah
-6.916900490120545,107.59283928600503,sekolah
-6.917039987985765,107.5916931053497,sekolah
-6.9131241,107.58374520000001,sekolah
-6.91533054119385,107.5900185650561,sekolah
-6.829128272173531,107.57381080479577,sekolah
-6.836635965939388,107.57151945178266,sekolah
-6.815520034006435,107.5768834324711,sekolah
-6.812894423371942,107.57680525985113,sekolah
-6.8099368997254945,107.57619613237992,sekolah
-6.809274826941068,107.57595900641861,sekolah
-6.751770250182356,107.45362176691658,sekolah
-6.743872446743136,107.44565411403293,sekolah
-6.7526139999999995,107.45480175,sekolah
-6.752665050000001,107.45463905000001,sekolah
-6.745935294270739,107.44602822170381,sekolah
-6.751698750182355,107.45384566691658,sekolah
-6.74583075,107.4473438,sekolah
-6.745734164842582,107.44757200212952,sekolah
-6.746567140690978,107.44857138508011,sekolah
-6.7466534447763005,107.44840591335878,sekolah
-6.986120990071135,107.43944301047877,sekolah
-6.981010568636737,107.43612146335374,sekolah
-6.983248775681911,107.43445700742542,sekolah
-6.955195649999999,107.4587461,sekolah
-6.9383556343980715,107.58385933526239,sekolah
-6.9388617,107.5850672,sekolah
-6.940038246876029,107.59561041980143,sekolah
-6.94184526302493,107.58752694191938,sekolah
-6.923016470214107,107.58900968737663,sekolah
-6.924127550000001,107.59055034999999,sekolah
-6.919419803661029,107.5879002040335,sekolah
-6.920963509513928,107.5878745239821,sekolah
-6.921062010266697,107.58784153408995,sekolah
-6.903261720631627,107.56526792973855,sekolah
-6.906721823572327,107.58672662648307,sekolah
-6.92528995,107.59427355000001,sekolah
-6.925530131370568,107.5944767927257,sekolah
-6.923032058031292,107.59448504345542,sekolah
-6.92526997906563,107.6318578166845,sekolah
-6.916263278138171,107.63516238227893,sekolah
-6.951878473869755,107.64175873617829,sekolah
-6.9140099164822,107.72787665642623,sekolah
-6.914252055293544,107.72775842392457,sekolah
-6.914764531914371,107.72801847687319,sekolah
-6.91478705134723,107.72752077334137,sekolah
-6.915804305991661,107.72780796034525,sekolah
-6.9161135499999995,107.72668720000001,sekolah
-6.9210588075524475,107.72362856395152,sekolah
-6.926031109684301,107.71739504145896,sekolah
-6.924334193570679,107.71187263199916,sekolah
-6.9139890452355806,107.72701136816737,sekolah
-6.921836896779936,107.71481991007089,sekolah
-6.921272311176009,107.7154053653738,sekolah
-6.921552049999999,107.71576865,sekolah
-6.913409668837069,107.71685561751397,sekolah
-6.913512962972239,107.71967524706668,sekolah
-6.8995740727174555,107.7245112295822,sekolah
-6.8618612,107.55641719999997,sekolah
-6.864451000000001,107.56333395,sekolah
-6.8679618,107.55979210000001,sekolah
-6.884959492226989,107.59431501594851,sekolah
-6.924164509093403,107.65409671517321,sekolah
-6.929531600000002,107.65012699999998,sekolah
-6.886028724130127,107.60248544029349,sekolah
-6.911929620029433,107.63364217007087,sekolah
-6.964565279248622,107.68023242432703,sekolah
-6.978790964970803,107.01440199462013,sekolah
-6.97886892053892,107.01539684301373,sekolah
-6.979069375362956,107.01534473282831,sekolah
-6.978917037735253,107.01580384700472,sekolah
-6.978870128227648,107.01570180650913,sekolah
-6.978851586085486,107.01555603158491,sekolah
-6.979059899141457,107.01567754680526,sekolah
-6.979262728079804,107.01553808676276,sekolah
-6.979213508914046,107.01528191140564,sekolah
-6.979452656615779,107.01522771205548,sekolah
-6.979660858156477,107.0152357210468,sekolah
-6.97982154047251,107.01541105825238,sekolah
-6.873396452928566,107.56001037918048,sekolah
-6.8680610324505595,107.55109950735145,sekolah
-6.253473151954857,106.60267074468379,sekolah
-6.551227117393822,106.87688211169537,sekolah
-6.963508576374554,107.65198765613306,sekolah
-6.682440070718849,106.934616525052,sekolah
-6.14330252949621,107.02775321143118,sekolah
-6.198433004088055,106.85014417293168,sekolah
-6.1988948803395685,106.84971212189267,sekolah
-6.181652507138453,106.81727461991619,sekolah
-6.172828744938844,106.78803168436487,sekolah
-6.893589504585308,106.7873914996484,sekolah
-6.901744848377711,107.53875175778896,sekolah
-6.231940984709496,106.71362374737674,sekolah
-6.231940984709496,106.71362374737674,sekolah
-6.309872543846731,106.74709183477046,sekolah
-6.176821074425971,106.83928378822998,sekolah
-6.249061919731139,107.03059584881339,sekolah
-6.233270912478734,107.00904779833253,sekolah
-7.490011794790212,108.79736342564786,sekolah
-7.488918443146909,108.79518314241821,sekolah
-6.308010201108779,106.67688275897329,sekolah
-6.284356300351233,106.6702927961061,sekolah
-6.395891817740204,106.9090840834181,sekolah
-6.344759998297012,106.71579921762603,sekolah
-6.3447239010253185,106.69065229402466,sekolah
-6.337764451933621,106.71028524108881,sekolah
-6.390217866098067,106.88019722478136,sekolah
-7.642611292538781,108.50646091594483,sekolah
-6.3872546113022155,106.88613591775439,sekolah
-6.3945345853806455,106.88097732269566,sekolah
-6.44198355426132,106.8734112592139,sekolah
-7.54140450604092,108.45623953594226,sekolah
-6.4394623956258,106.86142763227741,sekolah
-6.267658192075592,106.46599948496524,sekolah
-6.2636361010770045,106.46783421374474,sekolah
-6.263058910454525,106.46854195689379,sekolah
-6.262295458633278,106.46642490867484,sekolah
-6.226854983235107,106.47004487490739,sekolah
-6.246647892078989,106.46368665654244,sekolah
-6.253982113206878,106.46984434780443,sekolah
-6.249636416193552,106.4711985324856,sekolah
-7.692336551967356,108.66142223115794,sekolah
-7.529962299373713,108.36099224833681,sekolah
-7.524091366526472,108.36274989412031,sekolah
-7.558595414892727,108.50764764577652,sekolah
-7.562790241026142,108.47659612328638,sekolah
-7.734991763375702,108.45226732837102,sekolah
-7.678860926307751,108.48975763666634,sekolah
-7.691956953355422,108.50887098142678,sekolah
-6.67742648473419,106.53086534919912,sekolah
-6.674963733715822,106.54218613035593,sekolah
-6.26524746232042,106.91208643988946,sekolah
-6.261236177753555,106.91191758755386,sekolah
-7.716323282110447,108.47119067302191,sekolah
-7.7232753443386475,108.47038241295229,sekolah
-7.715277567644767,108.47314977247817,sekolah
-7.792495796148284,108.33903535059375,sekolah
-6.649144918717616,107.05967581295485,sekolah
-6.211444707794831,106.71307347842964,sekolah
-6.218995752754861,106.70634698771548,sekolah
-7.754305194368443,108.43725370183732,sekolah
-7.749180201015173,108.44033209537832,sekolah
-7.74904243770289,108.43987342785334,sekolah
-6.26052121809379,106.46658782790186,sekolah
-6.257760027358374,106.46715976342435,sekolah
-7.19246578833405,108.63565603141329,sekolah
-7.192343980009419,108.63583561710722,sekolah
-6.243080819755427,106.4522155046808,sekolah
-6.255739473411347,106.51753422985672,sekolah
-6.833157849847656,107.70297563325178,sekolah
-6.264626343097407,106.42852102919666,sekolah
-6.268669675724612,106.42742024200668,sekolah
-6.54883553456567,107.43658209790051,sekolah
-7.076908311183485,107.68989746277484,sekolah
-6.168838322188912,106.60020509266407,sekolah
-6.173281700000001,106.63070805000001,sekolah
-6.174249170093522,106.63203633044508,sekolah
-6.192349302689859,106.63500084727653,sekolah
-6.170174329066687,106.63337015006357,sekolah
-6.155110412068639,106.39775124033834,sekolah
-6.16487882437489,106.61762438495268,sekolah
-6.175311185701485,106.63896835996415,sekolah
-6.191324772517355,106.66493899303688,sekolah
-6.2130037935273394,106.6722777419691,sekolah
-6.33228366467167,106.75087444709908,sekolah
-6.33225646058406,106.7515196113583,sekolah
-6.330712456452977,106.75058185750962,sekolah
-6.229091218447838,106.47461308224727,sekolah
-6.320995318627057,106.74502036123955,sekolah
-6.282444800000002,106.93896705000002,sekolah
-6.281193704823345,106.92644211038102,sekolah
-6.281193704823345,106.92644211038102,sekolah
-6.2841945632113845,106.9143003683799,sekolah
-6.8954459592981,107.61217264605811,sekolah
-6.28034551799023,106.92077858017457,sekolah
-6.283823889753427,106.93935982637873,sekolah
-6.602262825746926,106.81171984219839,sekolah
-6.80981584398751,107.6238836124531,sekolah
-7.274572153335067,106.62434939469092,sekolah
-6.898179227130313,107.6234047070543,sekolah
-6.630714104413857,106.82544703577854,sekolah
-7.307456645951825,106.63456609659447,sekolah
-6.92595553044806,107.56026021206874,sekolah
-6.3478682204550845,106.93677319509128,sekolah
-6.347645121053851,106.93626873720528,sekolah
-6.268310367672623,107.02248324855226,sekolah
-6.900760512774286,107.64685208262361,sekolah
-6.960529437395931,106.94131317914398,sekolah
-6.96406747431419,106.94038422346964,sekolah
-6.893267171353355,107.72365173254416,sekolah
-6.319518191377244,106.74736815410797,sekolah
-6.960063661045281,107.76574758829938,sekolah
-7.481818348630361,108.78872737942744,sekolah
-7.47993598812116,108.78524477930853,sekolah
-7.4667439,108.7766986,sekolah
-7.482707518835916,108.79195695440959,sekolah
-6.273742833691086,106.92211864217809,sekolah
-6.66057987658917,108.53389755224174,sekolah
-6.288739769420441,106.66595373417597,sekolah
-6.239533755341739,107.55929651846799,sekolah
-6.237455308907784,107.57050275678522,sekolah
-6.235254900000003,107.56693610000002,sekolah
-6.352624505939359,106.7339513386958,sekolah
-6.353796268797072,106.73226595287747,sekolah
-6.352966618566259,106.7322494726298,sekolah
-7.169879000000001,107.69082955,sekolah
-6.233750432867314,106.97994217115148,sekolah
-6.204875151837427,106.98837611096886,sekolah
-6.244628495661276,106.98299919451748,sekolah
-6.298636037825716,106.98882428594138,sekolah
-6.317064223956392,107.00839735178026,sekolah
-6.243043503558364,107.02916703836415,sekolah
-6.371815935555927,106.91443951734847,sekolah
-6.1754767013634755,106.98113608283447,sekolah
-6.176097313650386,106.98111183159837,sekolah
-6.259414250911322,106.93638157428528,sekolah
-6.199770004534534,107.0217358104211,sekolah
-6.276702509594454,106.94453687966234,sekolah
-6.21412051265395,106.98926454752807,sekolah
-6.306700388575853,107.02529352849507,sekolah
-6.347472141512754,107.01190835697007,sekolah
-6.367980355626101,106.9285510647402,sekolah
-6.3260083887411,106.94959870393988,sekolah
-6.362518146910919,106.98757736144542,sekolah
-6.234094015726373,107.03349821691273,sekolah
-6.289195970778139,106.9434855012811,sekolah
-6.3060395549764765,106.92761947915275,sekolah
-6.174603801574986,107.00312024438603,sekolah
-6.206090722468877,107.01091232972534,sekolah
-6.269791059237851,106.96337194603394,sekolah
-6.294660644470204,107.02214204770137,sekolah
-6.293238495990467,106.99743288522778,sekolah
-6.174895994054098,106.99609349046085,sekolah
-6.39069857123024,106.91551118502036,sekolah
-6.220067398954042,107.03039579814283,sekolah
-6.268891134346369,106.93394185555752,sekolah
-6.213377128684272,106.9832221767321,sekolah
-6.36636092993765,106.92158851961567,sekolah
-6.1970701740131275,107.00853993760035,sekolah
-6.348865094439947,106.97975422027432,sekolah
-6.3107865973981605,106.93164283779377,sekolah
-6.270595867271779,106.96387549305445,sekolah
-6.237614468879427,107.0360883782576,sekolah
-6.20113935464409,106.99033978178883,sekolah
-6.316547278017747,106.95765817457819,sekolah
-6.3102705452659285,106.98283554200108,sekolah
-6.222716301309396,106.97256630894823,sekolah
-6.408081025405237,106.841221443839,sekolah
-6.370183273469707,106.77314367832145,sekolah
-6.355768374279379,106.99203516357834,sekolah
-6.282376414524116,107.02588166489325,sekolah
-6.359886095868249,106.93201021633969,sekolah
-6.202994869393508,107.01886160509835,sekolah
-6.2304636050249975,107.03482437756408,sekolah
-6.293347832852496,107.00063512707037,sekolah
-6.27070459084152,106.95950002562269,sekolah
-6.323000127514878,106.93697446255051,sekolah
-6.210657620076395,106.9876854674931,sekolah
-6.273177330337305,106.93474438736966,sekolah
-6.21003637889374,107.02590470567445,sekolah
-6.210300862852721,107.02686802709488,sekolah
-6.291964923543126,107.00177466840437,sekolah
-6.311318696595255,106.94880343262184,sekolah
-6.936164570602585,107.64601546901491,sekolah
-6.163442296767976,107.04207523189727,sekolah
-6.678673279077799,108.06998551823283,sekolah
-6.6788170243807565,108.06995184534863,sekolah
-6.678900755328751,108.0700861223433,sekolah
-6.9884971299236245,106.55354573426705,sekolah
-6.988486147029771,106.55330118045302,sekolah
-6.988726327927369,106.55314191305749,sekolah
-6.988178209308357,106.5538525812313,sekolah
-6.988295052619971,106.55365168208631,sekolah
-6.98866885399953,106.55335566530381,sekolah
-6.26552876358347,106.70569725777057,sekolah
-6.963005305912354,107.57749841592344,sekolah
-6.987808345994682,106.55926495000645,sekolah
-7.014371481074023,106.56695522282139,sekolah
-7.0143566,106.5671406,sekolah
-6.9355902726174605,107.62279561234745,sekolah
-6.304516725376347,107.29105284240515,sekolah
-6.251027022854823,106.82511780480802,sekolah
-6.250679235415985,106.82491882407884,sekolah
-6.3027061,107.30748355000001,sekolah
-7.347839125900963,108.16544777085653,sekolah
-6.998963343431671,107.62345092478407,sekolah
-7.008994169778529,107.54756195207297,sekolah
-7.01019405247767,107.54620759972798,sekolah
-6.976184622967015,107.56781778680477,sekolah
-6.231671939121094,106.95698640465045,sekolah
-6.232208519533569,106.95803933542226,sekolah
-7.367739994743526,108.56796810071128,sekolah
-7.363575729990933,108.53832729270812,sekolah
-7.366669098926665,108.53398594888114,sekolah
-7.370090518050481,108.5402193352687,sekolah
-7.3708298687609295,108.5432562418914,sekolah
-7.3751438588956235,108.54238010032888,sekolah
-7.3599251054950345,108.56516905519871,sekolah
-7.358126993245703,108.5597568523357,sekolah
-7.3612775110529585,108.56228135922362,sekolah
-7.367900727717842,108.53586109131808,sekolah
-7.367160928883494,108.53730230600561,sekolah
-7.368934200000001,108.53855530000001,sekolah
-7.369544900000001,108.5428682,sekolah
-7.368721209571616,108.54781224471937,sekolah
-7.369823717439935,108.54406920072944,sekolah
-6.831616825335279,108.20932336308677,sekolah
-6.834416398116672,108.21840727702295,sekolah
-6.833214949924545,108.21121032275882,sekolah
-6.831385676173874,108.20655945814869,sekolah
-6.835352459646931,108.2215461952858,sekolah
-6.835977587742071,108.22380295186153,sekolah
-6.835794146280964,108.22011759704657,sekolah
-6.836043020715553,108.21727473204648,sekolah
-6.8289262592462405,108.20910062449306,sekolah
-6.831872220830096,108.21474360381762,sekolah
-6.832625444830462,108.22067734177945,sekolah
-6.959703089025644,107.54717606689783,sekolah
-6.31018927289267,106.71119421565238,sekolah
-7.239693500513539,108.4794642855497,sekolah
-6.911361846549686,107.61081262724619,sekolah
-6.911633074086781,107.6108465858063,sekolah
-6.911678309914299,107.61074392203655,sekolah
-7.3591403696910085,108.53651509082258,sekolah
-7.35916947392165,108.53689459868518,sekolah
-7.183976149131233,108.37183287247528,sekolah
-7.163878866008975,108.512477983814,sekolah
-6.308320402357139,106.74722830086478,sekolah
-6.308659247846436,106.74659255995691,sekolah
-6.308478091213895,106.74631136059466,sekolah
-6.308345999091018,106.74677895297644,sekolah
-6.3060355988712296,106.74755399690181,sekolah
-6.30568256485349,106.7480665070113,sekolah
-6.327487603820422,107.14437021345027,sekolah
-6.327172876429728,107.1448742079117,sekolah
-6.328577121491311,107.14814472798228,sekolah
-6.530736330772257,107.6985700038308,sekolah
-6.336981392059706,107.12256267091608,sekolah
-7.4499212516689,108.46511149462815,sekolah
-7.487513558013628,108.47028066498444,sekolah
-7.457966111926591,108.52042631812968,sekolah
-7.473403770391049,108.47791675139403,sekolah
-6.966982563409197,107.59293454827402,sekolah
-7.514564792869154,108.46418661220619,sekolah
-7.504446201322456,108.45612188000229,sekolah
-7.4896147456431414,108.4660479476019,sekolah
-7.488233399261134,108.46733869041535,sekolah
-6.972407478794532,107.59391047705087,sekolah
-7.197964311833091,108.37838861571478,sekolah
-7.37185755,108.45548465,sekolah
-7.371784227126993,108.45561131481593,sekolah
-7.371577386323503,108.45600867007869,sekolah
-7.3717990569975855,108.45640616619606,sekolah
-7.371838104485594,108.45591391936996,sekolah
-7.371970441220309,108.45622687386201,sekolah
-7.37208895,108.45615485000002,sekolah
-7.372187200000001,108.45609610000002,sekolah
-6.493725749999999,106.77265429999999,sekolah
-6.493177177446538,106.77274375870627,sekolah
-7.186781283905776,108.36398843902623,sekolah
-6.505289600000001,106.80730124999998,sekolah
-6.967940831948523,107.59101015940503,sekolah
-7.371439135556273,108.52681287018346,sekolah
-7.370416791625784,108.52695220092711,sekolah
-7.370298587656819,108.52623114485648,sekolah
-7.371069331679012,108.52588252499712,sekolah
-7.366087409612244,108.52928746474772,sekolah
-7.321938441109197,108.37346885967473,sekolah
-6.453102399999999,106.8001278,sekolah
-7.45811869531509,108.5237982851282,sekolah
-7.481175891793049,108.48367581483109,sekolah
-7.454277840613341,108.50251193828069,sekolah
-7.524424369895257,108.45845759832905,sekolah
-7.510711499900555,108.44151523600105,sekolah
-7.324125182894368,108.45146210611367,sekolah
-7.348529221483997,108.12867265023695,sekolah
-7.3488590920371415,108.12845415778715,sekolah
-7.348677607278364,108.12840271039444,sekolah
-7.349749350661448,108.13023877630002,sekolah
-7.341347502581308,108.12753142252859,sekolah
-6.893687516874273,107.65070462315646,sekolah
-6.479194618370699,106.81870676473686,sekolah
-6.496407450018388,106.79993526668054,sekolah
-7.164079988114493,108.5121057534769,sekolah
-7.341649195208248,108.34888646481771,sekolah
-7.345802856807329,108.348446035579,sekolah
-7.346454573292438,108.35322764576303,sekolah
-6.528534316148234,107.69611695811453,sekolah
-6.286093767234807,106.64977795097286,sekolah
-6.1918940040187,106.63155674391629,sekolah
-6.171287527244134,106.63269655175249,sekolah
-7.410164504784499,108.4435570467778,sekolah
-6.192835118821331,106.6337265266905,sekolah
-6.192510402201971,106.63368345909161,sekolah
-6.187374812107247,106.63775287006371,sekolah
-6.934697189132192,107.73987835341784,sekolah
-6.1925974789213045,106.63366989725014,sekolah
-6.299976393272396,106.72713109329551,sekolah
-6.9922615801578125,107.55985696564771,sekolah
-6.812642956821863,107.62082600341276,sekolah
-6.812748449999999,107.6209556,sekolah
-6.864516583928859,107.52207456257347,sekolah
-6.990553400367628,107.26952581677469,sekolah
-6.543009815002457,107.72365440457932,sekolah
-6.97482198077074,107.42762751299595,sekolah
-6.9747144011146895,107.42780673152765,sekolah
-6.974860875944774,107.42783643727402,sekolah
-6.978240199999999,107.43174524999999,sekolah
-6.978284402707422,107.43192762118687,sekolah
-6.978367350000001,107.4318331,sekolah
-6.978384186343136,107.43197842888509,sekolah
-6.982926850000001,107.62905815,sekolah
-6.963670151499672,107.65692437335774,sekolah
-6.8152310608152495,107.61251890738694,sekolah
-6.815289757073456,107.6125995051554,sekolah
-7.0411069963555715,107.3210669951976,sekolah
-6.965965300000002,107.57269550000002,sekolah
-6.8230622145073605,107.61237188197515,sekolah
-6.82313205,107.61266549999999,sekolah
-6.8231117999999995,107.61293919999999,sekolah
-6.865172594107899,107.57469912013815,sekolah
-6.983510045376825,107.59788956656028,sekolah
-6.869944042144634,107.56919187929276,sekolah
-6.986971237276438,107.46474382644996,sekolah
-6.982779362049837,107.46113847909577,sekolah
-6.984443249999999,107.46027799999999,sekolah
-6.808597178267489,107.60510297860199,sekolah
-6.894695159752078,107.6497007193742,sekolah
-6.889639900000001,107.64654135,sekolah
-6.8948496,107.6345466,sekolah
-6.975341118879628,107.44335620973379,sekolah
-6.975394899999999,107.4434569,sekolah
-6.941511672149446,107.74053976216422,sekolah
-6.980909396399137,107.43624198112916,sekolah
-6.980837954483767,107.43612468213556,sekolah
-6.981242695228894,107.43559502139217,sekolah
-6.98069805,107.43603505,sekolah
-6.980794550302106,107.43624868912488,sekolah
-6.980738298755985,107.43625001012991,sekolah
-6.980680964404003,107.43618242342266,sekolah
-6.980600825530733,107.43602195957158,sekolah
-6.980598499999999,107.43627325,sekolah
-6.980555018982788,107.43611893632914,sekolah
-6.98056365,107.43618980000001,sekolah
-6.9807438,107.43638385,sekolah
-6.974477950000001,107.56210995,sekolah
-6.983347069045488,107.42568087922211,sekolah
-6.98256065,107.425571,sekolah
-6.98238494478201,107.42572236936148,sekolah
-6.982300950000001,107.42559494999999,sekolah
-6.982378721842895,107.42543239653315,sekolah
-6.9820975999999995,107.4254951,sekolah
-6.981841223976147,107.4255522171676,sekolah
-6.982160216027955,107.42572352435003,sekolah
-6.981991592629361,107.4257883730131,sekolah
-6.981851979362335,107.42587245878865,sekolah
-6.97992246687348,107.43243703706734,sekolah
-6.9798251,107.43245730000001,sekolah
-6.97980875,107.43254070000002,sekolah
-6.9797990500000004,107.43219510000003,sekolah
-6.9783798,107.43221279999999,sekolah
-6.9341634999999995,107.72138210000001,sekolah
-6.927525976341201,107.71660396843264,sekolah
-6.8948516148558765,107.69392937247285,sekolah
-6.950154418367452,107.47954257055562,sekolah
-6.951642850136779,107.47980452161092,sekolah
-6.951487727012097,107.47968160281135,sekolah
-6.953544711724492,107.48222197455229,sekolah
-6.9531886499999995,107.48220165000001,sekolah
-6.95332485784196,107.4820456489892,sekolah
-6.95324540679605,107.47959847232633,sekolah
-6.949468341111,107.46643462125309,sekolah
-6.812549546627437,107.62114068099203,sekolah
-6.812702409918513,107.62074226998878,sekolah
-7.3742413012258305,108.52686924882043,sekolah
-6.8791199965759295,107.6159094045538,sekolah
-6.542930200000001,106.83681675,sekolah
-6.205212935242838,106.57561931197066,sekolah
-6.873630806181393,107.61978112091023,sekolah
-6.312790479188306,106.69504485266846,sekolah
-6.797618049431768,107.94877305997724,sekolah
-6.860984772319812,107.91731527307182,sekolah
-7.323840326333399,108.3270022896509,sekolah
-7.324914205684135,108.33009405874077,sekolah
-6.944301203033995,107.78741318887215,sekolah
-6.355452139207127,108.38197768094632,sekolah
-6.897780701206409,107.77014997490242,sekolah
-6.196870124644514,106.68477237663616,sekolah
-6.850479765652551,107.98406606895898,sekolah
-6.850594342891801,107.98413947740399,sekolah
-6.8504772268267065,107.98424075591086,sekolah
-6.350901665174049,106.92468012807088,sekolah
-6.103251014722878,106.66390766041673,sekolah
-6.102889891120744,106.65814533405187,sekolah
-6.102656049211314,106.65838301195437,sekolah
-6.103133382001352,106.65760693039387,sekolah
-7.408145524035759,108.44814268903131,sekolah
-7.408080599456901,108.44830554531067,sekolah
-7.408019794501835,108.4481467411392,sekolah
-7.408093390381851,108.44773341476747,sekolah
-7.408010520505926,108.44792275641332,sekolah
-7.408284399999999,108.44815125000001,sekolah
-6.3243569124946735,107.01558858826878,sekolah
-6.971247059244328,107.54880487006392,sekolah
-6.982854731292035,107.56373546717516,sekolah
-6.98299754146748,107.56413033778571,sekolah
-6.354846830939926,106.89718270743948,sekolah
-6.8025930867813535,108.50876145424726,sekolah
-6.4002227342568245,106.85093889205761,sekolah
-6.394108696535475,106.84942749499496,sekolah
-6.306165436112219,106.69283901169705,sekolah
-6.294941969804498,106.99589724404798,sekolah
-6.299515026207546,106.99441187600695,sekolah
-6.296455541980052,106.99540755778975,sekolah
-6.287885269053472,107.0013204388855,sekolah
-6.271627625575934,107.0665503746918,sekolah
-6.27233071464201,107.06616086893388,sekolah
-6.29249191599814,106.99843392319197,sekolah
-6.266568534020971,107.00978144558354,sekolah
-6.266756076716969,107.01000845513994,sekolah
-6.266801201492533,107.01029652765645,sekolah
-6.265986939880885,107.00996794617382,sekolah
-6.267239078037106,107.0124455759978,sekolah
-6.2657213925754975,107.01185014128677,sekolah
-6.2667544445355725,107.00910218522368,sekolah
-6.296852326226724,107.01744766043785,sekolah
-6.276735280137744,107.00805536572705,sekolah
-6.27641079930415,107.00814368172186,sekolah
-6.262994240891597,106.99895371703943,sekolah
-6.270946836837663,107.00390021178697,sekolah
-6.275521940414313,107.0066897858329,sekolah
-6.275313685567103,107.0052394385476,sekolah
-6.26640930682977,107.00629372622426,sekolah
-6.268059700808157,107.00501089496808,sekolah
-6.282313778861252,107.00930765414108,sekolah
-6.2781377084013,107.01367110271299,sekolah
-6.265959698658652,107.00423110538925,sekolah
-6.272678734408961,107.01894208048613,sekolah
-6.271281317637975,107.0158017683734,sekolah
-7.346786014143319,108.42872446796459,sekolah
-6.384677084398406,107.32880515569441,sekolah
-7.2027031779983375,108.4907404320642,sekolah
-6.325801406793397,106.681100338859,sekolah
-6.27149314268674,107.00960466009607,sekolah
-6.229164278472616,107.55434121646975,sekolah
-7.215958560100565,107.88912103512621,sekolah
-6.327281319806835,107.00392902593374,sekolah
-6.327487555176374,106.71081222745462,sekolah
-6.331938372493403,106.7077711648521,sekolah
-6.344564756821182,106.96096700368614,sekolah
-6.888558219109797,107.53149121940135,sekolah
-6.348905632327458,106.69692256009274,sekolah
-6.330541788406187,106.7142127012228,sekolah
-6.330541788406187,106.7142127012228,sekolah
-6.340155190523683,106.7153608403968,sekolah
-6.34110447653749,106.7157500856069,sekolah
-6.340368875002304,106.71568187772382,sekolah
-6.331944474516504,106.70838658166582,sekolah
-6.320370259344602,106.70805573600614,sekolah
-6.320472345184718,106.70850123789134,sekolah
-6.2738271673776564,106.71494384538168,sekolah
-6.263880224497733,106.71573047410098,sekolah
-6.256182618236532,106.94045961352062,sekolah
-6.823562575036515,107.13295056571212,sekolah
-6.824725248222272,107.13164283090521,sekolah
-6.807242632540301,107.14077175252467,sekolah
-6.8242251974590715,107.1226190641298,sekolah
-6.974193747569201,107.58439690543987,sekolah
-6.300322516236948,107.3019448560711,sekolah
-6.299643913716591,107.3021780658567,sekolah
-6.9507504591843245,106.93339766324722,sekolah
-6.741811441342629,106.84719976752775,sekolah
-6.7414400214347046,106.84736652588049,sekolah
-6.741206182976278,106.84681940239642,sekolah
-6.7889172821893,107.16878290470613,sekolah
-6.177489438933142,106.97847819058771,sekolah
-6.206445435230514,107.01691841118122,sekolah
-6.200220025221906,107.02632392439354,sekolah
-6.22671547887634,107.01114082490416,sekolah
-6.5245725397359475,106.5512503671576,sekolah
-6.452900880841196,107.03931467567911,sekolah
-6.45302710086396,107.04165912106221,sekolah
-6.313302512125453,107.009869348749,sekolah
-6.313242667295224,107.00929425744317,sekolah
-6.4988792224698875,108.42182663937466,sekolah
-6.5905252388495175,106.62806302102149,sekolah
-6.580810167572895,106.81845947021036,sekolah
-6.4266541412008555,106.89559623037441,sekolah
-6.4915627079765486,106.88182003410516,sekolah
-6.239335198118377,107.04637938790788,sekolah
-6.239655218913862,106.67129525967653,sekolah
-6.6510117814753285,106.8901236072617,sekolah
-6.650924682691843,106.8903208275681,sekolah
-6.553324938922144,106.73509677569017,sekolah
-6.189072424084792,106.63793432560381,sekolah
-6.6544659323152695,106.89625456457206,sekolah
-6.65465124106723,106.896262718997,sekolah
-6.651976831376224,106.90165744335583,sekolah
-6.653133046987883,106.89188710945277,sekolah
-6.651239870952745,106.9040039953519,sekolah
-6.1827599978878105,106.90636883214694,sekolah
-6.384264424983152,106.87002615977178,sekolah
-6.382253479818622,106.86796034267022,sekolah
-6.470033133575794,106.86149935274038,sekolah
-6.3497664,106.74718535,sekolah
-6.318662150000003,106.74406469999998,sekolah
-6.485432137221657,106.87125566570283,sekolah
-6.433735485719743,106.7937474297835,sekolah
-6.240728799999999,107.06244625000001,sekolah
-6.978865565530923,107.57200667217107,sekolah
-6.601076400000001,106.77591315,sekolah
-6.601041972747874,106.77564512351464,sekolah
-6.186851276202575,106.65860575514907,sekolah
-6.895741698428514,107.57956767475926,sekolah
-6.5097588663999435,106.80592143133903,sekolah
-6.508367580155307,106.80483633904754,sekolah
-6.24960308421298,106.70897151413054,sekolah
-6.336965716970243,107.12671356781543,sekolah
-6.399043100686881,106.95951018239874,sekolah
-6.27176785,106.99739995000002,sekolah
-6.148313839218301,106.6557451630906,sekolah
-6.334117970392249,107.11914288758106,sekolah
-6.654356056436478,106.88922239592932,sekolah
-6.229610659648951,106.96734796550918,sekolah
-6.233262124125719,106.96497785836223,sekolah
-6.410775239110754,106.66908304082529,sekolah
-6.371444612317592,106.67627092599383,sekolah
-6.883901626066584,107.61842399704067,sekolah
-6.884152624697857,107.61874885135657,sekolah
-6.230066778656375,106.98146062808014,sekolah
-6.476274053718442,106.83069256230024,sekolah
-6.895598524859134,107.60752366177205,sekolah
-6.906975921913297,107.6283806394233,sekolah
-6.9055537228718835,107.61216469806746,sekolah
-6.906990923721587,107.61861524283955,sekolah
-6.905162983358831,107.61992647245519,sekolah
-6.906369342296256,107.61855369234807,sekolah
-6.905562732139423,107.618052767166,sekolah
-6.9055272590475925,107.6163366090931,sekolah
-6.887716800000001,107.6188739,sekolah
-6.8978741993408885,107.61668491018864,sekolah
-6.89671759572172,107.61325166440999,sekolah
-6.9216617000000005,107.58860975,sekolah
-6.920518648885695,107.58649948067313,sekolah
-6.907063412104624,107.62946013069066,sekolah
-6.913040598156106,107.63342735434765,sekolah
-6.911538856995675,107.63230445474585,sekolah
-6.904800919879535,107.62182305831742,sekolah
-6.905893257066178,107.62325011972742,sekolah
-6.934730000000001,107.5950727,sekolah
-6.934594076014135,107.59563942644687,sekolah
-6.339174079751277,106.65789620546758,sekolah
-6.87381579203153,107.61627008273034,sekolah
-6.874454280886669,107.61670941853086,sekolah
-6.8818603490874795,107.60913635729712,sekolah
-6.890870128456378,107.60360138254495,sekolah
-6.926006450000001,107.58822595000001,sekolah
-6.929989052949076,107.59052369450416,sekolah
-6.9283023515246684,107.58993521401958,sekolah
-6.935637000000001,107.59384005,sekolah
-6.936352663972368,107.58717877769502,sekolah
-6.938505552440375,107.59371504002571,sekolah
-6.938399190158036,107.5849008745914,sekolah
-6.936669712749,107.59238049470366,sekolah
-6.93614817273776,107.5866700208512,sekolah
-6.889730477418988,107.62729671686192,sekolah
-6.892563399999999,107.62569835000001,sekolah
-6.892825924834418,107.62568512375847,sekolah
-6.892056849999999,107.62543895,sekolah
-6.892740610340251,107.6198209040864,sekolah
-6.891432585597302,107.62400236777663,sekolah
-6.897095417872188,107.62183851293173,sekolah
-6.8828183839483135,107.62223088902473,sekolah
-6.890544791220893,107.62359102182879,sekolah
-6.88360425,107.61610970000002,sekolah
-6.881007059777943,107.61795287205292,sekolah
-6.86365615672911,107.62117115504789,sekolah
-6.942346453331014,107.5850661452303,sekolah
-6.941699949020059,107.59169385172333,sekolah
-6.939027347317827,107.58500983080204,sekolah
-6.942031639340355,107.5911545686748,sekolah
-6.9411417178017345,107.58928169499428,sekolah
-6.866640691986707,107.6172788673506,sekolah
-6.882886595442075,107.61321103522194,sekolah
-7.681724417070271,108.64697520229419,sekolah
-6.170774228196958,106.59950918876375,sekolah
-6.403579731455081,106.81830272813838,sekolah
-6.184590593695312,106.5729368144077,sekolah
-6.307104597132869,106.71104300773553,sekolah
-6.2272844428830805,106.71374314746929,sekolah
-6.2272844428830805,106.71374314746929,sekolah
-6.39682160457111,107.10692716201794,sekolah
-6.0944327785293675,106.5563622838471,sekolah
-6.294906292560767,107.0305096464396,sekolah
-6.295514367924703,107.03034162980073,sekolah
-6.589328476820353,106.75291289455596,sekolah
-6.602758155388226,106.75788609885619,sekolah
-6.545960356559465,106.69171867635694,sekolah
-6.545813689472057,106.6918852880682,sekolah
-6.182667024760521,106.50027568628428,sekolah
-6.895333525883356,106.78901750803743,sekolah
-6.310422782746327,106.99962276649923,sekolah
-6.9186160493116535,107.74211164898024,sekolah
-6.926214451502354,107.60801025979335,sekolah
-6.920373517100646,107.59705663402971,sekolah
-6.923458294942735,107.6224948716366,sekolah
-6.906523567289517,107.59983898178339,sekolah
-6.151372992443976,106.85170873084832,sekolah
-6.294004272174316,106.68536442205398,sekolah
-6.3456330544286335,106.71263667429398,sekolah
-6.88113309368385,107.5966712059529,sekolah
-6.562211453922707,106.76410260246153,sekolah
-6.576103377902639,106.75717474841255,sekolah
-6.147351036210805,106.73546260556083,sekolah
-6.237715576183895,106.84801364874919,sekolah
-6.405391190271037,107.46991499223101,sekolah
-6.6769739636966845,107.68739909409358,sekolah
-6.572480174235401,106.79906713096238,sekolah
-6.377261853315053,107.00571071838938,sekolah
-7.3863527,108.4920767,sekolah
-6.57275942487105,106.79853163302047,sekolah
-6.896472349146024,106.78083428668705,sekolah
-6.8966280395194,106.7802931967303,sekolah
-6.882699213071388,106.79458540271288,sekolah
-6.21755951255511,106.62754714106681,sekolah
-6.217872506338367,106.62714025429798,sekolah
-6.70246910599861,108.49910067118569,sekolah
-6.700720150034318,108.452677113769,sekolah
-6.699224537803252,108.45264342421919,sekolah
-6.701821599878352,108.45247809084233,sekolah
-6.738230635576713,106.80296851858952,sekolah
-6.143591077917699,106.810946505801,sekolah
-6.3379445724357,106.71126551780812,sekolah
-6.55078722818299,107.7291482456935,sekolah
-6.858297993042543,107.57885476703038,sekolah
-6.738459060515263,107.02404458614588,sekolah
-6.736196440434253,107.0283287637296,sekolah
-6.738761008928877,107.02384038737937,sekolah
-6.738705188880584,107.02391051136809,sekolah
-6.738582233337522,107.02374595040722,sekolah
-6.738507033337521,107.02383105040722,sekolah
-6.738644711676017,107.02398608934998,sekolah
-6.738386633337521,107.0241688504072,sekolah
-6.732622741832811,107.05135827941997,sekolah
-6.732624356508911,107.05155597634759,sekolah
-6.732819287197481,107.05138017349364,sekolah
-6.732951660556176,107.05166737328007,sekolah
-6.73290575515727,107.05191372979125,sekolah
-6.732816699999999,107.0518166,sekolah
-6.7329073,107.0518112,sekolah
-6.293591629407338,106.68330415633679,sekolah
-6.523602564904892,107.65462605308642,sekolah
-6.524714794812587,107.66313395211753,sekolah
-6.326578811826241,106.71833823398798,sekolah
-6.326281168346378,106.71834742204106,sekolah
-6.32325181345861,106.71612178688554,sekolah
-6.271710379573142,107.26262580854527,sekolah
-6.836238633153218,107.19991021519505,sekolah
-6.337928622145025,106.73313714399917,sekolah
-6.337284615992625,106.73344414252792,sekolah
-6.3384430539066585,106.73762326191468,sekolah
-6.340307203067707,106.73503581674744,sekolah
-6.652344190461843,107.71046131252061,sekolah
-6.267617623962327,106.86828202333055,sekolah
-6.5595883568038085,107.7121374697216,sekolah
-6.937667105388991,106.96796117232621,sekolah
-6.7957551720426155,107.95014871684094,sekolah
-6.79692434921873,107.95051584697298,sekolah
-6.800478648245419,107.94995241974341,sekolah
-6.799756647731582,107.9501517244351,sekolah
-6.798806782005955,107.95042244794581,sekolah
-6.32990734374599,106.70343407074537,sekolah
-6.729914115893948,107.06400470405754,sekolah
-6.729535546815593,107.0636526987026,sekolah
-6.729594350000001,107.06372110000001,sekolah
-6.72968714512186,107.06359523432505,sekolah
-6.299561735864877,106.9592469281409,sekolah
-6.362978578187826,106.93687008380188,sekolah
-6.34493534023129,106.70849387783183,sekolah
-6.344200659772103,106.70650516848964,sekolah
-6.415318667555865,107.41796123717553,sekolah
-6.927572492953377,107.59597536364886,sekolah
-6.919105586777655,106.9356222311966,sekolah
-6.294217236832939,106.68313383283977,sekolah
-6.388472488761414,106.6068481604111,sekolah
-6.96122323066312,107.28239382831389,sekolah
-6.938879472454094,107.60379787880464,sekolah
-6.238258149765473,106.74795095619665,sekolah
-6.866647571732843,107.58216026121332,sekolah
-6.181289299916511,106.89574000388947,sekolah
-6.183317907253903,106.90619079300116,sekolah
-6.182714994455337,106.90638834679048,sekolah
-6.174758707846958,106.9057973901967,sekolah
-6.1754346287768085,106.90585119452786,sekolah
-6.174126425993186,106.90570162458802,sekolah
-6.175826375929363,106.90579862940065,sekolah
-6.241649384883275,106.75360293467206,sekolah
-6.264102655614879,106.62897046891744,sekolah
-6.863951180276473,107.59220268637696,sekolah
-6.324000151394499,106.69252946004926,sekolah
-6.244492923757004,106.61728186555989,sekolah
-6.24143346006969,106.61806798394922,sekolah
-6.915613972253903,107.13328939903883,sekolah
-6.410867029028018,106.9791724118834,sekolah
-6.3101841129845395,106.66035833794595,sekolah
-6.311172867949667,106.66134614357601,sekolah
-6.307667178646029,106.66389188382703,sekolah
-6.306922655541241,106.66835693670537,sekolah
-6.279857835131718,106.63408569168398,sekolah
-6.165271426207478,106.5644579402107,sekolah
-7.3367906581786135,108.37513225355173,sekolah
-6.212736149080826,106.67159157479738,sekolah
-6.201845809045811,106.70282630176058,sekolah
-7.2157609569078,106.88261099541222,sekolah
-7.2162374373293465,106.88334420787794,sekolah
-7.2169366405357875,106.88153383620909,sekolah
-7.2171319651380115,106.8867275205743,sekolah
-6.463595775069783,106.79648584238377,sekolah
-6.243556541056011,107.06456046835142,sekolah
-6.243551164383913,107.06454536771729,sekolah
-6.316619749215216,106.6815571631327,sekolah
-6.317627815658375,106.6781816372037,sekolah
-6.317732753046378,106.67786264626115,sekolah
-6.320122320194737,106.6789394564186,sekolah
-6.31423028431647,106.68712200517051,sekolah
-6.312828950163011,106.6858276735715,sekolah
-6.312677383312566,106.68124573416151,sekolah
-6.3143773188017445,106.68202542646459,sekolah
-6.315042365874876,106.68316008922348,sekolah
-6.3150688925717136,106.6859131403288,sekolah
-6.241304461422488,106.60661413306129,sekolah
-6.255384009007772,106.61839304769133,sekolah
-7.3259423165529,108.34312989755554,sekolah
-7.326050992030954,108.3450261688924,sekolah
-7.321006365049365,108.34700531627743,sekolah
-7.321525963839269,108.34514212968406,sekolah
-7.324979084645874,108.352434824439,sekolah
-6.469432447786756,106.584750118662,sekolah
-7.328666962450694,108.35407166742256,sekolah
-7.332149976625223,108.35197858351343,sekolah
-7.3305157956933895,108.35511594724474,sekolah
-6.2349069005980295,106.62651866294534,sekolah
-6.293685057854456,106.69134733634561,sekolah
-7.337396935338449,108.34119767634407,sekolah
-7.322121071141245,108.34766011847692,sekolah
-7.324695421039463,108.34749424080898,sekolah
-7.3297442551786895,108.34469782902401,sekolah
-7.328385005135727,108.3447680971891,sekolah
-6.239452299510298,107.07956580435292,sekolah
-6.893786271979782,107.69708012892711,sekolah
-6.93997555,107.65346625,sekolah
-6.925953225309423,107.60034219421112,sekolah
-6.925670363784155,107.60133794836233,sekolah
-6.9240526,107.59625965,sekolah
-6.939874295835912,107.60451828075175,sekolah
-6.924049460400564,107.60088347889985,sekolah
-6.931897006168639,107.60251076165878,sekolah
-6.925587567090797,107.6009447396051,sekolah
-6.940605417585884,107.64492846579626,sekolah
-6.923645918141233,107.71320137810818,sekolah
-6.92272005354955,107.71991244390863,sekolah
-6.293972503759527,106.73635071710406,sekolah
-6.920522272964533,107.60003129747447,sekolah
-6.944019121370851,107.60295075158356,sekolah
-6.92162504461804,107.59236509980512,sekolah
-6.923046581206256,107.72625823821595,sekolah
-6.90781945,107.7246033,sekolah
-6.909270145166413,107.72278609809212,sekolah
-6.907220018096744,107.72768824347354,sekolah
-6.922428422032223,107.65212012135416,sekolah
-6.929943816736366,107.6494442161113,sekolah
-6.918954049999999,107.7160875,sekolah
-6.915715199999999,107.72030874999997,sekolah
-6.94844725,107.60881079999999,sekolah
-6.933422473121768,107.65450314371031,sekolah
-6.9222651714333425,107.65219583068485,sekolah
-6.9332369661889715,107.64517547086677,sekolah
-6.943042236953366,107.64325368640007,sekolah
-6.941985443411481,107.64572852686742,sekolah
-6.9408908,107.64653165,sekolah
-7.699082290811861,108.49854725347888,sekolah
-7.302504857905286,108.43472582725464,sekolah
-7.302714501048315,108.43480445825718,sekolah
-7.32329577831931,108.38207798694378,sekolah
-7.3277268264224595,108.35771391197038,sekolah
-6.290582685046149,107.00868766583868,sekolah
-6.2429800281704155,106.75256251537768,sekolah
-6.940325402396737,107.6803790041643,sekolah
-6.2402384466065195,106.75181337377943,sekolah
-6.296288571940689,106.65904348176421,sekolah
-6.282694861027986,106.64245504709884,sekolah
-6.286633053516297,106.65208905806661,sekolah
-6.287009352074529,106.65291652668795,sekolah
-6.274472497925465,106.98031115801281,sekolah
-6.860811811086188,107.51474997706151,sekolah
-7.68101278136424,108.56951555317276,sekolah
-6.354223808788622,106.68726591381787,sekolah
-7.338414816089285,108.3410854796224,sekolah
-7.3241205752468606,108.3340169215448,sekolah
-7.32387898580419,108.35630067745991,sekolah
-7.329365562348359,108.34561651892838,sekolah
-7.325466458672054,108.33765344316764,sekolah
-7.319886615713334,108.31918520700263,sekolah
-7.322238027276265,108.32547659907999,sekolah
-7.32246099682806,108.32593440407038,sekolah
-7.316906759706188,108.31880038156653,sekolah
-7.333582703914388,108.32228217125727,sekolah
-7.335593200961267,108.32717840385791,sekolah
-7.328308660908964,108.31984070928385,sekolah
-7.32894777480195,108.31982084755812,sekolah
-7.319576476614752,108.34997475511031,sekolah
-7.3153160962286075,108.29802563252879,sekolah
-7.327133220866599,108.33577888379038,sekolah
-7.327278037767857,108.33621881207522,sekolah
-7.329605553932669,108.32506076593273,sekolah
-6.880109572587228,106.95515725468168,sekolah
-6.880035078049194,106.95481169198449,sekolah
-6.8803402946629175,106.95512845070688,sekolah
-6.880414917406808,106.95454518232779,sekolah
-6.880000541074148,106.9545909129549,sekolah
-6.171821608552817,106.59278095130863,sekolah
-6.1714029844401885,106.5833986314443,sekolah
-6.171322109773778,106.59400838182503,sekolah
-7.242957434137835,108.22078894240065,sekolah
-7.242999718821312,108.22058562201691,sekolah
-7.243082791840149,108.22023091022618,sekolah
-6.8664366928754585,108.62880207274816,sekolah
-6.778927860662045,108.32924783957412,sekolah
-6.869253377107271,107.46795049605608,sekolah
-6.869182759230589,107.46639497583433,sekolah
-6.1382013740191805,106.53414109376256,sekolah
-6.938360050522394,107.64049426997768,sekolah
-6.959482450000001,107.694703,sekolah
-6.838026724496142,107.12698121560771,sekolah
-6.838251255238912,107.12746008964925,sekolah
-6.278030812303168,106.97575360379581,sekolah
-6.729347277498949,108.4720514539002,sekolah
-7.32591282674996,108.34953590087501,sekolah
-7.325181490831859,108.35870483855777,sekolah
-6.178886531735261,106.97598507189232,sekolah
-6.196478153504195,106.97318601580167,sekolah
-7.316905874900592,108.3805717977274,sekolah
-7.31337611692652,108.38182532251543,sekolah
-6.266821719889382,106.98456771720527,sekolah
-6.177702102219923,106.97357160473176,sekolah
-6.27294196629414,106.96181050440211,sekolah
-6.273028063472325,106.96147273787375,sekolah
-6.30936988783557,107.34644832067178,sekolah
-6.28443609743253,107.28586466360781,sekolah
-6.336265495188412,107.34743276772527,sekolah
-6.328290449754467,107.35161233035767,sekolah
-6.25500666084323,107.002975220061,sekolah
-7.388030042454209,108.6748848608796,sekolah
-7.1865711046758385,108.36229159590849,sekolah
-7.370785713681575,108.46356532914399,sekolah
-7.195664386028184,108.20054842492229,sekolah
-7.350045945709909,108.51044366379783,sekolah
-7.2073614357402045,108.50217400552155,sekolah
-7.315134065582847,108.35773216026968,sekolah
-7.325778195448783,108.37265367527161,sekolah
-7.325777336549791,108.37247472132425,sekolah
-7.323731465425518,108.34583020585752,sekolah
-6.264123818334686,106.65608541578605,sekolah
-6.349052148090883,106.96230584824609,sekolah
-6.237366838675616,106.98207193752322,sekolah
-6.289675892539482,107.17029904888227,sekolah
-6.371700411515272,106.94761409636867,sekolah
-6.314880658222483,107.33831579023598,sekolah
-6.350195313064398,107.32897281431976,sekolah
-6.330401899702925,107.3497285695886,sekolah
-6.280822627284279,106.96170830439476,sekolah
-6.280822627284279,106.96170830439476,sekolah
-6.2646331047590476,106.9616769620692,sekolah
-6.345343001099081,107.18684042991414,sekolah
-6.315513901645389,107.00931829668613,sekolah
-6.300678219020413,107.30025002789056,sekolah
-6.30396172184569,107.30657499727481,sekolah
-6.252491359738794,106.96148150836007,sekolah
-6.123326419659727,106.80004401466563,sekolah
-7.327667261073394,108.34383070091349,sekolah
-7.340025464256089,108.33662568621759,sekolah
-7.321434223103723,108.35638854195213,sekolah
-7.325092127171639,108.33049070048733,sekolah
-7.339365634947412,108.36924163136811,sekolah
-7.339314130755849,108.36985852805344,sekolah
-7.339577347656198,108.36987008860939,sekolah
-6.127769357326211,106.85876705551253,sekolah
-6.1282652663487625,106.85879214657001,sekolah
-6.128805428159306,106.85868378916742,sekolah
-6.261217226357482,106.96856894361136,sekolah
-6.960818361215036,107.7020616785997,sekolah
-6.957476127039788,107.7076875094596,sekolah
-6.296364436383986,107.30235840878468,sekolah
-6.2058026164724325,107.00383347364355,sekolah
-6.205324718700881,107.00367894129553,sekolah
-7.324086251177031,108.38406166637165,sekolah
-7.324169829619903,108.38323902908114,sekolah
-7.349275756673418,108.42937094480334,sekolah
-7.347523120223999,108.45233778085374,sekolah
-7.34677624890516,108.4345825378367,sekolah
-7.32531395005063,108.38008850457423,sekolah
-7.326687476063542,108.38047896068666,sekolah
-7.326708503172528,108.38167838347523,sekolah
-7.326993227228822,108.38171864659473,sekolah
-7.327259794781115,108.38211189577828,sekolah
-6.966706763704141,107.66557383007863,sekolah
-6.263898733608513,106.95116295118136,sekolah
-6.29336034124878,107.26905143086064,sekolah
-7.334208147545335,108.54245501604501,sekolah
-7.335729732019808,108.51483002322168,sekolah
-7.326289513151848,108.52027683052121,sekolah
-7.305805586718249,108.49998582696432,sekolah
-7.28386267480849,108.49775279186727,sekolah
-7.317211043485494,108.46709855700826,sekolah
-7.334682094886953,108.50628510995215,sekolah
-7.283379708965429,108.52065847469056,sekolah
-7.290254059168529,108.52718427254284,sekolah
-7.318712125159794,108.50562395394691,sekolah
-7.295350746771334,108.53060972646216,sekolah
-7.293815177619892,108.49908411355959,sekolah
-7.34361768565185,108.51227691594462,sekolah
-7.346713116997321,108.53018534763339,sekolah
-7.343536937716843,108.51663525694265,sekolah
-7.34304553410452,108.52313098455996,sekolah
-7.309022566817814,108.55173077041962,sekolah
-7.3011545028409985,108.55519272824998,sekolah
-7.292623400470131,108.5510200677645,sekolah
-7.292956470000231,108.55019830039835,sekolah
-7.354767812852215,108.5165511790999,sekolah
-7.344987366951043,108.50021971224194,sekolah
-7.349133304397524,108.52313754018517,sekolah
-7.346646045422299,108.51615508418288,sekolah
-7.345252026762826,108.51683073285108,sekolah
-6.2670089889752525,106.95050797407796,sekolah
-6.265977792473755,106.95044574176455,sekolah
-6.257612898625958,106.97767356369735,sekolah
-6.283177806598347,106.93163097428153,sekolah
-6.243900253902842,106.97630631583084,sekolah
-6.848735233652934,108.60619779979217,sekolah
-6.237168974067079,106.97813518237987,sekolah
-6.236696655549144,106.97819977875587,sekolah
-6.236358976084779,106.97829737074748,sekolah
-6.244501495748033,106.97591815942148,sekolah
-6.844386144543811,108.62020297571785,sekolah
-6.203748673775467,106.81785683031235,sekolah
-6.868399374872149,108.5831478929082,sekolah
-6.865509326227887,107.60607638478257,sekolah
-6.3123576552254494,106.69145398537471,sekolah
-6.31205060994311,106.69237560016533,sekolah
-6.311612911703753,106.69540211403405,sekolah
-6.291450125786355,106.7302882380795,sekolah
-6.313632680268235,106.71702591664038,sekolah
-6.277388038126028,106.69735230129847,sekolah
-6.277129808918351,106.69693687968127,sekolah
-6.277362045873716,106.69692225622055,sekolah
-6.281124289955171,106.70275730433868,sekolah
-6.280416547894023,106.6958448525189,sekolah
-6.921358748773296,107.67172479134643,sekolah
-6.338065461133811,106.68646650401965,sekolah
-6.347348002461011,106.69787332633078,sekolah
-6.328166168771705,106.63255885361703,sekolah
-6.3366232776107605,106.63668034053158,sekolah
-6.338412321411019,106.64572868203886,sekolah
-7.196637390828154,108.50791214050805,sekolah
-7.1974604860015,108.50310477412759,sekolah
-6.274193853949473,106.98152851959699,sekolah
-6.813921767404854,108.61791730175082,sekolah
-6.282383150728323,106.91252766668714,sekolah
-6.282068651175973,106.91272535760301,sekolah
-6.244731256025818,106.64180797703126,sekolah
-6.244425706954406,106.64208460066882,sekolah
-6.400266238035246,106.9479227934737,sekolah
-6.537123705190119,106.70575163417736,sekolah
-6.124581713999639,106.95187511670022,sekolah
-6.48020998690874,108.35633508020786,sekolah
-6.340746612561623,106.70215227394604,sekolah
-6.21632744797084,106.99337025153905,sekolah
-7.135784014322699,108.26940046040983,sekolah
-7.135562316161084,108.26946607555963,sekolah
-7.135626679270354,108.26914174787585,sekolah
-7.147627034334746,108.2844943377456,sekolah
-7.202865617057068,108.49200314636595,sekolah
-7.199515489003049,108.50880122138547,sekolah
-7.197690137637639,108.50700857027331,sekolah
-7.19317718374775,108.50017898032753,sekolah
-7.193485285335207,108.5006090069239,sekolah
-7.195567417836287,108.50267252745309,sekolah
-6.912517803693944,107.61504439837395,sekolah
-6.912404798078232,107.61554527087206,sekolah
-6.292250732241914,106.69568460339603,sekolah
-6.291615900897532,106.70788263131455,sekolah
-6.291206629971796,106.707809816522,sekolah
-6.290890861263573,106.69670325501323,sekolah
-6.294646877246972,106.69636388192544,sekolah
-6.290318022722279,106.70419483497214,sekolah
-6.297941486707925,106.70665247219681,sekolah
-6.2944309036041615,106.70815561919264,sekolah
-6.273760899268136,106.69217271665912,sekolah
-6.3088121818666,106.68513749974333,sekolah
-7.502744614225468,108.42171577699051,sekolah
-6.8506661137051745,108.60163628308052,sekolah
-6.239483681393085,107.05152834060026,sekolah
-6.323282601617525,106.85206021631745,sekolah
-6.2835700732833635,106.69513893852942,sekolah
-6.255118699409642,106.67337649280883,sekolah
-6.297430743535218,106.68971452819395,sekolah
-7.2022343413082535,107.89054212181249,sekolah
-7.200165826025694,107.96271868031157,sekolah
-6.197955030332112,107.17219998950371,sekolah
-7.162950026157935,108.00826047309074,sekolah
-7.161858190113293,108.00862367765316,sekolah
-6.259029033221732,106.58991661111759,sekolah
-6.257679978607723,106.5779829973448,sekolah
-6.251936625539827,106.66488974430636,sekolah
-6.256513872078852,106.6614974899391,sekolah
-6.256600913066951,106.66200251938083,sekolah
-6.279667184883798,106.67291121871602,sekolah
-6.279370303819983,106.67066600990177,sekolah
-6.994678089066798,107.71421799917836,sekolah
-7.03988499897125,107.71114574231522,sekolah
-7.081550628550729,107.70731499368974,sekolah
-7.090307890473825,107.70639907688616,sekolah
-7.114878639876316,107.70135157097774,sekolah
-7.163335817804618,107.69039493118774,sekolah
-7.1605312339020655,107.6906091452678,sekolah
-7.154379948570691,107.69845257640355,sekolah
-7.155011936186105,107.69827082860779,sekolah
-6.364210245035041,106.95716872954412,sekolah
-6.244006316349257,106.9878038445996,sekolah
-6.455068658454894,106.975422847293,sekolah
-6.405673871355984,106.93968741902282,sekolah
-6.4070790673904705,106.93989236145953,sekolah
-7.3102680610841135,108.31006377522567,sekolah
-7.312444790615406,108.31010091602775,sekolah
-7.311065679834536,108.30959994421255,sekolah
-7.3100303682542105,108.30973910196026,sekolah
-7.31772270563215,108.31030414893954,sekolah
-7.214040334434903,107.78614499485708,sekolah
-7.219519040324977,107.81128890449573,sekolah
-7.225747525134948,107.8180033969379,sekolah
-7.219996168547182,107.80883134470425,sekolah
-7.224419030005135,107.83400901818163,sekolah
-6.592706021687781,106.7724463542134,sekolah
-7.319803561726601,108.33924982365427,sekolah
-7.318287992602055,108.31494854104722,sekolah
-7.310241882927982,108.30982829289248,sekolah
-7.0567120156396275,107.49426317213384,sekolah
-6.7902838084305195,108.61776611990915,sekolah
-6.8160546816768885,108.61596964658321,sekolah
-6.222579244935731,107.00204879927712,sekolah
-6.221027214691312,107.00198459041995,sekolah
-6.303733689919375,106.45656628485355,sekolah
-6.297509859413082,106.44796221409372,sekolah
-6.296769282512248,106.44804936784556,sekolah
-6.245940333116048,107.0080986884313,sekolah
-7.472261185542462,107.35051972584327,sekolah
-7.492050775236644,107.33894534804338,sekolah
-7.487443967129102,107.34598653979677,sekolah
-6.666346086241068,106.68682971539116,sekolah
-7.2849572381953,107.35863939372578,sekolah
-7.331237888375289,107.32853477302808,sekolah
-6.2786606454360125,106.82746895473431,sekolah
-7.397447477954697,106.89782886802331,sekolah
-7.418510645683133,106.9013407635306,sekolah
-7.3938964747678035,106.8227220746979,sekolah
-7.409810667979493,106.9852122068086,sekolah
-7.421828548958954,107.05893254981241,sekolah
-7.445513519744609,107.09875232870445,sekolah
-7.452050297480302,107.13836720361851,sekolah
-7.467693957004064,107.18473844558426,sekolah
-7.467406010732707,107.18433411719808,sekolah
-7.4660882294428745,107.16894056705574,sekolah
-7.480650097430021,107.22754532916638,sekolah
-7.487302623417416,107.25359388799025,sekolah
-7.437186017281658,107.13839753651934,sekolah
-7.425416399654564,107.15214007412554,sekolah
-7.4086095047260905,107.15944139415237,sekolah
-7.416363911591295,107.16085393870486,sekolah
-7.422147381882259,107.1544019140191,sekolah
-7.320243533100812,107.12929980901129,sekolah
-7.311533021586813,107.1266249073143,sekolah
-7.31210833153661,107.12769322779722,sekolah
-7.267468967203395,107.1208793937034,sekolah
-6.9484979853072195,107.65254535726038,sekolah
-7.226488027961251,107.12032064361132,sekolah
-7.226461586657009,107.11999398045855,sekolah
-6.833270566853859,108.2178759581994,sekolah
-7.189423600778875,107.14699176173406,sekolah
-7.211403747842441,107.13982791750988,sekolah
-7.098065733730858,107.13018399929439,sekolah
-7.177496995044862,107.13541601002015,sekolah
-7.090991341457907,107.13602493737501,sekolah
-7.090991341457907,107.13602493737501,sekolah
-6.17999185558296,106.65877762892177,sekolah
-7.088326502568111,107.1408360999565,sekolah
-7.088436626127562,107.13836890301839,sekolah
-7.02199318904579,107.13583535445653,sekolah
-7.015032174328785,107.13970160637027,sekolah
-6.997650856430106,107.13926191502195,sekolah
-6.296396719391543,106.48431969994087,sekolah
-6.28777479580394,106.48211357322118,sekolah
-6.29244044170368,106.4722581070886,sekolah
-6.301115244101946,106.47757220327283,sekolah
-6.911857606219234,107.12538819183499,sekolah
-6.9056481871740925,107.12258976061626,sekolah
-6.870585331936943,107.12615817061311,sekolah
-6.847566618829335,107.13677833599091,sekolah
-6.848502094597337,107.1365923110574,sekolah
-6.849892647005781,107.13406321468182,sekolah
-6.849892647005781,107.13406321468182,sekolah
-7.136943572008856,108.27417741141453,sekolah
-6.854765086754772,107.13145257859084,sekolah
-6.851896842369138,107.12958885876475,sekolah
-6.56979021045616,106.74005973527662,sekolah
-6.570141054394141,106.74432919905887,sekolah
-6.570703035920882,106.74292230085534,sekolah
-6.572549756717059,106.75048852032091,sekolah
-6.575783623710878,106.73108300557249,sekolah
-6.576329389236173,106.73197772189069,sekolah
-6.566009400000002,106.76004745,sekolah
-6.571769585780855,106.7588342948961,sekolah
-6.568727619241141,106.74104027995905,sekolah
-6.555698290367364,106.74651817657013,sekolah
-6.553697568703139,106.72886529655268,sekolah
-6.557748720768822,106.73490334784968,sekolah
-6.558305014213533,106.73511546274446,sekolah
-6.556389217403657,106.73722969942507,sekolah
-6.562677533361897,106.73189962285605,sekolah
-6.575033873063988,106.73472397582337,sekolah
-6.582409135559954,106.73267644965819,sekolah
-6.577721399029081,106.73666875944961,sekolah
-6.577373939875076,106.73991475578806,sekolah
-6.581649900753883,106.7464180966567,sekolah
-6.581810409690971,106.74656791430932,sekolah
-6.581192650000002,106.74674720000002,sekolah
-6.587200573700864,106.7353477026721,sekolah
-6.587160126728992,106.72535147357885,sekolah
-6.578744600000001,106.72998325,sekolah
-6.578820370495099,106.73025082161637,sekolah
-6.560908628014777,106.71924216003575,sekolah
-6.5542520569316185,106.71375300144562,sekolah
-6.56507837124365,106.72220997343601,sekolah
-6.5704296353850875,106.72684886635574,sekolah
-6.571606255676353,106.72493322119219,sekolah
-6.579178186406361,106.72003162082784,sekolah
-6.582522248877966,106.71716705872603,sekolah
-6.763808905589979,107.1930411918168,sekolah
-6.754500827827065,107.19645222407775,sekolah
-6.751658327005774,107.19648169373124,sekolah
-6.561635599999998,106.7514458,sekolah
-6.5616972477575475,106.7525977599642,sekolah
-6.545802104700972,106.73997818634906,sekolah
-6.5443586,106.72880160000001,sekolah
-6.543403615583835,106.7244495835299,sekolah
-6.542312863508821,106.72713279416124,sekolah
-6.545237922709419,106.72455819985126,sekolah
-6.545122808065235,106.72499307954264,sekolah
-6.575590965521301,106.75705709622675,sekolah
-6.575922480780331,106.75763155643594,sekolah
-6.579169550439346,106.75431956557438,sekolah
-6.579214711042074,106.75132987755556,sekolah
-6.589512956942018,106.76133763111652,sekolah
-6.973362527231587,107.62657871238109,sekolah
-6.9724666686188295,107.62455809915366,sekolah
-6.580166269221777,106.76342676507124,sekolah
-6.566187100240063,106.76874548554697,sekolah
-6.566971999492337,106.7686843735059,sekolah
-6.583266315711405,106.76791351788056,sekolah
-6.582500965509274,106.76857834716162,sekolah
-6.57701532042424,106.77001616137763,sekolah
-6.598453979111643,106.76256868014926,sekolah
-6.601180733074671,106.75941025830991,sekolah
-6.6042064179633115,106.74923688159785,sekolah
-6.604167800000001,106.74991985000001,sekolah
-6.601511633425288,106.74148448364926,sekolah
-6.595266822426725,106.74493289890687,sekolah
-6.597092121211666,106.75662630293172,sekolah
-6.613307132333931,106.7511934909833,sekolah
-6.600479820687563,106.75426806700624,sekolah
-6.564392662208592,106.75711099458726,sekolah
-6.557760200000001,106.7621917,sekolah
-6.553877112194111,106.76099958086077,sekolah
-6.541832552552823,106.74629018376164,sekolah
-6.537817745706982,106.72611170897909,sekolah
-6.542660177655956,106.71724700626481,sekolah
-6.542487424996024,106.71659201049629,sekolah
-6.542239854880715,106.71475257489065,sekolah
-6.542239854880715,106.71475257489065,sekolah
-6.543817307215771,106.69348954040922,sekolah
-6.555129146012253,106.69554639103666,sekolah
-6.554866922734394,106.69559415380192,sekolah
-6.316711263502513,106.94171695437397,sekolah
-6.548491605614751,106.70604781323382,sekolah
-6.552546063551255,106.6976376386063,sekolah
-6.552819788254597,106.69777045479927,sekolah
-6.553243884419907,106.69739486035357,sekolah
-6.5591302,106.69453465,sekolah
-6.55748734946484,106.6950917008541,sekolah
-6.556266696520707,106.69508984466408,sekolah
-6.556342705954069,106.69473958975665,sekolah
-6.559812366426873,106.6972781531446,sekolah
-6.568520032862206,106.69350657249552,sekolah
-6.567345680729386,106.69235528783206,sekolah
-6.5739956737266505,106.68855966065314,sekolah
-6.574305949346078,106.6891598894292,sekolah
-6.574609333207398,106.68823680925614,sekolah
-6.5748699249773095,106.68854319281729,sekolah
-6.569877850517672,106.70139251746856,sekolah
-6.559126486172784,106.70202758949686,sekolah
-6.573814307616079,106.69988638697858,sekolah
-6.578942880218313,106.70098385332834,sekolah
-6.56740805,106.70687054999999,sekolah
-6.567184865677775,106.70679962010749,sekolah
-6.564663518594606,106.70289030967069,sekolah
-6.563519044527747,106.70584822422178,sekolah
-6.578177408453304,106.7064750449477,sekolah
-6.5562742499999995,106.76648540000001,sekolah
-6.552788649969113,106.76432005050678,sekolah
-6.553927951438846,106.76377401512428,sekolah
-6.5536898169498095,106.76353190020197,sekolah
-6.5526308866392124,106.76872922726837,sekolah
-6.548755549999999,106.7623539,sekolah
-6.574881950931751,106.77896937190565,sekolah
-6.574948484523682,106.77867830062588,sekolah
-6.569795689906944,106.77151182036349,sekolah
-6.569885451467334,106.771090052819,sekolah
-6.572720183670525,106.77222317195825,sekolah
-6.595785542653065,106.78645668679064,sekolah
-6.5960270124923,106.7865705535717,sekolah
-6.589468809899507,106.78578502750432,sekolah
-6.591987287769945,106.78061766185989,sekolah
-7.322926419397332,108.29683384481507,sekolah
-7.314395843805342,108.29918936907225,sekolah
-7.318077529351684,108.30518681453037,sekolah
-7.316876466428534,108.29512606375866,sekolah
-6.861067794868825,108.58672971113118,sekolah
-6.654884424346651,106.86213962552509,sekolah
-6.655083925647131,106.86237744835861,sekolah
-6.6551041316722275,106.8620738344773,sekolah
-6.651009912118137,106.89022946897892,sekolah
-6.650606659746783,106.89173442170502,sekolah
-6.5921025,106.7883774,sekolah
-6.583117349870966,106.78840107046747,sekolah
-6.279911598093412,106.6170835119048,sekolah
-6.279086694852964,106.61697946147808,sekolah
-6.5787142299504495,106.80850358912967,sekolah
-6.257164599999999,106.96196479999999,sekolah
-6.599650809613445,106.79117146706203,sekolah
-6.261247663357828,106.99672992956673,sekolah
-7.344192043490514,108.34384008138585,sekolah
-7.349980917840616,108.3544995187698,sekolah
-6.343401461458643,106.9501322292238,sekolah
-6.298115175497473,107.02320825621946,sekolah
-6.318806590835734,106.76815789227514,sekolah
-6.318188261220645,106.7679804927873,sekolah
-6.694861753273431,106.96926923561736,sekolah
-6.698748214547309,106.9703958193271,sekolah
-6.539921349600126,106.78211721837933,sekolah
-7.116009027501707,108.38035748823867,sekolah
-7.183117694623112,108.44017270827469,sekolah
-7.334208147545335,108.54245501604501,sekolah
-7.30264941804046,108.38041344183706,sekolah
-7.3023017202584635,108.38149241276103,sekolah
-6.359297566325633,106.99026867313265,sekolah
-6.556154981730179,106.6895805794891,sekolah
-6.558667914485156,106.68279360994002,sekolah
-6.561062514585965,106.68132770988576,sekolah
-6.564002732190321,106.6798973969312,sekolah
-6.565278965940242,106.68093711913573,sekolah
-6.566704799999999,106.67195435000001,sekolah
-6.566503368752495,106.67204179351977,sekolah
-6.603508893016528,106.78577121019646,sekolah
-6.603676599999999,106.78596244999999,sekolah
-6.62288315,106.811359,sekolah
-6.61893775537965,106.80648125796756,sekolah
-6.61905329917321,106.80653933397254,sekolah
-7.099241434850175,107.87552236115857,sekolah
-6.606405829958181,106.80790529997975,sekolah
-6.60542097004232,106.8070051573166,sekolah
-6.929909223294853,107.60648833951541,sekolah
-6.925576096851633,107.60768968781854,sekolah
-6.261633990696701,107.17924400816212,sekolah
-6.262670585223381,107.17703536831337,sekolah
-6.267049323214296,107.18306995929309,sekolah
-6.255024347384614,107.15612744435727,sekolah
-6.253641654113808,107.15695120920893,sekolah
-6.25412577721112,107.15672127724899,sekolah
-6.2482530115935715,107.15846052605328,sekolah
-6.2487321195433525,107.15915120209846,sekolah
-6.248677729696212,107.1582484099918,sekolah
-6.251262299837969,107.15558650611642,sekolah
-6.251533253191985,107.1558832388921,sekolah
-6.251625058513036,107.15638533653765,sekolah
-6.251958279549122,107.15713948016169,sekolah
-6.254153866587235,107.17507607843332,sekolah
-6.250233256923278,107.17644618034055,sekolah
-6.248928114785378,107.17831806709032,sekolah
-6.25788320109772,107.18368552724316,sekolah
-6.265170794004924,107.19025421934316,sekolah
-6.265660220728399,107.18651633729054,sekolah
-6.257013650596628,107.18849570713074,sekolah
-6.569782239269866,106.81036077603824,sekolah
-6.352874399543444,106.97771495259096,sekolah
-6.045276547257601,106.68975083172506,sekolah
-6.582935685032954,106.81619425469385,sekolah
-6.38179239220767,106.68014246235394,sekolah
-6.3848684661619135,106.69214529228108,sekolah
-6.373850944977354,106.67624469104369,sekolah
-6.376180723611555,106.68053567387646,sekolah
-6.374777273533632,106.67924722103463,sekolah
-6.375210695009403,106.68097700210815,sekolah
-6.369932817278682,106.6744872747776,sekolah
-6.2427553298358065,106.79739549529609,sekolah
-6.241632860908582,106.79688341270086,sekolah
-6.286936893688085,106.70879882307821,sekolah
-6.286575447165126,106.71549241438565,sekolah
-6.440978926118023,106.64068444839965,sekolah
-6.443030191245185,106.6402242482296,sekolah
-6.444019542994005,106.63927992570308,sekolah
-6.44375116856644,106.63949775102529,sekolah
-6.278151207231488,107.00079591156026,sekolah
-6.801683853939948,106.498806908918,sekolah
-6.495293165035782,106.58652421729876,sekolah
-6.489015765992215,106.59539265630164,sekolah
-6.894468225558402,106.78350304985045,sekolah
-6.235791391215487,106.6653596458846,sekolah
-6.601650750429381,106.58481385746192,sekolah
-6.346573435407854,106.43857799334972,sekolah
-6.346299661362995,106.437959671693,sekolah
-6.343269392518292,106.74118434706011,sekolah
-6.480588261365688,106.46444771286899,sekolah
-6.480262476429066,106.45887284820756,sekolah
-6.477058553421259,106.46733221213553,sekolah
-6.550488429349202,106.39788749047709,sekolah
-6.562234123584427,106.40575057756354,sekolah
-6.573785457397111,106.41474841369535,sekolah
-6.598224858159997,106.40977906466472,sekolah
-6.603890281309152,106.41046431421105,sekolah
-6.699625110895027,106.33661002952243,sekolah
-6.7016849804666,106.3330241527481,sekolah
-6.702095801304612,106.33131011653937,sekolah
-6.702628319251374,106.33749380138389,sekolah
-6.2723228340336945,107.06691711704319,sekolah
-6.2492971824540495,107.08142705661331,sekolah
-6.249298429022513,107.08141495538175,sekolah
-6.553371213406642,106.55380073152656,sekolah
-6.438371517508297,106.66013171339469,sekolah
-6.323357370642311,107.27810049701642,sekolah
-6.315559484235265,107.3036503889933,sekolah
-6.327572856288048,107.27900872841425,sekolah
-6.33514591680478,107.27692272618997,sekolah
-6.430616085696769,106.66464238979654,sekolah
-6.372251549850205,106.64354868754141,sekolah
-6.408463139483519,106.64148533775798,sekolah
-6.379367670308404,106.63274724080509,sekolah
-6.378793942031993,106.63305218835812,sekolah
-6.387191260548694,106.653514874043,sekolah
-6.38332696617838,106.65913631905003,sekolah
-6.384523999999999,106.66804535,sekolah
-6.298755070666433,106.58454227974487,sekolah
-6.29935238915031,106.58417664141497,sekolah
-6.344402869246379,106.67228443916775,sekolah
-6.509006713765322,106.6233673412859,sekolah
-6.457840506205007,106.66531618359146,sekolah
-6.447996036186421,106.51228632983258,sekolah
-6.499998094689523,106.61612479783184,sekolah
-7.086606417324738,107.46359188190955,sekolah
-6.899337100638,107.69098073902153,sekolah
-7.330822907513001,108.37069972716436,sekolah
-6.3026513574815,106.6893483120143,sekolah
-6.35080035,106.39367335,sekolah
-6.515437766297898,106.53373849604237,sekolah
-6.3897636393788355,106.63031026331674,sekolah
-6.389192386617402,106.63078131554323,sekolah
-6.460765264434097,106.64862873900262,sekolah
-6.431556202929116,106.66755901197016,sekolah
-6.357687627572064,107.18573505432279,sekolah
-6.35212297113121,107.18190090495776,sekolah
-6.254589760670821,107.11542681809404,sekolah
-6.251540246230641,107.12800550460484,sekolah
-6.255372455008833,107.11499159884659,sekolah
-6.3900811316395245,106.61302738684286,sekolah
-6.395921687800291,106.59551894084686,sekolah
-6.382887266927358,106.63138687999347,sekolah
-6.403054973677534,106.60447202362671,sekolah
-6.33858278962886,106.96479668592939,sekolah
-6.4194163230995205,106.6048099791342,sekolah
-6.400553597817108,106.5882619609003,sekolah
-6.422732899999999,106.6512548,sekolah
-6.82427726214669,107.13623137740977,sekolah
-6.504479807143838,106.65429629194458,sekolah
-6.503629895044322,106.65436867128695,sekolah
-6.4751257208123185,106.65801630273977,sekolah
-6.49126667864746,106.66533445232821,sekolah
-6.479250435553403,106.67487369483699,sekolah
-6.49896778863687,106.6686430292455,sekolah
-6.515152176020041,106.67644696229782,sekolah
-6.511825964514712,106.6734187251977,sekolah
-6.514449102587932,106.65297049196525,sekolah
-6.514987333276989,106.65164663456129,sekolah
-6.8178070755507,107.13115895421008,sekolah
-6.234938562828681,106.58226597019443,sekolah
-6.236098357577258,106.5926288546688,sekolah
-6.2580158500000005,106.96122430000001,sekolah
-7.187409021566759,107.6724583593814,sekolah
-7.187260564173796,107.67262985200722,sekolah
-7.204104872435561,107.66308276061403,sekolah
-7.184034176568219,107.68423718892294,sekolah
-7.211697799014993,107.6735967480045,sekolah
-7.211345134110897,107.67352190049817,sekolah
-7.208951747395598,107.66923160555504,sekolah
-7.208166029688552,107.66790499339479,sekolah
-7.230884294411205,107.64255556014396,sekolah
-7.231254100000002,107.64158935,sekolah
-7.231121755885105,107.64072891263426,sekolah
-7.233132957551211,107.6646324044705,sekolah
-6.335075371653202,107.3387308782104,sekolah
-6.327267981733599,107.34512009895944,sekolah
-6.325759997548717,107.34527766011199,sekolah
-6.325906211403114,107.27543184410875,sekolah
-6.323448504886982,107.27553694709756,sekolah
-7.270748429506179,106.83374255896837,sekolah
-7.268483079795668,106.83367308254691,sekolah
-7.24118012036081,106.8273125031667,sekolah
-7.232739590865008,108.53035023198845,sekolah
-6.643252380298781,108.41654989593846,sekolah
-6.644301175168976,108.41086903615076,sekolah
-6.646927353486166,108.40751025888254,sekolah
-6.662510949642258,108.43768828278706,sekolah
-6.658541056070597,108.4079318910754,sekolah
-6.258246328041163,106.97455298564594,sekolah
-6.643797626924209,108.41524017392409,sekolah
-6.608232518454721,108.38986436206677,sekolah
-6.653568674931936,108.40533062533255,sekolah
-6.61985667719667,108.3809929147258,sekolah
-6.375087062076722,106.67723270598826,sekolah
-6.660788184877588,108.42125823130309,sekolah
-6.608572240300482,108.38985741114331,sekolah
-6.652582646423546,108.41349717417738,sekolah
-6.257103618186796,106.97631506407141,sekolah
-6.264547143980471,107.05631653850384,sekolah
-6.212490243317764,107.04152107042694,sekolah
-6.386756596075279,106.66635665102795,sekolah
-6.388703881048174,106.67373934329378,sekolah
-6.3000409550970105,106.60391615642737,sekolah
-6.15068586149688,106.88552507032935,sekolah
-6.3019636949522955,106.6323968911612,sekolah
-6.317268785238563,106.9482384573043,sekolah
-6.274954089744888,106.52576262273344,sekolah
-6.265722149901353,106.51988036426268,sekolah
-6.289883333674253,106.86092612350217,sekolah
-6.155704119354987,106.86065069032955,sekolah
-6.19418213040657,106.70428963935586,sekolah
-6.322891915740384,106.69174980084807,sekolah
-6.304255641081303,106.7442138980981,sekolah
-6.300587628042255,106.74290802553236,sekolah
-6.164558532508699,106.6176709050436,sekolah
-6.165166309817236,106.61785007593573,sekolah
-6.164770114533453,106.61737133769718,sekolah
-6.165001269660855,106.61743427454807,sekolah
-6.165162325110885,106.61755680036124,sekolah
-6.165124183353322,106.61741284147995,sekolah
-7.315072353636329,108.3286526039666,sekolah
-6.736397555780985,108.53609881773508,sekolah
-6.17358331650864,107.18926791870493,sekolah
-6.171845768243959,107.17964027300243,sekolah
-6.1720626704160315,107.17981748097526,sekolah
-6.17154620669527,107.17993277610522,sekolah
-6.355742232880938,106.67747352270128,sekolah
-6.2782585510477835,107.17651603775151,sekolah
-6.280496987694786,107.16802242001404,sekolah
-6.280496987694786,107.16802242001404,sekolah
-6.283105746522027,107.16840227123852,sekolah
-6.283684450259605,107.16928836459192,sekolah
-6.283888455601745,107.16895257841765,sekolah
-6.27725514371584,106.68237136767294,sekolah
-6.2843393186527825,106.69393444588638,sekolah
-6.289709622426315,106.6925134666916,sekolah
-6.2536358626152895,106.56275958184695,sekolah
-6.255487059082711,106.56070115004874,sekolah
-6.25882944294164,106.56487172447491,sekolah
-6.25907615504702,106.56498512790736,sekolah
-6.282809584301697,106.56765268500885,sekolah
-6.283363562224279,106.56794900525283,sekolah
-6.282001096442776,106.56760316253268,sekolah
-6.282001096442776,106.56760316253268,sekolah
-6.247917703071187,106.98427066140836,sekolah
-6.24748648384245,106.98428827215423,sekolah
-7.3041002620954565,106.63614635176012,sekolah
-6.264985276489982,106.6094446803213,sekolah
-6.265079392748573,106.61402848390993,sekolah
-6.268878458755885,106.61359060128422,sekolah
-6.268163657658636,106.6123486831882,sekolah
-6.286942172038659,106.61330402809209,sekolah
-6.498795596359461,106.59524096202529,sekolah
-6.349991152722396,107.27094831525578,sekolah
-6.945402513559855,107.69900654149006,sekolah
-6.58004529465107,106.8933928012738,sekolah
-6.582255284470526,106.88986039352882,sekolah
-6.568790583656711,106.84639461574763,sekolah
-6.566685300978282,106.86776962946047,sekolah
-6.569994226264078,106.8664330287056,sekolah
-6.569278505359664,106.86601525303215,sekolah
-6.572385083602138,106.8644831264338,sekolah
-6.57179661253219,106.86659469053792,sekolah
-6.570115940894648,106.85626598690622,sekolah
-6.57008216906332,106.85678499630818,sekolah
-6.588651961244364,106.86958796220215,sekolah
-6.608949366586395,106.79418698156628,sekolah
-6.281744165545846,106.99822649753963,sekolah
-7.341731212792659,108.25123031373022,sekolah
-7.333538258437943,108.23683384230394,sekolah
-6.349495443747526,106.74706950841396,sekolah
-6.324017743532289,106.75284210429594,sekolah
-6.385341237374803,107.02643257715049,sekolah
-6.386052447845311,107.02800886972965,sekolah
-7.187186056356315,108.36911550987816,sekolah
-7.186503410694008,108.36905537702383,sekolah
-7.184720617050088,108.36948730361124,sekolah
-6.308160683521279,106.6492547988275,sekolah
-6.950380420766977,107.62588773747132,sekolah
-6.940674999183949,107.61044500624995,sekolah
-6.938230656266918,107.60340383744798,sekolah
-6.403940919047565,106.76397858701999,sekolah
-6.401887962837229,106.7628907490344,sekolah
-7.118621426423567,107.43309441403015,sekolah
-6.345822771278939,107.15738848278752,sekolah
-6.3464792361703894,107.15988965663445,sekolah
-6.161380790064184,106.6454673797209,sekolah
-6.1585302243374045,106.98752835101138,sekolah
-6.157659875149215,107.00582951522871,sekolah
-6.3050931429305255,107.07310667083733,sekolah
-6.3815124853807275,107.01709020711394,sekolah
-6.380603981214367,107.01775570908886,sekolah
-6.3507431238406,106.63850624891094,sekolah
-6.351501744952887,106.63848389829495,sekolah
-6.4080059979602995,107.00504760830765,sekolah
-6.400875007697053,106.99950795967926,sekolah
-6.400232935280152,106.99812564932375,sekolah
-6.407472527682591,107.05489069518192,sekolah
-6.037451724771717,106.68783098940634,sekolah
-6.916999024191659,107.59227746034023,sekolah
-6.9081854735216535,107.63042554734442,sekolah
-6.9119583356043135,107.63375830708725,sekolah
-6.913844561253149,107.63291214790712,sekolah
-6.9229136089131025,107.61869027799054,sekolah
-6.923896088549077,107.61940257290578,sekolah
-6.925427035522607,107.60679200720173,sekolah
-6.8245592107894835,107.61616161398223,sekolah
-6.913927290020511,107.61432978793329,sekolah
-6.911678692085651,107.59662787731673,sekolah
-6.9291432783302085,107.60597871841094,sekolah
-6.338780715273952,107.15022340510029,sekolah
-6.33127505,107.14476834999999,sekolah
-6.349155534040702,107.13857596582126,sekolah
-6.253964510391878,106.80675911911186,sekolah
-6.709318596851775,108.56171608372036,sekolah
-6.735936976716665,108.52957886503442,sekolah
-6.200359333022577,106.6278700999269,sekolah
-6.191835771571348,106.63237402562052,sekolah
-6.312666196932429,106.72014879987448,sekolah
-6.32919653642944,106.74561816445726,sekolah
-6.292237609606148,106.72007375538269,sekolah
-6.315847394386178,106.72119872598415,sekolah
-6.2980246,106.74751774999999,sekolah
-6.304057458613411,106.75549842253325,sekolah
-6.345598057957749,106.73642478443533,sekolah
-6.649256282932992,106.64642733641979,sekolah
-6.256412951516762,106.69710555964859,sekolah
-6.7293984226746755,108.53422602496744,sekolah
-6.721707606682154,108.57394969494675,sekolah
-7.6480315971733805,107.74060965378729,sekolah
-6.335649396846646,106.45723162642076,sekolah
-6.336956029250664,106.46465414453311,sekolah
-6.328541362478598,106.45407926333871,sekolah
-6.333858585018548,106.444580403651,sekolah
-6.3330260412792825,106.4440783990364,sekolah
-6.3275545373466295,106.46346943807468,sekolah
-6.32732305842346,106.46332236889036,sekolah
-6.327100421782425,106.46631901077546,sekolah
-6.729851420284651,108.54671107649486,sekolah
-6.741956683536977,108.52960359815317,sekolah
-6.934133600370401,107.72116801982622,sekolah
-6.975666703621477,107.6502018191125,sekolah
-6.338187199999999,106.47590425000001,sekolah
-6.227024806242102,106.95037442167029,sekolah
-6.735547112263676,108.5319437740239,sekolah
-6.484147238587743,106.75823854104095,sekolah
-6.7419613893649295,108.52450180142046,sekolah
-6.743286503162215,108.52282764944313,sekolah
-6.834500007531858,107.5712143298425,sekolah
-6.849720026416311,107.5733259150077,sekolah
-6.915327105374653,107.59011388602205,sekolah
-6.9148785663415335,107.58958915363579,sekolah
-6.735476482218886,108.5324964329889,sekolah
-6.73482531571411,108.53650196172552,sekolah
-6.262166292804879,106.53348969077744,sekolah
-6.266478359997382,106.53404305804904,sekolah
-7.004593496413702,107.6226856779998,sekolah
-7.002290148939589,107.62430703639933,sekolah
-7.002281425573062,107.62350103117761,sekolah
-7.001926950465009,107.62264853113406,sekolah
-7.002486169338638,107.62257672206752,sekolah
-7.001017274339843,107.62275091221619,sekolah
-6.998845581242724,107.62361717174146,sekolah
-6.938230841262701,107.65682891131235,sekolah
-6.939246507287146,107.6567104623787,sekolah
-6.321975089949446,106.44827474051492,sekolah
-6.723562291402548,108.54915918299716,sekolah
-6.71670808650144,108.54974218034232,sekolah
-6.30755237109937,106.57000611965204,sekolah
-6.7096398819426915,108.55142000235674,sekolah
-6.711074487019685,108.55153914251504,sekolah
-6.710318387378441,108.55150337433253,sekolah
-6.7114232875446875,108.55600937991211,sekolah
-6.710465620334524,108.55274259714851,sekolah
-6.708364440022004,108.55851073979903,sekolah
-6.707929444916185,108.55941365737604,sekolah
-6.713242810448075,108.56012814482092,sekolah
-6.713620068167236,108.5597396551559,sekolah
-6.721582691036285,108.54625939854076,sekolah
-6.737774785314893,108.54907728115263,sekolah
-6.888443978959077,107.62540629987845,sekolah
-6.904014504804944,107.62237504262743,sekolah
-6.942134213965238,107.57513968605467,sekolah
-6.7381216726203235,108.54393492905928,sekolah
-7.019064627336966,107.59693848292527,sekolah
-6.746623847112665,108.52807384017915,sekolah
-6.7475623683528,108.52885926279122,sekolah
-6.747554415734586,108.52966058550018,sekolah
-6.221163169633862,106.83760084901826,sekolah
-6.222253046746513,106.83800217600694,sekolah
-6.221751074710922,106.83784363719236,sekolah
-6.85939669985923,107.57824778153186,sekolah
-6.173118340102351,106.96266548101278,sekolah
-6.160315033576337,106.95591915191622,sekolah
-6.152489369975718,106.99665251270194,sekolah
-6.732149487900299,108.549523036019,sekolah
-6.959234374058096,107.70714529954861,sekolah
-6.181641604253639,106.96973669789261,sekolah
-7.163622881912728,108.00831011915247,sekolah
-6.761043249912422,108.31882596208114,sekolah
-6.286866707771198,107.07716796300454,sekolah
-7.4232482793082974,106.71963169394286,sekolah
-7.422420409181564,106.72516381898322,sekolah
-7.425116762300605,106.73763024951143,sekolah
-7.425412000257213,106.743734029193,sekolah
-6.747818923202361,108.31297546032634,sekolah
-7.356792149597216,106.66014413722154,sekolah
-7.412396393245991,106.70008500895227,sekolah
-7.336994207969868,106.58227875570073,sekolah
-7.348885098661148,106.60385756300158,sekolah
-7.348822204410701,106.60318672067832,sekolah
-7.348003773384856,106.60256928988923,sekolah
-7.348646874521307,106.61651638620705,sekolah
-7.332522661044828,106.57369910364395,sekolah
-7.258793242827139,106.6274827922189,sekolah
-7.310622869014979,106.59799008536363,sekolah
-7.3098442106885795,106.59825655218715,sekolah
-7.3037892978783026,106.6067097903154,sekolah
-7.548360288822659,107.54509073254434,sekolah
-7.537615995529702,107.51210807710059,sekolah
-7.541567535143574,107.52745465690292,sekolah
-7.493133002329463,107.42011026747029,sekolah
-7.493312880399687,107.42074291466429,sekolah
-6.296045368790364,107.0014742600709,sekolah
-7.335117038386462,108.38378504256912,sekolah
-7.334799791775377,108.3843378960112,sekolah
-7.33441614667135,108.38536671834727,sekolah
-6.908339313611431,107.08774122408238,sekolah
-6.946767398363763,107.67660344916855,sekolah
-7.6224988931026,107.67607621849181,sekolah
-7.642116725883172,107.68854258823208,sekolah
-7.647162565052476,107.71404499948977,sekolah
-7.647324467913126,107.71441748838929,sekolah
-7.492205085960055,107.36208032933706,sekolah
-6.571817896478307,107.85724348089767,sekolah
-6.297468458431031,107.00145066559612,sekolah
-7.337102509411596,106.4123318973898,sekolah
-6.95614789718501,106.90591531770039,sekolah
-6.958559454786263,106.89695180529225,sekolah
-6.971220935803672,106.8647879858814,sekolah
-6.9730624022201235,106.82439609027313,sekolah
-6.9630465364914285,106.79989860401683,sekolah
-6.963772160494539,106.79974591120755,sekolah
-6.962747801111581,106.79732147006602,sekolah
-6.734184525260658,108.5276293671178,sekolah
-6.740496677746252,108.53781610408863,sekolah
-6.744284952947311,108.5345402251018,sekolah
-6.736889350383549,108.53386187001004,sekolah
-6.7306399500000005,108.55965390000001,sekolah
-6.731236794876584,108.55967186801125,sekolah
-6.730651104656046,108.56044190328946,sekolah
-6.717699636075351,108.55653012947289,sekolah
-6.737379187305087,108.55395198490258,sekolah
-6.732935262218933,108.54856123035742,sekolah
-6.7349516603022686,108.5508116570384,sekolah
-6.719592646840638,108.55222599159484,sekolah
-6.9124853,107.58040815000001,sekolah
-6.741407554662598,108.53141290092823,sekolah
-6.741799975467473,108.52240489940596,sekolah
-6.721490056119602,108.55670076437295,sekolah
-6.734747172005409,108.55823563879242,sekolah
-6.735035386886476,108.5546094836693,sekolah
-6.726390666139293,108.55461715556672,sekolah
-6.7247549,108.55671885000001,sekolah
-6.7176608425326,108.5549407266605,sekolah
-6.734841351557423,108.54633692317978,sekolah
-6.19382974467692,106.68507430091802,sekolah
-7.130642102521468,106.74276619191498,sekolah
-7.146283968354384,106.74975353391615,sekolah
-7.166741026689873,106.8776138415649,sekolah
-6.2993213781743815,106.61004694680588,sekolah
-6.265730586023318,106.61936638756085,sekolah
-6.930637258468158,107.61315081749513,sekolah
-6.704317148749001,108.54843948588291,sekolah
-6.703516397054965,108.54809001321271,sekolah
-6.702245707384907,108.54747447805458,sekolah
-6.963562449588029,106.7953045637964,sekolah
-6.963990126309215,106.79536401550001,sekolah
-7.055345741668711,106.80010647770986,sekolah
-7.055538484430861,106.80043145166084,sekolah
-6.962065604612333,106.78472642750404,sekolah
-6.228530707382137,106.61600430274802,sekolah
-6.7339571778941965,108.53740478324494,sekolah
-6.733880685443899,108.53801678356871,sekolah
-6.733809795976049,108.5384071809156,sekolah
-6.180478670363816,106.83819787428133,sekolah
-6.721419040947765,108.54879777882051,sekolah
-6.344396054753172,106.42954938845556,sekolah
-6.7977962,108.28396775000002,sekolah
-6.798070827766813,108.28398303268257,sekolah
-6.154233643058544,106.75073948187445,sekolah
-6.166911288953804,106.56063852071364,sekolah
-6.158057391855669,106.55476133114054,sekolah
-6.154492509631311,106.54858594513587,sekolah
-6.155003451932185,106.54807011704051,sekolah
-6.1914390999999975,106.5001928,sekolah
-6.4185946752469105,107.97170970043857,sekolah
-6.418796,107.9718765,sekolah
-6.41862235,107.9718936,sekolah
-6.418692950000002,107.97160099999999,sekolah
-6.4188053,107.97158495,sekolah
-6.720465058874253,108.57127261786994,sekolah
-6.7206741115403235,108.57077868577657,sekolah
-6.721138975940752,108.57102974679512,sekolah
-6.348926881881576,107.35089894662832,sekolah
-7.058198959456638,107.49909385773039,sekolah
-6.148436039017608,106.81760398359106,sekolah
-6.295566033807587,106.5299072438121,sekolah
-6.295965732534892,106.5296276049444,sekolah
-6.254333468846485,106.52219702140337,sekolah
-6.3787158,107.78648954999998,sekolah
-6.378372771827828,107.7864347008007,sekolah
-6.378474029941255,107.78627558638543,sekolah
-6.37888295,107.78658035000001,sekolah
-6.3789331,107.78645125,sekolah
-6.741125824126729,108.30938895719983,sekolah
-6.846969199999999,108.68607014999999,sekolah
-6.84715105,108.68585855,sekolah
-6.847160226711745,108.68637192920502,sekolah
-6.847240769871526,108.68656769782096,sekolah
-6.926179738629379,107.65586728602112,sekolah
-6.026082847220171,106.6371221301256,sekolah
-6.127302396281417,106.76600174591364,sekolah
-6.151209427756244,106.31947913237876,sekolah
-6.734472987706018,108.53531729225963,sekolah
-6.668606734782603,106.65112914066967,sekolah
-6.524413831137831,107.04038503665744,sekolah
-6.586705582615251,106.93041121858113,sekolah
-6.325219496894643,106.7054884855736,sekolah
-6.273772449667832,107.17271768297199,sekolah
-6.2483250454032,107.26161508442956,sekolah
-6.312555203762665,107.18482488734999,sekolah
-6.242110121264153,106.94829125443617,sekolah
-6.247930065270003,106.94661038146003,sekolah
-6.95098036865923,107.64087893327925,sekolah
-6.951623408050227,107.69930240014509,sekolah
-6.910756611696413,107.67912067444949,sekolah
-6.907421102393554,107.67629820595721,sekolah
-6.90747194904355,107.67580832233952,sekolah
-6.907470457235412,107.67540933482283,sekolah
-6.905960664365467,106.93076209418047,sekolah
-6.9048366462947905,106.93103371322246,sekolah
-7.270993535997657,106.62354501450416,sekolah
-7.272894156127601,106.62491391384965,sekolah
-7.268151373462124,106.626937859253,sekolah
-7.267436614047878,106.62534254955035,sekolah
-7.27422471524042,106.78530741393625,sekolah
-7.2747376217651505,106.78567024320218,sekolah
-6.192851391494427,106.62994243599698,sekolah
-6.192841162284772,106.6291774666407,sekolah
-6.193258841962207,106.62856232952703,sekolah
-6.19249596795408,106.6313721691342,sekolah
-6.19284273784257,106.63101137757668,sekolah
-6.19262896165958,106.63193168501307,sekolah
-6.191829183835804,106.63079491407392,sekolah
-6.193808656747222,106.62881412862137,sekolah
-6.373768845951681,107.95695885411729,sekolah
-6.378335106560502,107.96015696839319,sekolah
-6.367109006299904,107.95717535303505,sekolah
-6.370092426892771,107.95714378920749,sekolah
-6.3689859212049145,107.9534958539742,sekolah
-6.927693242439018,107.63567548343629,sekolah
-6.1711700977706485,106.59225391904457,sekolah
-6.2666110988729615,107.0164938678832,sekolah
-6.8696384567119715,107.63468644922183,sekolah
-6.31959260875646,106.72403748808821,sekolah
-7.3854063420489195,108.50286943480606,sekolah
-7.374149850988152,108.53532628387731,sekolah
-7.370636535440019,108.53859322608669,sekolah
-7.368164103476567,108.48215831968164,sekolah
-7.354663839324806,108.49383125979506,sekolah
-7.37213338344595,108.51530613255133,sekolah
-7.370887556634508,108.5062273339481,sekolah
-7.365593149999999,108.50350925000001,sekolah
-7.366637029421345,108.52002185716357,sekolah
-7.383335814062529,108.53538318164078,sekolah
-7.366486641565586,108.53312462056168,sekolah
-7.373331181970096,108.52719553492473,sekolah
-7.3798080019153875,108.52665062196817,sekolah
-7.386347949999999,108.50416519999999,sekolah
-7.37645955,108.53480965,sekolah
-7.370569550413689,108.53243809496733,sekolah
-7.383489150000001,108.482885,sekolah
-7.382767156068656,108.49569097911423,sekolah
-7.365643900672835,108.53367835084129,sekolah
-7.3677705084800005,108.52417588011167,sekolah
-7.345971394250491,108.58143424697117,sekolah
-7.359626369494392,108.54502514039686,sekolah
-6.300062373888434,106.73169654273455,sekolah
-6.299431695513709,106.7316484901963,sekolah
-6.339984676569714,106.7273189277636,sekolah
-6.337644747098258,106.72724249413822,sekolah
-6.338091583273485,106.72746864457058,sekolah
-6.952714516606089,107.60328921905034,sekolah
-6.912274213359076,107.59420793597701,sekolah
-6.70049060115874,108.55110354118301,sekolah
-6.322007409384659,106.7145413831623,sekolah
-6.322306934364561,106.71477621812669,sekolah
-6.865553237824396,107.46992878175989,sekolah
-6.864738367884602,107.47714728985702,sekolah
-6.333084075133723,106.44541302641709,sekolah
-6.349057721357962,106.79415388720005,sekolah
-6.352567431626214,106.79646270265631,sekolah
-6.356323731319457,106.79060429264312,sekolah
-6.36015453897016,106.79164972882428,sekolah
-7.353798711022849,108.6281289864806,sekolah
-7.358495881598842,108.63984201479306,sekolah
-7.359184894834818,108.63380538606579,sekolah
-7.351051662796959,108.63785092092681,sekolah
-7.351196557386894,108.6389540713046,sekolah
-6.291036598581855,106.66926860875624,sekolah
-6.292268668594677,107.32941150735074,sekolah
-6.293296705110543,107.32951750511765,sekolah
-6.277921006866498,106.73878621436137,sekolah
-6.289306376572822,106.74579765813453,sekolah
-6.287055375665557,106.74545588141183,sekolah
-6.74673260331033,108.56372309178299,sekolah
-6.756906722692427,108.54894079597887,sekolah
-6.731960977156283,108.57185903043113,sekolah
-6.754740920967726,108.53777593795189,sekolah
-6.754505478720934,108.53734768259221,sekolah
-6.753523797268738,108.5303252243483,sekolah
-6.7625208033504896,108.54541211345139,sekolah
-6.733022687322956,108.57154522712877,sekolah
-6.723180735060018,108.57059469211649,sekolah
-6.719732155173692,108.56877135668655,sekolah
-6.731660123493475,108.57376602236576,sekolah
-6.8726292247693825,107.47254187179745,sekolah
-6.430522487718484,108.07826532795518,sekolah
-6.457630689789285,106.7700936373748,sekolah
-6.784393396516842,108.54867407002646,sekolah
-6.765877548557635,108.53954399733806,sekolah
-6.772213739272131,108.53652004075995,sekolah
-6.762691365267441,108.54314908333009,sekolah
-6.770881041116703,108.55344448641878,sekolah
-6.784546466354644,108.54066702226025,sekolah
-6.7594956352468385,108.54554786275384,sekolah
-6.7474479670213885,108.54514829441204,sekolah
-6.743820937611631,108.54190655522737,sekolah
-6.743575912540184,108.5483588040042,sekolah
-6.741167484685825,108.54702692156343,sekolah
-6.746850840184674,108.53910936373398,sekolah
-6.749098573844167,108.53613972104277,sekolah
-6.415780992076477,107.63458874578063,sekolah
-6.398936636729827,107.63217101773536,sekolah
-6.7648046101637505,108.53765992474482,sekolah
-6.761934924684116,108.556739983799,sekolah
-6.751793763422553,108.55068984127405,sekolah
-6.753738146599351,108.54041570898643,sekolah
-6.7573360597666134,108.5480537309856,sekolah
-6.7582908378025515,108.5578039690422,sekolah
-6.76763836388632,108.54855215362484,sekolah
-6.750326907410616,108.55821416648291,sekolah
-6.7452976328627825,108.5619660386169,sekolah
-6.746437229443232,108.56000308523424,sekolah
-6.752526438716156,108.55611227707094,sekolah
-6.738831569702775,108.55463691475,sekolah
-6.751194887887929,108.55483004814575,sekolah
-6.746288798050085,108.56513922794764,sekolah
-6.741237805811282,108.56494162126442,sekolah
-6.748819646657672,108.56273504377538,sekolah
-6.751057571887692,108.56405849134562,sekolah
-6.739158259034878,108.56656121614678,sekolah
-6.7374668547897905,108.56546825743185,sekolah
-6.754070521083581,108.56221420653199,sekolah
-6.710876763823411,108.55833038020107,sekolah
-6.709888062627263,108.5619391988848,sekolah
-6.699581528613188,108.56126601902987,sekolah
-6.69551151995111,108.55678668369711,sekolah
-6.701060273692766,108.55582983954025,sekolah
-6.697188635094395,108.5588345924889,sekolah
-6.703717815441036,108.56064120428513,sekolah
-6.701833465065532,108.54817029820455,sekolah
-6.706324108270538,108.5545843782171,sekolah
-6.734470344981908,108.56196309253653,sekolah
-6.707169229581393,108.54821151194193,sekolah
-6.707489717639224,108.54868979894809,sekolah
-6.707353789060824,108.54811038264084,sekolah
-6.708225626289449,108.56518240734505,sekolah
-6.707363061381128,108.56487463969502,sekolah
-6.1850925318808985,106.69712638917508,sekolah
-6.728267461901871,108.57774016317018,sekolah
-6.728653468847261,108.57777299461719,sekolah
-6.725933604595694,108.57482305588877,sekolah
-6.722962590400917,108.57001452883992,sekolah
-6.736009881148789,108.57570161349044,sekolah
-6.731619451683748,108.57607581895178,sekolah
-6.74100075454411,108.58015558180084,sekolah
-6.745790451366871,108.58446722987794,sekolah
-6.724675125216421,108.56649038132531,sekolah
-6.719457646204684,108.56002262800675,sekolah
-6.726333475100948,108.55423520278876,sekolah
-6.758085071285244,108.47313917133458,sekolah
-6.3487516620690085,106.37541072449423,sekolah
-6.567809247704332,106.40555089433533,sekolah
-6.56847583872384,106.40544776755648,sekolah
-6.727940269887389,108.55216270103615,sekolah
-6.911393728259898,107.59761728228125,sekolah
-6.908930956049052,107.59686176124289,sekolah
-6.907916852947333,107.5980121794385,sekolah
-6.9393425318759085,107.63065138133442,sekolah
-6.936089232242948,107.6324595520232,sekolah
-6.648673585643102,106.491961200109,sekolah
-6.654829037897086,106.49700479987106,sekolah
-6.654771777627959,106.49582254495678,sekolah
-6.931760516085601,107.62187463267513,sekolah
-6.927252234571998,107.62492476665713,sekolah
-6.927352177349341,107.62389675188865,sekolah
-6.927846303364722,107.62350068699057,sekolah
-6.927945733266161,107.623966905507,sekolah
-6.9279301769755754,107.6228882118552,sekolah
-6.926894155711221,107.62400909662226,sekolah
-6.92564601558292,107.62410573928004,sekolah
-6.920993141895487,107.62603484409617,sekolah
-6.920453532536091,107.62637811247023,sekolah
-6.919991219953894,107.62631883189574,sekolah
-6.919479268440803,107.62621256306777,sekolah
-6.920178806992182,107.62719711801508,sekolah
-6.9256277818498395,107.62090675699105,sekolah
-6.901478041628503,107.62416873018918,sekolah
-7.005199653222466,107.52644660071418,sekolah
-6.17341908701184,106.67404852452876,sekolah
-6.484045449999999,106.6420709,sekolah
-7.151936689860136,107.37412538871929,sekolah
-6.718667183902843,108.56736812375425,sekolah
-6.918677993190758,107.5833813102425,sekolah
-6.891537125265109,107.53789079169536,sekolah
-6.892078555427788,107.55193173028611,sekolah
-7.163136379657774,108.00874933626217,sekolah
-7.16409884317198,108.00847479091273,sekolah
-7.160641898114361,108.00784440479839,sekolah
-6.892187489725137,107.21888905588304,sekolah
-6.278209420667304,106.66192870132888,sekolah
-6.272673859060348,106.66498399432616,sekolah
-6.26764013832906,106.66895263516783,sekolah
-6.267672657546905,106.66931440589373,sekolah
-6.899286833481642,107.22638283471838,sekolah
-6.897470414835178,107.22794030838024,sekolah
-6.1096155083184325,107.02488941565747,sekolah
-6.327178900585002,106.4602960356183,sekolah
-6.339245442025928,106.46964841965357,sekolah
-6.239358206088381,107.11570122438805,sekolah
-6.3348739428464755,106.60152619230688,sekolah
-6.348749679743179,106.6726001633187,sekolah
-6.325606224970211,106.4404170628193,sekolah
-6.326258772145328,106.44055209299927,sekolah
-6.153796325438172,107.00866469626884,sekolah
-6.916560401282489,107.6010119449179,sekolah
-6.254475672170675,106.59517588158153,sekolah
-6.25359072077123,106.59956310197369,sekolah
-6.256030481358334,106.60453784232826,sekolah
-6.25460325188756,106.6056456680682,sekolah
-6.980485163221219,107.83238009622477,sekolah
-6.981776404326992,107.82956060395006,sekolah
-6.9109428148138035,107.60472956218241,sekolah
-6.346158346738378,106.46953757655467,sekolah
-6.326995781264089,106.47869393821836,sekolah
-6.340855414343497,107.27632479369838,sekolah
-7.3720168280414535,108.56006951279961,sekolah
-7.372816102322744,108.55904394589658,sekolah
-7.374759381078073,108.54496064552133,sekolah
-7.39746503930798,108.51443575296233,sekolah
-7.378890386926954,108.54098439835873,sekolah
-6.36830471799636,106.9205774220933,sekolah
-6.314259365261317,106.90012021739578,sekolah
-6.314730056866534,106.9001489642832,sekolah
-6.341556382723415,106.42282286892423,sekolah
-7.027582771909138,108.58580949448813,sekolah
-6.358377198988594,106.48733420181547,sekolah
-6.355980264363699,106.47943673750275,sekolah
-6.359152329352776,106.49833036542039,sekolah
-6.359520681005233,106.50032692646826,sekolah
-6.355584979888806,106.5088602380103,sekolah
-6.361712794733766,106.51895996868193,sekolah
-6.354254244600325,106.46293331141305,sekolah
-6.348402001420061,106.46351395117077,sekolah
-6.3203419334334106,106.44897552129774,sekolah
-6.211741608336545,106.85889230673617,sekolah
-6.207186420882338,106.85543742896168,sekolah
-6.208014584196291,106.85583746315082,sekolah
-6.976986515151734,107.56816663517668,sekolah
-6.9769411385369295,107.56724346733714,sekolah
-6.976028886454726,107.5705034854278,sekolah
-6.973119546171528,107.57458122173824,sekolah
-6.97016245548973,107.57612479215189,sekolah
-6.94891089048565,107.58714619254121,sekolah
-6.950386750360249,107.58744482089269,sekolah
-7.020086385049192,107.54131335241438,sekolah
-7.018761694875395,107.54307111046916,sekolah
-6.866297251994503,107.53447753348563,sekolah
-6.917181292946823,107.7064020128829,sekolah
-6.971603351877962,107.57726321368727,sekolah
-6.947604994452813,107.58570526525644,sekolah
-6.863401709371853,107.54212043533327,sekolah
-6.187670934723833,106.75491276683957,sekolah
-6.857790314155738,107.5289127793063,sekolah
-6.357534469495301,106.52925471303612,sekolah
-6.191277396014137,107.06726809738704,sekolah
-6.191915447005522,107.06591238577687,sekolah
-6.190308193318978,107.06634421532948,sekolah
-6.597573961945062,106.88775464364022,sekolah
-6.843871337540752,107.54774697679414,sekolah
-6.8705260739434175,107.54800553534803,sekolah
-6.404504188992042,106.97527723491658,sekolah
-6.403382291328406,106.97541589029966,sekolah
-6.393393256488004,106.97844118483863,sekolah
-6.393842829224298,106.97770894459035,sekolah
-6.311007985502122,106.76317972234085,sekolah
-6.3249128941770945,107.31827437481118,sekolah
-6.324100725014383,107.30096816948124,sekolah
-6.324466951837987,107.30537485151457,sekolah
-6.333627080905964,107.29662931887269,sekolah
-6.159966277734755,106.7817218659632,sekolah
-6.162226441486293,106.78432964226278,sekolah
-6.918352492034832,107.70651810654988,sekolah
-6.314200322418927,106.74578149851958,sekolah
-6.327891906036945,107.0464222200669,sekolah
-6.325509893741572,107.04682994723488,sekolah
-7.353032334949795,108.62023087868063,sekolah
-7.353611519288786,108.62011993546675,sekolah
-6.333925660666056,107.30572518364536,sekolah
-6.34703372644819,106.9095027582587,sekolah
-6.34226332813445,106.90959315494922,sekolah
-6.341486485453613,106.91026244108298,sekolah
-6.345859367079489,106.90770752761658,sekolah
-6.351985939254165,106.90623462923642,sekolah
-7.350297813251925,108.63576709509863,sekolah
-7.351143342843268,108.6351059976964,sekolah
-6.259018830465446,107.00399816433294,sekolah
-6.8869435,107.5811614,restoran
-6.8873695,107.5816872,restoran
-6.8815495,107.5944013,restoran
-6.8807109,107.5959997,restoran
-6.8715552,107.5940509,restoran
-6.8858733,107.5962969,restoran
-6.8752093,107.5964539,restoran
-6.8843694,107.6012683,restoran
-6.9027926,107.5978878,restoran
-6.8977742,107.6036158,restoran
-6.8799127,107.5838387,restoran
-6.9058695,107.5931889,restoran
-6.9057417,107.6176217,restoran
-6.8914029,107.61281,restoran
-6.8990133,107.6195912,restoran
-6.8990098,107.6197139,restoran
-6.9018456,107.6214397,restoran
-6.9055352,107.6271646,restoran
-6.8668218,107.6090526,restoran
-6.8760243,106.7761504,restoran
-6.5305237,106.7667922,restoran
-6.2315654,106.8091207,restoran
-6.1853139,106.8292687,restoran
-6.5720007,106.8082113,restoran
-6.5911789,106.8028559,restoran
-6.6053607,106.8127067,restoran
-6.2270548,106.8188215,restoran
-6.9167625,107.6183923,restoran
-6.9027613,107.6104139,restoran
-6.9009918,107.6134343,restoran
-6.9126453,107.5983597,restoran
-6.898751,107.6030848,restoran
-6.243612,106.8112063,restoran
-6.3728137,106.8333305,restoran
-6.8867215,107.6167462,restoran
-6.8872957,107.6138988,restoran
-6.8972541,107.6147191,restoran
-6.8968401,107.6152372,restoran
-6.8982722,107.6369137,restoran
-6.1892346,106.7963777,restoran
-6.1887754,106.7966001,restoran
-6.8837407,107.6148998,restoran
-6.2216971,106.8328855,restoran
-6.2179322,106.8352926,restoran
-6.217509,106.8351981,restoran
-6.2176167,106.8352278,restoran
-6.2206146,106.8325406,restoran
-6.3609294,106.8332271,restoran
-6.8682748,107.5938519,restoran
-6.8823595,107.5758245,restoran
-6.8823742,107.5762796,restoran
-6.873753,107.5957989,restoran
-6.8744394,107.5962776,restoran
-6.8703438,107.5917527,restoran
-6.8831642,107.6025761,restoran
-6.8828983,107.6005782,restoran
-6.8938944,107.6089033,restoran
-6.8716969,107.5941246,restoran
-6.9010333,107.6016546,restoran
-6.218784,106.8342014,restoran
-6.2274971,106.8256943,restoran
-6.6070856,106.8102285,restoran
-6.6177653,106.8148144,restoran
-6.6179063,106.8202802,restoran
-6.6182362,106.8205657,restoran
-6.6166434,106.814486,restoran
-6.6175387,106.8204779,restoran
-6.6183985,106.8158036,restoran
-6.8934997,107.6050826,restoran
-6.3424744,106.7249438,restoran
-7.3442763,108.2233482,restoran
-6.256858,106.6200212,restoran
-6.6115584,106.8146393,restoran
-6.7707908,106.7779571,restoran
-6.2073613,106.8276206,restoran
-6.5961048,106.8046329,restoran
-6.3940829,106.8144184,restoran
-6.3991028,106.8206376,restoran
-6.3612849,106.8337431,restoran
-6.3611638,106.833277,restoran
-6.3618419,106.8333779,restoran
-6.3634229,106.8335068,restoran
-6.3663551,106.8334878,restoran
-6.3715716,106.8967083,restoran
-6.3680324,106.8338964,restoran
-6.3679445,106.8342609,restoran
-6.3674045,106.8351249,restoran
-6.9738431,108.5283856,restoran
-6.9735929,108.526889,restoran
-6.3470112,106.750643,restoran
-6.3471974,106.7487806,restoran
-6.1989263,106.8857661,restoran
-6.2013183,106.8857998,restoran
-6.2011358,106.8858153,restoran
-6.1970682,106.8862437,restoran
-6.2007422,106.8858317,restoran
-6.3754953,106.8973198,restoran
-6.2435573,106.9343356,restoran
-6.8825278,107.5802874,restoran
-6.9576638,106.4863037,restoran
-6.2216833,106.83293,restoran
-6.2216817,106.8330017,restoran
-6.2217055,106.832812,restoran
-6.2216769,106.8329619,restoran
-6.2216182,106.8333687,restoran
-6.2181548,106.8345863,restoran
-6.2178965,106.8345593,restoran
-6.2186576,106.835003,restoran
-6.218346,106.8352004,restoran
-6.217655,106.8347415,restoran
-6.2184859,106.8348267,restoran
-6.2176986,106.8352477,restoran
-6.2175912,106.8347584,restoran
-6.2177623,106.8349136,restoran
-6.8939367,107.6050187,restoran
-6.8959285,107.6031089,restoran
-6.8113108,107.5998908,restoran
-6.6088129,106.8165549,restoran
-6.2550113,106.8093074,restoran
-6.9009712,107.6125356,restoran
-6.2174601,106.8166673,restoran
-6.3447093,106.7577248,restoran
-6.4674901,106.8030953,restoran
-6.6117358,106.8151828,restoran
-6.4055077,106.7471636,restoran
-6.4032852,106.766631,restoran
-6.2435912,106.6177823,restoran
-6.8689658,107.5939841,restoran
-6.1346378,106.8123495,restoran
-6.2088121,106.8267782,restoran
-6.1164866,106.7620997,restoran
-6.1615105,106.8338961,restoran
-6.2239344,106.8515147,restoran
-6.1213446,106.8409451,restoran
-6.1189012,106.8477316,restoran
-6.1973908,106.8238871,restoran
-6.2505445,106.7979146,restoran
-6.4213652,106.8584883,restoran
-6.22492,106.801425,restoran
-6.1965871,106.8828857,restoran
-6.8561749,107.5958927,restoran
-6.7230684,107.0240448,restoran
-6.2790461,106.7183377,restoran
-6.2330083,106.8312451,restoran
-6.2967003,106.7114046,restoran
-6.296599,106.7120376,restoran
-6.2607344,106.7505085,restoran
-6.6311164,106.8249121,restoran
-6.6107617,106.8116489,restoran
-6.816085,107.589551,restoran
-6.9267334,107.6132906,restoran
-6.924869,107.6196988,restoran
-6.8879183,107.615515,restoran
-6.9599589,106.4877846,restoran
-6.2178927,106.8372392,restoran
-6.1346457,106.8322389,restoran
-6.9198235,107.6170063,restoran
-6.9230613,107.6131868,restoran
-6.8880195,107.6016212,restoran
-6.8936141,107.6057343,restoran
-6.8696348,107.6202679,restoran
-6.8476429,107.6275129,restoran
-6.9067229,107.6208472,restoran
-6.9069786,107.6208901,restoran
-6.907068,107.6200544,restoran
-6.9071277,107.6196671,restoran
-6.9104934,107.6184011,restoran
-6.8937286,107.6050758,restoran
-6.8931108,107.6050973,restoran
-6.9110685,107.6267052,restoran
-7.7035403,108.6562657,restoran
-6.2277225,106.8548632,restoran
-6.2275834,106.8551233,restoran
-6.2277934,106.8552056,restoran
-6.2272402,106.8548485,restoran
-6.227208,106.8549559,restoran
-6.226385,106.8549625,restoran
-6.4194846,106.7546711,restoran
-6.6216968,106.8162432,restoran
-6.4490208,106.7347991,restoran
-6.3409594,106.9449806,restoran
-6.3289632,106.9462011,restoran
-6.3172675,106.9713913,restoran
-6.2927425,106.9599661,restoran
-6.6043218,106.7960939,restoran
-6.187781,106.824934,restoran
-6.2798912,106.8156789,restoran
-6.265305,106.8203852,restoran
-6.1660637,106.791354,restoran
-6.2554347,106.8095558,restoran
-6.2330142,106.8123941,restoran
-6.2395341,106.8064072,restoran
-6.2418567,106.8101246,restoran
-6.9052749,107.5961955,restoran
-6.3291014,106.9532525,restoran
-6.5741807,106.7967775,restoran
-6.9747782,108.5152029,restoran
-6.5928925,106.7876692,restoran
-6.5933455,106.7877148,restoran
-6.5929112,106.7879053,restoran
-6.5929278,106.7868914,restoran
-6.593111,106.7875646,restoran
-6.5954035,106.7874391,restoran
-6.5956822,106.7880877,restoran
-6.9112066,107.6273321,restoran
-6.9219862,106.9240362,restoran
-6.2194937,106.8342823,restoran
-6.2442229,106.6500883,restoran
-6.2435527,106.6509757,restoran
-6.9196306,107.5935729,restoran
-6.3665657,106.8281579,restoran
-6.8942667,107.610979,restoran
-6.8903481,107.6087349,restoran
-6.8905771,107.6093626,restoran
-6.8917009,107.6116156,restoran
-6.8883084,107.6088476,restoran
-6.1114255,106.7414367,restoran
-6.1126562,106.7429026,restoran
-6.112525,106.7364994,restoran
-6.2775588,106.8274536,restoran
-6.8792672,107.6127822,restoran
-6.8898807,107.6172141,restoran
-6.9256802,107.6276337,restoran
-6.247904,106.8005381,restoran
-6.9169297,107.6093123,restoran
-6.3942559,106.7887477,restoran
-6.3737018,106.8355764,restoran
-6.2551524,106.7903093,restoran
-6.2804838,107.0870162,restoran
-6.254737,106.7908035,restoran
-6.2551887,106.7905731,restoran
-6.2554909,106.7904439,restoran
-6.2579438,106.7896952,restoran
-6.2584532,106.7895656,restoran
-6.2588271,106.7894894,restoran
-6.2587277,106.7892235,restoran
-6.2590113,106.789425,restoran
-6.2590713,106.7894112,restoran
-6.259798,106.7892358,restoran
-6.2541566,106.7910208,restoran
-6.2531902,106.7911885,restoran
-6.253142,106.7911931,restoran
-6.2525119,106.7911077,restoran
-6.2514263,106.7916422,restoran
-6.249075,106.7916336,restoran
-6.2483613,106.7920868,restoran
-6.8799982,107.7562654,restoran
-6.1912165,106.8375268,restoran
-6.8448579,107.6541334,restoran
-6.869891,107.5934101,restoran
-6.1968181,106.8226374,restoran
-6.9188476,107.6067686,restoran
-6.4256644,106.7323462,restoran
-6.3015422,106.8370555,restoran
-6.9065307,107.6146911,restoran
-6.9115054,107.6272212,restoran
-6.9167335,107.6307076,restoran
-6.9136255,107.6289496,restoran
-6.9161351,107.6304057,restoran
-6.9287447,107.6222637,restoran
-6.1222761,106.6532366,restoran
-6.0863904,106.7232094,restoran
-6.3095654,106.9327673,restoran
-6.0989064,106.6872299,restoran
-6.107678,106.7805287,restoran
-6.3855851,106.7409582,restoran
-6.6032119,106.8134231,restoran
-6.2731544,106.7234747,restoran
-6.8410552,107.9258132,restoran
-6.839925,107.9257604,restoran
-6.8444906,107.9246209,restoran
-6.8441938,107.9250245,restoran
-6.8547513,107.9224284,restoran
-6.8546963,107.9221264,restoran
-6.835968,107.9296967,restoran
-6.5141296,106.8632962,restoran
-6.5141807,106.8632472,restoran
-6.1868651,106.8266123,restoran
-6.5890661,107.4326756,restoran
-6.2272846,106.8095795,restoran
-6.3046689,106.8500032,restoran
-6.1950822,106.8202796,restoran
-6.1951302,106.8203292,restoran
-6.1952022,106.8203507,restoran
-6.1951716,106.8201241,restoran
-6.1950706,106.8201241,restoran
-6.293984,106.8158512,restoran
-6.8838733,107.6150099,restoran
-6.9686676,108.5060236,restoran
-6.9695036,108.5060315,restoran
-6.8986257,107.613195,restoran
-6.9031083,107.6154995,restoran
-6.9045738,107.6140864,restoran
-6.9045936,107.6141887,restoran
-6.9046556,107.6141388,restoran
-6.919286,107.6169434,restoran
-6.9007525,107.5970316,restoran
-6.8964177,107.595882,restoran
-6.2574201,106.8531174,restoran
-6.8782448,107.6169053,restoran
-6.878149,107.6169412,restoran
-6.8846311,107.6140131,restoran
-6.8803626,107.6163564,restoran
-6.8811193,107.6161344,restoran
-6.8786715,107.616787,restoran
-6.8804359,107.6163385,restoran
-6.8811754,107.6161217,restoran
-6.8787037,107.6167785,restoran
-6.8788817,107.6167362,restoran
-6.8845352,107.6135695,restoran
-6.8834273,107.6147436,restoran
-6.8767404,107.6179507,restoran
-6.8745715,107.6191251,restoran
-6.8745072,107.6191486,restoran
-6.8746857,107.6190813,restoran
-6.8674478,107.6209107,restoran
-6.8717491,107.620125,restoran
-6.8675629,107.6208871,restoran
-6.8698557,107.6205977,restoran
-6.8699337,107.6204523,restoran
-6.8734448,107.6196056,restoran
-7.3143973,107.7218466,restoran
-6.867961,107.620412,restoran
-6.8677746,107.6204866,restoran
-6.926744,107.6276202,restoran
-6.9027187,107.6136333,restoran
-6.9194536,107.6161559,restoran
-6.9026858,107.5973876,restoran
-6.8966337,107.5970159,restoran
-6.8967854,107.5970217,restoran
-6.2282169,106.855643,restoran
-6.2248596,106.8553326,restoran
-6.224826,106.8531475,restoran
-6.2242716,106.8528602,restoran
-6.2239976,106.8516889,restoran
-6.2413781,106.8473812,restoran
-6.8951185,107.5880348,restoran
-6.6358412,106.7938993,restoran
-6.2254253,106.8098871,restoran
-6.9492594,107.7621724,restoran
-6.1760647,106.8597668,restoran
-6.1867724,106.8235694,restoran
-6.1887788,106.8243119,restoran
-6.3009357,106.8996938,restoran
-6.893351,107.6051095,restoran
-6.8594667,107.5950246,restoran
-6.8975809,107.6121376,restoran
-6.8969429,107.5907416,restoran
-6.2731416,106.7582321,restoran
-6.2702117,106.7395226,restoran
-6.1445119,106.893057,restoran
-6.154719,106.891191,restoran
-6.1587725,106.9070687,restoran
-6.868265,107.6091207,restoran
-6.8679495,107.6073027,restoran
-6.2651474,106.885027,restoran
-6.2536255,106.8002819,restoran
-6.184055,106.8303978,restoran
-6.2240872,106.8095394,restoran
-6.1763764,106.8726097,restoran
-6.8805774,107.5942858,restoran
-6.8799945,107.5940974,restoran
-6.2005439,106.8528692,restoran
-6.2507752,106.8095649,restoran
-6.2077644,106.8284283,restoran
-6.1697786,106.78288,restoran
-6.1879102,106.8369072,restoran
-6.2094418,106.8261734,restoran
-6.2225456,106.8213808,restoran
-6.2259636,106.8585708,restoran
-6.1860453,106.8251691,restoran
-6.225605,106.8567311,restoran
-6.2412502,106.7899659,restoran
-6.1616561,106.8309996,restoran
-6.1465915,106.8156635,restoran
-6.2148543,106.8281743,restoran
-6.1769388,106.8000254,restoran
-6.2267713,106.8069544,restoran
-6.1877561,106.8297848,restoran
-6.2088213,106.8268464,restoran
-6.1927241,106.7578011,restoran
-6.2414782,106.8395348,restoran
-6.3730083,106.833266,restoran
-6.246085,106.7984528,restoran
-6.2264938,106.8068159,restoran
-6.1702835,106.9034437,restoran
-6.2327789,106.6310079,restoran
-6.1942131,106.8361732,restoran
-6.1014626,106.8000132,restoran
-6.1894626,106.8241815,restoran
-6.2476581,106.625462,restoran
-6.229573,106.5881,restoran
-6.1569411,106.8187962,restoran
-6.1769221,106.8309481,restoran
-6.8543222,107.5957541,restoran
-6.2308686,106.80762,restoran
-6.2309793,106.8083697,restoran
-6.2312486,106.8088713,restoran
-6.2310538,106.8091174,restoran
-6.2309579,106.8089263,restoran
-6.232335,106.8111315,restoran
-6.2313378,106.809081,restoran
-6.1989294,106.8397485,restoran
-6.2313546,106.8090684,restoran
-6.2311033,106.8092544,restoran
-6.2296822,106.8044217,restoran
-6.2311646,106.8093845,restoran
-6.2324926,106.811368,restoran
-6.2329819,106.812233,restoran
-6.2328099,106.8115074,restoran
-6.2305488,106.8079348,restoran
-6.232562,106.8111911,restoran
-6.2329417,106.8116828,restoran
-6.2325092,106.8111242,restoran
-6.2819345,106.7293331,restoran
-6.2329487,106.812977,restoran
-6.2329359,106.8128572,restoran
-6.9190972,107.6153692,restoran
-6.8875201,107.6127573,restoran
-6.9010104,107.6123933,restoran
-6.9173914,107.6133076,restoran
-6.9284008,107.6240018,restoran
-6.3975785,106.8066323,restoran
-6.159948,106.8168912,restoran
-6.4777937,106.839406,restoran
-6.6662221,108.06682,restoran
-6.6884624,106.9595327,restoran
-6.188837,106.824557,restoran
-7.7350713,108.4582754,restoran
-6.9049365,107.6227839,restoran
-6.9019264,107.6214808,restoran
-6.8672236,107.6060351,restoran
-6.5871937,106.8029447,restoran
-6.8856245,107.5962474,restoran
-6.8198496,107.5862634,restoran
-6.9653246,107.5794773,restoran
-6.8268358,107.607461,restoran
-6.8611951,107.5953286,restoran
-6.9205607,107.614136,restoran
-6.9084176,107.6241097,restoran
-6.9145571,107.6295973,restoran
-6.9047843,107.6165469,restoran
-6.9064702,107.615994,restoran
-6.8710838,107.6076398,restoran
-6.9055992,107.616762,restoran
-6.8742543,107.6192351,restoran
-6.905619,107.6167643,restoran
-6.8810535,107.5983139,restoran
-6.8799997,107.5981916,restoran
-6.8677255,107.5938724,restoran
-6.8755338,107.5966884,restoran
-6.9167187,107.613811,restoran
-6.924126,107.6118868,restoran
-6.914155,107.6135284,restoran
-6.8791733,107.6009453,restoran
-6.9104912,107.6306581,restoran
-6.9151627,107.5982134,restoran
-6.8321973,107.5953011,restoran
-6.8748841,107.6188318,restoran
-6.8810858,107.5986064,restoran
-6.8826195,107.5964138,restoran
-6.9039231,107.5989336,restoran
-6.9204002,107.6002017,restoran
-6.9216518,107.6003966,restoran
-6.8679701,107.6286286,restoran
-6.8631564,107.6288477,restoran
-6.9185493,107.6096852,restoran
-6.8797792,107.5984107,restoran
-6.8810021,107.5982247,restoran
-6.9097236,107.5977039,restoran
-6.9379902,107.6193999,restoran
-6.9095532,107.5976897,restoran
-6.905355,107.6104147,restoran
-6.1498173,106.8179151,restoran
-6.9153616,107.5982452,restoran
-6.9072846,107.6190397,restoran
-6.9124832,107.5992553,restoran
-6.9124458,107.5983485,restoran
-6.9123909,107.6011252,restoran
-6.9125398,107.6038437,restoran
-6.9043132,107.6237201,restoran
-6.9111906,107.6271109,restoran
-6.8775851,107.5895741,restoran
-6.9154611,107.629507,restoran
-6.8628549,107.6295709,restoran
-6.9159462,107.6678531,restoran
-6.9018086,107.5973555,restoran
-6.9211852,107.6170492,restoran
-6.889864,107.5969999,restoran
-6.9011504,107.6134266,restoran
-6.9051622,107.6095953,restoran
-6.9127336,107.6289424,restoran
-6.9000351,107.6115953,restoran
-6.9022555,107.6044599,restoran
-6.9118683,107.5779293,restoran
-6.9130997,107.6262194,restoran
-6.8999,107.611426,restoran
-6.8926493,107.6144085,restoran
-6.8959401,107.6031687,restoran
-6.8997957,107.6115847,restoran
-6.9051254,107.6223404,restoran
-6.9016748,107.6250691,restoran
-6.9268716,107.6193988,restoran
-6.8548349,107.5959097,restoran
-6.8802525,107.5806276,restoran
-6.905339,107.6135667,restoran
-6.899456,107.6106804,restoran
-6.9164865,107.6136019,restoran
-6.8869718,107.603936,restoran
-6.8815585,107.5757293,restoran
-6.9639551,107.5772567,restoran
-6.9656134,107.5763951,restoran
-6.9678738,107.575379,restoran
-6.9635574,107.5653165,restoran
-6.8768509,107.604058,restoran
-6.9639867,107.5644016,restoran
-6.9617036,107.5584851,restoran
-6.9597287,107.5605413,restoran
-6.9574629,107.5615028,restoran
-6.9568387,107.561661,restoran
-6.956099,107.5615567,restoran
-6.9538094,107.5623899,restoran
-6.9607296,107.5570812,restoran
-6.9628238,107.5558687,restoran
-6.9650043,107.5548327,restoran
-6.8816289,107.5816811,restoran
-6.8810961,107.581227,restoran
-6.8634983,107.6339147,restoran
-6.9202649,107.599052,restoran
-6.8919365,107.6175378,restoran
-6.9489967,107.6234324,restoran
-6.8958519,107.5893761,restoran
-6.9021588,107.5975823,restoran
-6.9027733,107.6026978,restoran
-6.8968528,107.6037639,restoran
-6.9330981,107.6254099,restoran
-6.9352035,107.6247857,restoran
-6.9257329,107.6201892,restoran
-6.9106044,107.5979615,restoran
-6.9104931,107.5979568,restoran
-6.9093991,107.597875,restoran
-6.908961,107.5978563,restoran
-6.9129657,107.597758,restoran
-6.9156161,107.5982369,restoran
-6.9162559,107.597541,restoran
-6.9164135,107.5968616,restoran
-6.9172755,107.5981687,restoran
-6.9173543,107.5981524,restoran
-6.9182827,107.5931426,restoran
-6.919323,107.5929285,restoran
-6.918928,107.5889867,restoran
-6.9370934,107.5954123,restoran
-6.9493489,107.6254604,restoran
-6.9204135,107.5927319,restoran
-6.9150458,107.5965701,restoran
-6.902495,107.6093707,restoran
-6.900301,107.6092063,restoran
-6.8885603,107.6137119,restoran
-6.8895762,107.5990536,restoran
-6.8810304,107.5825971,restoran
-6.96392,107.56327,restoran
-6.9641564,107.5662142,restoran
-6.9651681,107.5688564,restoran
-6.9105624,107.6276613,restoran
-6.911497,107.6276506,restoran
-6.8994995,107.63409,restoran
-6.8986559,107.6338765,restoran
-6.8980078,107.6347887,restoran
-6.8954547,107.6346062,restoran
-6.8876325,107.6154079,restoran
-6.890292,107.6079525,restoran
-6.8874739,107.6132269,restoran
-6.890525,107.6169022,restoran
-6.8922074,107.6176016,restoran
-6.8924156,107.6153131,restoran
-6.8948256,107.6173147,restoran
-6.8976182,107.6156768,restoran
-6.8981525,107.6149453,restoran
-6.8990246,107.6194663,restoran
-6.9195683,107.5927733,restoran
-6.9195066,107.5939635,restoran
-6.9198568,107.5954646,restoran
-6.9199557,107.5963305,restoran
-6.975454,107.6331073,restoran
-6.8982719,107.6435216,restoran
-6.8983404,107.6436331,restoran
-6.89895,107.6434172,restoran
-6.8991169,107.6435269,restoran
-6.8668806,107.5937278,restoran
-6.8677159,107.5936571,restoran
-6.8686153,107.5937916,restoran
-6.8689556,107.593519,restoran
-6.8713736,107.594601,restoran
-6.8707908,107.5937423,restoran
-6.8747901,107.5964663,restoran
-6.8794456,107.5964269,restoran
-6.8791683,107.5960754,restoran
-6.8809958,107.5972527,restoran
-6.91908,107.6125521,restoran
-6.9053771,107.6009336,restoran
-6.9038425,107.600752,restoran
-6.9663341,107.5757499,restoran
-6.361233,106.8253511,restoran
-6.1792228,106.8024512,restoran
-7.3007359,108.762477,restoran
-6.9039846,107.6672996,restoran
-6.7150725,108.5547178,restoran
-7.7502376,108.5024925,restoran
-6.9040985,107.5794215,restoran
-6.9104109,107.6260611,restoran
-7.305449,108.2043531,restoran
-6.8423415,107.6228747,restoran
-6.9320455,107.6252304,restoran
-6.9062252,107.6159166,restoran
-6.8939186,107.6054344,restoran
-6.9090714,107.6257541,restoran
-6.8989615,107.6050417,restoran
-6.9167985,107.6092222,restoran
-6.9092255,107.6249998,restoran
-6.8873777,107.60234,restoran
-6.9448984,107.6305201,restoran
-6.1509221,106.8168663,restoran
-6.1161546,106.7769155,restoran
-6.5650092,106.8414333,restoran
-6.8825002,107.5997553,restoran
-6.8829404,107.5992425,restoran
-6.8829031,107.6000043,restoran
-6.8937427,107.5868538,restoran
-6.9116564,107.6268819,restoran
-6.9070587,107.6237299,restoran
-6.2286897,106.6068449,restoran
-6.9045876,107.6175664,restoran
-6.9001488,107.6094398,restoran
-6.9043768,107.6119068,restoran
-6.1458525,106.5929305,restoran
-6.1110769,106.7373337,restoran
-6.1112607,106.7381818,restoran
-6.1469677,106.5903672,restoran
-6.1482503,106.591167,restoran
-6.2455555,106.6238488,restoran
-6.2778592,106.990893,restoran
-6.2761439,106.9882017,restoran
-6.275668,106.9875335,restoran
-6.2766703,106.9890185,restoran
-6.2769531,106.9894926,restoran
-6.8979509,107.6137089,restoran
-6.897885,107.6138041,restoran
-6.9190188,107.6078605,restoran
-6.9207251,107.5984722,restoran
-6.9229988,107.5985499,restoran
-6.1671634,106.8275122,restoran
-6.1081021,106.780416,restoran
-6.2278731,106.6076719,restoran
-6.2293443,106.8532139,restoran
-6.3213575,107.0158347,restoran
-6.3096197,107.0226203,restoran
-6.3099573,107.0222423,restoran
-6.2903261,106.8179033,restoran
-6.2863293,106.8188396,restoran
-6.28738,106.8184534,restoran
-6.3143264,107.0214921,restoran
-6.3094622,107.0228867,restoran
-6.308276,107.027134,restoran
-6.417661,106.8271407,restoran
-6.2850804,106.8184911,restoran
-6.2864637,106.8188982,restoran
-6.5626863,106.7322137,restoran
-6.5627784,106.7323636,restoran
-6.5615504,106.7319764,restoran
-6.2874105,106.8186375,restoran
-6.974414,107.6326913,restoran
-6.97448,107.633288,restoran
-6.1904005,106.8379625,restoran
-6.1462193,106.8146949,restoran
-6.1530577,106.8536545,restoran
-6.9052744,107.6141365,restoran
-6.7191832,108.5594807,restoran
-6.7178597,108.5585757,restoran
-6.721655,108.5623559,restoran
-6.759273,108.5324991,restoran
-6.7770214,108.5205807,restoran
-6.7791801,108.5229827,restoran
-6.781544,108.521215,restoran
-6.7908069,108.522147,restoran
-6.9073948,107.5833286,restoran
-6.7110003,108.5383609,restoran
-6.7104513,108.5388282,restoran
-6.7238676,108.5506737,restoran
-6.3178642,106.9375205,restoran
-6.9084123,107.6181452,restoran
-6.2920208,106.8813688,restoran
-6.9248012,107.6199116,restoran
-6.9058067,107.5968488,restoran
-6.9064034,107.6143573,restoran
-6.8933618,107.6057065,restoran
-6.3553966,106.8485253,restoran
-6.9202633,107.6017398,restoran
-6.887541,107.5968379,restoran
-6.8999911,107.6039898,restoran
-6.9021861,107.6247453,restoran
-6.8939783,107.586321,restoran
-7.5221475,108.2685638,restoran
-7.2145038,108.1907837,restoran
-6.148248,106.8302009,restoran
-6.1491304,106.8222,restoran
-6.2290705,106.6336872,restoran
-6.2399756,106.6291016,restoran
-6.2381494,106.6299035,restoran
-6.2456388,106.6279348,restoran
-6.2433053,106.6155872,restoran
-6.232621,106.6320085,restoran
-6.2517638,106.6250618,restoran
-6.2346319,106.8673898,restoran
-6.9185448,107.6155488,restoran
-6.2708337,106.9716124,restoran
-6.164088,106.7954321,restoran
-6.1505904,106.7858957,restoran
-6.6525953,106.908626,restoran
-6.3919751,107.0012017,restoran
-6.6065947,106.8103853,restoran
-6.2278246,106.8095501,restoran
-6.1216787,106.6526132,restoran
-6.1217313,106.6527967,restoran
-6.2857629,106.9044948,restoran
-6.1507078,106.7141138,restoran
-6.1509484,106.7141812,restoran
-6.1976182,106.8366989,restoran
-6.3665593,106.8343005,restoran
-6.8952024,107.6022782,restoran
-6.0976361,106.7909354,restoran
-6.0974931,106.7909426,restoran
-6.2415674,106.8135115,restoran
-7.1950664,107.8808192,restoran
-6.418102,107.0296185,restoran
-6.194264,106.8205525,restoran
-6.2221557,106.8694858,restoran
-6.2329667,106.8568241,restoran
-6.1108335,106.7375616,restoran
-6.209985,106.8197333,restoran
-7.2155923,107.9000416,restoran
-7.7011455,108.657896,restoran
-7.6914825,108.6478526,restoran
-7.6913744,108.6477725,restoran
-6.195348,106.8400263,restoran
-6.1216134,106.7884894,restoran
-6.1392897,106.8253134,restoran
-6.4717694,107.4804409,restoran
-6.8780412,107.5773986,restoran
-6.9980342,108.4582683,restoran
-6.3187256,107.0141695,restoran
-6.9528421,107.6277228,restoran
-6.0987084,106.9640543,restoran
-6.607045,106.8016673,restoran
-6.8982686,107.6173956,restoran
-6.9023115,107.6135993,restoran
-6.1470612,106.8183174,restoran
-6.1874979,106.8305465,restoran
-6.1871799,106.8309693,restoran
-6.329031,106.9191729,restoran
-6.5888826,106.8026789,restoran
-6.2255888,106.807934,restoran
-6.8903288,107.5961947,restoran
-6.8903231,107.5963214,restoran
-6.889655,107.5960529,restoran
-6.8890381,107.5960491,restoran
-6.8884652,107.5960213,restoran
-6.8903255,107.5962561,restoran
-6.8903206,107.5963924,restoran
-6.889791,107.5960614,restoran
-6.8887545,107.5960331,restoran
-6.8903808,107.5964328,restoran
-6.8883223,107.5961745,restoran
-6.888838,107.5960375,restoran
-6.8902714,107.5960569,restoran
-6.1194294,106.6642867,restoran
-6.1186428,106.6654426,restoran
-6.1185582,106.6656506,restoran
-6.118267,106.6663241,restoran
-6.1186707,106.6653758,restoran
-6.1185065,106.665774,restoran
-6.1180995,106.667765,restoran
-6.1942098,106.8685064,restoran
-6.1631371,106.8266168,restoran
-6.9195711,107.6157894,restoran
-6.8917426,107.6044205,restoran
-6.8846654,107.6073974,restoran
-6.8914629,107.6043639,restoran
-6.8650516,107.5942055,restoran
-6.8168414,107.6127033,restoran
-6.818246,107.6194735,restoran
-6.885523,108.4999329,restoran
-6.8845688,108.4996664,restoran
-6.1868555,106.8252421,restoran
-6.4210998,106.8616993,restoran
-6.3018561,106.6714538,restoran
-6.2997159,106.6694094,restoran
-6.2023726,106.8014933,restoran
-6.2416411,106.8102194,restoran
-6.2384342,106.8141246,restoran
-6.2408475,106.8102759,restoran
-6.2429134,106.8097437,restoran
-6.2429628,106.8097088,restoran
-7.6920566,108.6491489,restoran
-6.2513497,106.7916688,restoran
-6.8347633,108.2267445,restoran
-6.9468855,107.6384563,restoran
-6.94702,107.6382191,restoran
-6.1227611,106.8889888,restoran
-6.285436,107.2815549,restoran
-6.1438323,106.7343591,restoran
-6.1404387,106.8573009,restoran
-6.1371377,106.7326699,restoran
-6.192862,106.8215615,restoran
-6.3917161,106.8210002,restoran
-6.188393,106.7379928,restoran
-6.9045335,107.5993145,restoran
-6.1442494,106.6311423,restoran
-6.2212432,106.8267116,restoran
-6.2210934,106.8236427,restoran
-6.1467403,106.7320455,restoran
-6.3724187,106.8494157,restoran
-6.3723396,106.8492967,restoran
-7.6917207,108.6515866,restoran
-6.1902268,106.8587515,restoran
-6.1166622,106.7786307,restoran
-6.2051847,106.8169863,restoran
-6.971242,107.7609744,restoran
-6.4816473,106.8111818,restoran
-6.1109982,106.7373982,restoran
-7.6891868,108.6460896,restoran
-7.6929261,108.6549187,restoran
-6.1860529,106.8250799,restoran
-6.1368609,106.8115175,restoran
-6.1512736,106.8256801,restoran
-6.1698464,106.8299021,restoran
-6.1650995,106.7812353,restoran
-6.2653277,106.8851529,restoran
-6.1550342,106.8177241,restoran
-6.7145538,108.5028056,restoran
-6.7147137,108.5031597,restoran
-6.7180636,108.5021373,restoran
-6.7178771,108.5019764,restoran
-6.1871338,106.8212355,restoran
-6.1930442,106.8039753,restoran
-6.1981857,106.782401,restoran
-6.8926072,107.5852302,restoran
-6.9085032,107.5984194,restoran
-6.8783734,107.5963943,restoran
-7.6822131,108.6036498,restoran
-6.1415848,106.8130708,restoran
-6.1715963,106.7764827,restoran
-6.1733524,106.7835065,restoran
-6.1403109,106.8324375,restoran
-6.9016624,107.597561,restoran
-6.9044343,107.597659,restoran
-6.893814,107.6057222,restoran
-6.8942378,107.6056125,restoran
-6.8939722,107.6057199,restoran
-6.8941224,107.6056536,restoran
-6.9084924,107.6225601,restoran
-6.9086216,107.6247886,restoran
-6.8948961,107.5891041,restoran
-6.9105912,107.6261648,restoran
-6.9005394,107.6030518,restoran
-6.9227199,107.6077303,restoran
-6.8662192,107.609991,restoran
-6.9183508,107.6138211,restoran
-6.1413553,106.8134157,restoran
-6.8970431,107.5914757,restoran
-6.1444214,106.8674778,restoran
-6.3017861,106.6538128,restoran
-6.3018483,106.6539512,restoran
-6.1834457,106.8236983,restoran
-7.6950169,108.6578815,restoran
-6.1357786,106.805866,restoran
-6.6796502,106.9311443,restoran
-6.1834966,106.8207216,restoran
-6.1423544,106.8135957,restoran
-6.2581698,106.7364036,restoran
-6.2590723,106.7366154,restoran
-6.2610799,106.7388631,restoran
-6.2599602,106.7405838,restoran
-6.2601881,106.7474234,restoran
-6.2597909,106.7454748,restoran
-7.2169454,107.9061744,restoran
-7.2156768,107.9056043,restoran
-6.2363521,106.8470975,restoran
-7.2660128,107.9124207,restoran
-7.3118237,107.7824746,restoran
-7.7502824,108.5025517,restoran
-6.3998165,106.9761481,restoran
-6.6616487,107.1969968,restoran
-7.7502564,108.5024201,restoran
-7.4402976,108.1951607,restoran
-7.7469141,108.4973798,restoran
-7.750288,108.5022825,restoran
-6.1842447,106.8111636,restoran
-7.6487616,108.5380219,restoran
-7.6713021,108.5576805,restoran
-7.6848468,108.6230416,restoran
-6.118406,106.6660077,restoran
-6.2544272,106.8025946,restoran
-6.9062762,107.590788,restoran
-6.3459065,107.165363,restoran
-6.1494667,106.8185575,restoran
-6.9570164,106.486083,restoran
-6.1744639,106.7782489,restoran
-6.1866519,106.821187,restoran
-6.9174178,107.6092353,restoran
-6.9169772,107.608836,restoran
-6.9170955,107.6087448,restoran
-6.9171422,107.6085855,restoran
-6.917202,107.608385,restoran
-6.91746,107.6094194,restoran
-6.9176115,107.6092962,restoran
-6.9173678,107.6093892,restoran
-6.9171028,107.6083528,restoran
-6.9169993,107.6087546,restoran
-6.9382735,107.7344244,restoran
-7.0163893,107.8814875,restoran
-6.9661835,107.8108961,restoran
-7.012065,107.873956,restoran
-6.9266622,107.7105839,restoran
-6.887513,107.612487,restoran
-6.841072,108.6371048,restoran
-6.8383747,108.6407822,restoran
-6.8993196,107.6133452,restoran
-6.1742307,106.7881714,restoran
-6.8311349,107.6564139,restoran
-6.83078,107.6548715,restoran
-6.9045127,107.6755431,restoran
-6.1725004,106.7831212,restoran
-6.1931291,106.803974,restoran
-6.2167432,106.7699275,restoran
-6.1831412,106.8299216,restoran
-6.1979585,106.8286621,restoran
-6.1743824,106.7782404,restoran
-6.1421275,106.8130154,restoran
-6.6106912,106.8054301,restoran
-6.2176651,106.819599,restoran
-6.2382232,106.8473147,restoran
-6.237625,106.8471722,restoran
-6.2356308,106.8469627,restoran
-6.2348147,106.846792,restoran
-6.2348113,106.846444,restoran
-6.1751099,106.788584,restoran
-6.1748958,106.7888992,restoran
-6.1920222,106.7851514,restoran
-6.1873589,106.7387752,restoran
-6.1771699,106.7904063,restoran
-6.4280897,107.4278317,restoran
-6.3667391,106.8341952,restoran
-6.1984537,106.8374881,restoran
-6.1772791,106.7889503,restoran
-6.3070571,106.7547793,restoran
-6.1884107,106.8187995,restoran
-6.1750811,106.7905235,restoran
-6.2090321,106.8198016,restoran
-6.2442661,106.8014508,restoran
-6.1879067,106.7688907,restoran
-6.1896285,106.764412,restoran
-6.8133308,107.1450204,restoran
-6.812626,107.1453184,restoran
-6.8132562,107.1364993,restoran
-6.2385955,106.8069613,restoran
-6.2258943,106.8002406,restoran
-6.2916352,106.8006037,restoran
-6.2255589,106.7989238,restoran
-6.4087683,108.287002,restoran
-6.2516188,106.8615072,restoran
-6.251259,106.861775,restoran
-6.8844734,107.6063465,restoran
-6.3501075,107.2969334,restoran
-6.2183553,106.8685541,restoran
-6.9041234,107.5973403,restoran
-6.9056495,107.5965298,restoran
-6.1176353,106.7829047,restoran
-6.917021,107.6084609,restoran
-6.9056577,107.5973527,restoran
-6.1728879,106.8116773,restoran
-6.1661066,106.8086353,restoran
-6.1720189,106.8214531,restoran
-6.1608074,106.8131382,restoran
-6.160409,106.8158659,restoran
-6.168346,106.8142939,restoran
-6.1792221,106.8179013,restoran
-6.1794317,106.8139422,restoran
-6.1400081,106.8152302,restoran
-6.1879759,106.8186783,restoran
-6.1649052,106.7915588,restoran
-6.1618774,106.7945793,restoran
-6.1530424,106.7973423,restoran
-6.1584809,106.7966425,restoran
-6.1658416,106.7956268,restoran
-6.1744305,106.7920764,restoran
-6.1742302,106.788684,restoran
-6.1742274,106.7887617,restoran
-6.1736671,106.8119064,restoran
-6.1772796,106.7835279,restoran
-6.1783787,106.7975649,restoran
-6.1762035,106.8018232,restoran
-6.1993803,106.8016192,restoran
-6.204811,106.8573866,restoran
-6.1973461,106.8522457,restoran
-6.1958463,106.8403972,restoran
-6.1970181,106.8487441,restoran
-6.2000467,106.8438913,restoran
-6.1883146,106.8363443,restoran
-6.1881024,106.8366754,restoran
-6.1874543,106.8278111,restoran
-6.1839163,106.8247027,restoran
-6.1850819,106.8328065,restoran
-6.1872928,106.8273363,restoran
-6.1857828,106.8249624,restoran
-6.1698052,106.765409,restoran
-6.1696226,106.7666508,restoran
-6.169536,106.7681176,restoran
-6.1699214,106.7685654,restoran
-6.1698571,106.7687644,restoran
-6.1659735,106.762791,restoran
-6.1699509,106.7666568,restoran
-6.1762014,106.8611001,restoran
-6.1833809,106.8271768,restoran
-6.1827933,106.8263267,restoran
-6.5766866,106.8080822,restoran
-6.2528846,106.8428878,restoran
-6.2675089,106.8455558,restoran
-6.2935473,106.9606363,restoran
-6.1561766,106.8078794,restoran
-6.1534601,106.8081715,restoran
-6.2011535,106.8223375,restoran
-6.2019682,106.8234076,restoran
-6.2143468,106.8199651,restoran
-6.2165328,106.8193039,restoran
-6.2253933,106.8290204,restoran
-6.2065413,106.8172919,restoran
-6.24227,106.8445463,restoran
-6.2116566,106.8440752,restoran
-6.2327115,106.8441283,restoran
-6.23326,106.8448619,restoran
-6.2159937,106.8435074,restoran
-6.1737865,106.8438472,restoran
-6.1673293,106.8281487,restoran
-6.1672892,106.8277904,restoran
-6.1629228,106.8247644,restoran
-6.1628716,106.8248866,restoran
-6.1629623,106.8246395,restoran
-6.163368,106.8247716,restoran
-6.1958641,106.8248134,restoran
-6.1750487,106.8395728,restoran
-6.1617348,106.8446468,restoran
-6.1624495,106.8405858,restoran
-6.2246953,106.8236278,restoran
-6.2280133,106.8253491,restoran
-6.1829194,106.6001589,restoran
-6.1866652,106.6070392,restoran
-6.184013,106.6000089,restoran
-6.3200305,106.6635346,restoran
-6.1892714,106.8357703,restoran
-6.1928739,106.8364946,restoran
-6.1942127,106.836767,restoran
-6.1993854,106.8375312,restoran
-6.1973135,106.8283363,restoran
-6.1966387,106.82846,restoran
-6.1963367,106.8285096,restoran
-6.2818943,106.7963804,restoran
-6.2809637,106.7961075,restoran
-6.2767993,106.7973911,restoran
-6.7650255,108.1271856,restoran
-6.1216409,106.7880242,restoran
-6.1179649,106.7884244,restoran
-6.1175538,106.7899829,restoran
-6.1198697,106.7879426,restoran
-6.1207534,106.7879539,restoran
-6.110973,106.7923099,restoran
-6.1154681,106.792288,restoran
-6.105474,106.7907595,restoran
-6.1123982,106.7378636,restoran
-6.1110278,106.7386613,restoran
-6.1119877,106.7431129,restoran
-6.1034593,106.7402225,restoran
-6.1088047,106.8811879,restoran
-6.5815765,106.813067,restoran
-6.5890946,106.8168516,restoran
-6.3413233,106.9235159,restoran
-6.9306467,107.1219789,restoran
-6.1493077,106.8196677,restoran
-6.9176786,106.9737329,restoran
-6.187412,106.828973,restoran
-6.8244748,107.1450762,restoran
-6.8232496,107.1645121,restoran
-6.2080213,106.8178284,restoran
-6.1325301,106.8151035,restoran
-6.2242593,106.8235618,restoran
-6.224502,106.8235832,restoran
-6.1762667,106.8105857,restoran
-6.2243152,106.8236878,restoran
-6.229473,106.852985,restoran
-6.2284778,106.8558918,restoran
-6.1101122,106.80161,restoran
-6.1013045,106.7999763,restoran
-6.1000388,106.8000638,restoran
-6.1733529,106.7834606,restoran
-6.2729238,106.741831,restoran
-6.1748096,106.7888971,restoran
-6.9125227,107.6286872,restoran
-7.1632699,107.8977753,restoran
-7.1001828,107.8984831,restoran
-7.2187592,107.9046564,restoran
-6.8780483,107.5922348,restoran
-7.3011735,107.800773,restoran
-6.9119898,107.6281614,restoran
-6.1726799,106.7773344,restoran
-6.1724576,106.7771699,restoran
-7.3311405,108.4000397,restoran
-6.2520383,106.8613642,restoran
-6.1893544,106.7965986,restoran
-6.2938878,106.6657323,restoran
-6.2940601,106.6657664,restoran
-6.1744009,106.783442,restoran
-6.1452232,106.876873,restoran
-6.1760823,106.8596111,restoran
-6.1702519,106.8212042,restoran
-7.6930076,108.6524272,restoran
-6.2549466,106.4690181,restoran
-6.2555773,106.4686467,restoran
-6.169494,106.7729811,restoran
-6.1691883,106.7721681,restoran
-6.1695327,106.7723341,restoran
-6.1695235,106.772435,restoran
-6.1693922,106.7781837,restoran
-6.1694971,106.772931,restoran
-6.1691814,106.7722456,restoran
-6.1745361,106.7888788,restoran
-6.173975,106.7878593,restoran
-6.2651029,106.7658092,restoran
-6.1409384,106.8126198,restoran
-6.1122057,106.7436992,restoran
-6.1127851,106.743268,restoran
-6.1127305,106.7430501,restoran
-6.9432469,107.7540622,restoran
-6.9424346,107.7550461,restoran
-6.9428475,107.7540511,restoran
-6.9428054,107.7542049,restoran
-6.9430906,107.7541785,restoran
-6.9431518,107.7540863,restoran
-6.9434844,107.7539983,restoran
-6.175525,106.8446328,restoran
-6.1999935,106.8226473,restoran
-6.9504623,107.7514167,restoran
-6.9520881,107.7498939,restoran
-6.9521936,107.7497306,restoran
-6.9521419,107.7500167,restoran
-6.1709442,106.9039812,restoran
-6.1485445,106.9106984,restoran
-6.2336931,106.6321459,restoran
-6.2421299,106.8521148,restoran
-6.2419056,106.8509258,restoran
-6.2402911,106.8476133,restoran
-6.2398272,106.8483375,restoran
-6.9058346,107.6168509,restoran
-6.906393,107.6173966,restoran
-6.910716,107.5977589,restoran
-6.2542279,106.4680777,restoran
-6.7289197,107.0145316,restoran
-6.1827814,106.7836961,restoran
-6.8913214,107.5718325,restoran
-6.8886687,107.6189787,restoran
-6.223597,106.8108268,restoran
-6.233564,106.8120271,restoran
-6.2163321,106.770354,restoran
-6.2167055,106.7703983,restoran
-6.2023116,106.8008089,restoran
-6.9058303,107.5973504,restoran
-6.1490549,106.8330858,restoran
-6.9145711,107.6021311,restoran
-6.2660997,106.7850823,restoran
-6.2661599,106.7850605,restoran
-6.266038,106.78508,restoran
-6.265926,106.784983,restoran
-6.2658991,106.7848805,restoran
-6.2659138,106.7848323,restoran
-6.2659462,106.7847891,restoran
-6.2659786,106.7847542,restoran
-6.2660138,106.7847252,restoran
-6.2666124,106.7845879,restoran
-6.2660547,106.7846905,restoran
-6.266246,106.7845592,restoran
-6.2659154,106.7851198,restoran
-6.26512,106.7842132,restoran
-6.487513,106.8351441,restoran
-6.8808327,107.5819186,restoran
-6.8970234,107.5912071,restoran
-6.1488372,106.8290725,restoran
-6.1783536,106.6434886,restoran
-6.178174,106.6434772,restoran
-6.3892685,107.3953829,restoran
-6.3888111,107.3947747,restoran
-6.1998884,106.801317,restoran
-6.1400275,106.8169062,restoran
-6.3318166,106.7491019,restoran
-6.3316332,106.7492186,restoran
-6.2847566,106.9369918,restoran
-6.1762253,106.7834808,restoran
-6.1883299,106.7854974,restoran
-6.1892893,106.7966004,restoran
-6.9040399,107.6664854,restoran
-6.9029451,107.6655565,restoran
-6.2278203,106.7740977,restoran
-6.1938702,106.7690915,restoran
-6.1939076,106.7690902,restoran
-6.1725142,106.7768335,restoran
-7.5726246,108.4990173,restoran
-6.1951254,106.817454,restoran
-6.9226022,107.6119813,restoran
-6.2100186,106.8452888,restoran
-6.2279847,106.8255343,restoran
-6.2104356,106.8045777,restoran
-6.2290703,106.8252901,restoran
-6.2289785,106.8219622,restoran
-6.2289837,106.8228134,restoran
-6.352146,106.9385114,restoran
-6.3525319,106.9367277,restoran
-6.2298232,106.8275266,restoran
-6.2297207,106.8276081,restoran
-6.352464,106.9374935,restoran
-6.227206,106.8271368,restoran
-6.2273436,106.8275197,restoran
-6.227252,106.8275178,restoran
-6.2223368,106.821277,restoran
-6.1137433,106.6863764,restoran
-6.2275512,106.8265796,restoran
-6.1683801,106.7866549,restoran
-6.2280135,106.8270599,restoran
-6.1281101,106.657951,restoran
-6.1292175,106.6577894,restoran
-6.196093,106.8209546,restoran
-6.195867,106.8208112,restoran
-6.217034,106.8193875,restoran
-6.2255173,106.8223656,restoran
-6.2274362,106.8262225,restoran
-6.2274495,106.8255704,restoran
-6.2266575,106.8254979,restoran
-6.3030398,106.8852452,restoran
-6.2906823,106.881118,restoran
-6.2898544,106.8809168,restoran
-6.3029042,106.8850597,restoran
-6.3029744,106.8851559,restoran
-6.19978,106.7877017,restoran
-6.1950087,106.822019,restoran
-6.1931567,106.815344,restoran
-6.1980955,106.8142702,restoran
-6.1949217,106.8171461,restoran
-6.2042101,106.8165546,restoran
-6.2208509,106.8208179,restoran
-6.2219374,106.8214827,restoran
-6.2246883,106.8290502,restoran
-6.1295586,106.6333105,restoran
-6.1293605,106.6333195,restoran
-6.8202931,107.6106819,restoran
-6.2279907,106.8252535,restoran
-6.1340088,106.6330939,restoran
-6.1483997,106.6324097,restoran
-6.1370236,106.6638668,restoran
-6.1194696,106.6734763,restoran
-6.1136036,106.6867169,restoran
-6.2277768,106.8253411,restoran
-6.2232304,106.6201285,restoran
-6.2278142,106.8253106,restoran
-6.2216621,106.8206998,restoran
-6.2167875,106.8192424,restoran
-6.1762461,106.6377842,restoran
-6.1714019,106.6370438,restoran
-6.1562975,106.6322595,restoran
-6.1700744,106.6338745,restoran
-6.2277172,106.8256356,restoran
-6.140927,106.6324219,restoran
-6.1745533,106.7782479,restoran
-6.1646183,106.8205813,restoran
-6.1280213,106.7924824,restoran
-6.1193746,106.6737069,restoran
-6.1266225,106.7914084,restoran
-6.1266645,106.791673,restoran
-6.1645496,106.7897438,restoran
-6.1914877,106.8233156,restoran
-6.1057298,106.6826713,restoran
-6.1119355,106.6857718,restoran
-6.1122994,106.6859146,restoran
-6.1113881,106.684231,restoran
-6.110867,106.6840108,restoran
-6.2672112,106.7839004,restoran
-6.2018156,106.7810574,restoran
-6.2019363,106.7809093,restoran
-6.2040403,106.7901834,restoran
-6.2020791,106.7837019,restoran
-6.2022307,106.7828243,restoran
-6.2020915,106.7891827,restoran
-6.2041858,106.7934737,restoran
-6.2019762,106.7864586,restoran
-6.201745,106.7881372,restoran
-6.1668606,106.7864443,restoran
-6.1219571,106.6338077,restoran
-6.1172185,106.6341764,restoran
-6.1257069,106.6335528,restoran
-6.1132988,106.6801881,restoran
-6.2006318,106.7827116,restoran
-6.2024787,106.7805384,restoran
-6.2276673,106.8255581,restoran
-6.2276322,106.8256035,restoran
-6.2277684,106.8256597,restoran
-6.2272779,106.8247728,restoran
-6.2165843,106.8191467,restoran
-6.2276183,106.8255093,restoran
-6.2227744,106.8218347,restoran
-7.6871988,108.6491257,restoran
-6.200914,106.7832156,restoran
-6.2008156,106.7831921,restoran
-6.2007771,106.783278,restoran
-6.2007727,106.783353,restoran
-6.200778,106.7832445,restoran
-6.2190995,106.814303,restoran
-6.2169643,106.8193691,restoran
-6.2425289,106.7960271,restoran
-6.2432448,106.7964226,restoran
-6.2430809,106.7963087,restoran
-6.2423681,106.7959221,restoran
-6.2278009,106.8253684,restoran
-6.2018646,106.7809348,restoran
-6.2302893,106.8257931,restoran
-6.2323137,106.8283991,restoran
-6.2148252,106.8298851,restoran
-6.1930949,106.8151758,restoran
-6.1989928,106.8226681,restoran
-6.2184769,106.8198723,restoran
-6.2193456,106.8200854,restoran
-6.2218627,106.8213904,restoran
-6.2079559,106.8178728,restoran
-6.2243138,106.8249996,restoran
-6.2023481,106.800845,restoran
-6.2000587,106.799354,restoran
-6.2288416,106.8198995,restoran
-6.230312,106.8215053,restoran
-6.2295186,106.8277872,restoran
-6.229616,106.8219259,restoran
-6.2296179,106.8276956,restoran
-6.2080583,106.8188186,restoran
-6.2089353,106.8181427,restoran
-6.2012262,106.8223197,restoran
-6.1936685,106.6334447,restoran
-6.1921623,106.6344317,restoran
-6.1422807,106.8145865,restoran
-6.178532,106.6735456,restoran
-6.2539901,106.8274383,restoran
-6.2005303,106.7875031,restoran
-6.2018122,106.7811084,restoran
-6.2018065,106.7811415,restoran
-6.201892,106.785156,restoran
-6.2018179,106.7810099,restoran
-6.2007861,106.7826846,restoran
-6.2006183,106.7845822,restoran
-6.2008138,106.7845053,restoran
-6.2008515,106.7840106,restoran
-6.200813,106.7845271,restoran
-6.200759,106.7836877,restoran
-6.2007565,106.7837145,restoran
-6.2046685,106.7828805,restoran
-6.1739759,106.7801545,restoran
-6.2046199,106.7828802,restoran
-6.1764285,106.7878292,restoran
-6.2012129,106.7827193,restoran
-6.2012552,106.7826397,restoran
-6.2022773,106.78234,restoran
-6.2452249,106.7835399,restoran
-6.1749643,106.790419,restoran
-6.2400119,106.8045856,restoran
-6.5905374,106.7972451,restoran
-6.6073119,106.8104572,restoran
-6.6073555,106.8104171,restoran
-6.2023001,106.7832706,restoran
-6.2024674,106.783226,restoran
-6.2021196,106.7834102,restoran
-6.209065,106.8181847,restoran
-6.1949624,106.7877296,restoran
-6.19464,106.7876893,restoran
-6.1946862,106.7875869,restoran
-6.1941381,106.7866099,restoran
-6.1944201,106.7872802,restoran
-6.1947386,106.7876837,restoran
-6.1972334,106.8174151,restoran
-6.1971015,106.8174182,restoran
-6.1969925,106.8174213,restoran
-6.2460974,106.7991551,restoran
-6.256766,106.9665492,restoran
-6.2498195,106.8001044,restoran
-6.2005009,106.7865626,restoran
-6.2276722,106.7976222,restoran
-6.2494894,106.7986113,restoran
-6.1946348,106.8392244,restoran
-6.1944716,106.839265,restoran
-6.1929245,106.8401853,restoran
-6.5921622,106.8022709,restoran
-6.2006991,106.7857108,restoran
-6.200754,106.7854641,restoran
-6.2022642,106.7821006,restoran
-6.2007847,106.7849294,restoran
-6.2008233,106.7829285,restoran
-6.2007005,106.785688,restoran
-6.2007711,106.7834033,restoran
-6.2006761,106.785954,restoran
-6.2019167,106.7805113,restoran
-6.201909,106.7806085,restoran
-6.9249539,107.6183981,restoran
-6.9313423,107.6125525,restoran
-6.9000896,107.6040806,restoran
-6.9041311,107.624076,restoran
-7.7498736,108.5006385,restoran
-6.893725,107.6057251,restoran
-6.2037289,106.7828344,restoran
-6.9692594,107.7038804,restoran
-6.1930939,106.8039748,restoran
-6.1862886,106.8250475,restoran
-6.8742007,107.5609404,restoran
-6.1494903,106.8210609,restoran
-6.7127359,107.0228634,restoran
-6.1932605,106.8047137,restoran
-6.2386987,106.8154342,restoran
-6.1359732,106.8140146,restoran
-6.1999118,106.7869034,restoran
-6.2001792,106.7840479,restoran
-6.2001768,106.7841228,restoran
-6.2002525,106.784095,restoran
-6.2002523,106.7838749,restoran
-6.2002485,106.7839453,restoran
-6.9827875,108.3154846,restoran
-6.2004949,106.7836045,restoran
-6.2007634,106.7834954,restoran
-6.2001591,106.7836054,restoran
-6.2001579,106.7835747,restoran
-6.200281,106.7834917,restoran
-6.2005716,106.7836004,restoran
-6.2002419,106.7836256,restoran
-6.2006153,106.7824551,restoran
-6.2019135,106.7805623,restoran
-6.4781318,106.8130195,restoran
-6.4821241,106.8008101,restoran
-6.2030368,106.7827774,restoran
-6.2065278,106.7830897,restoran
-6.206632,106.7830904,restoran
-6.202443,106.7826912,restoran
-6.206632,106.7830356,restoran
-6.203418,106.7827958,restoran
-6.168939,106.7782706,restoran
-6.1688769,106.7781569,restoran
-6.1688742,106.77827,restoran
-6.2022841,106.7818671,restoran
-6.2023313,106.7814882,restoran
-6.2023324,106.7815637,restoran
-6.202329,106.7816011,restoran
-6.2019112,106.7805858,restoran
-6.202285,106.7818523,restoran
-6.2007885,106.7848291,restoran
-6.2024826,106.7802989,restoran
-6.2079612,106.7897654,restoran
-6.2053679,106.7830249,restoran
-6.1891675,106.8017439,restoran
-6.1859082,106.7984288,restoran
-6.18593,106.7974106,restoran
-6.1897323,106.7915352,restoran
-6.1739573,106.7811529,restoran
-6.1861159,106.8014687,restoran
-6.1859278,106.7975561,restoran
-6.2060988,106.8077178,restoran
-6.2660386,106.784718,restoran
-6.2211267,106.8334766,restoran
-6.2452375,106.7838518,restoran
-6.2212041,106.8333991,restoran
-6.2214878,106.8334062,restoran
-6.1689525,106.7785906,restoran
-6.1690801,106.7784369,restoran
-6.2461674,106.6229773,restoran
-6.1736112,106.783033,restoran
-6.1736721,106.7830348,restoran
-6.2023858,106.7828063,restoran
-6.2004844,106.7825676,restoran
-6.206246,106.7830633,restoran
-6.1933361,106.7823197,restoran
-6.2017364,106.7884454,restoran
-6.7057868,106.7969714,restoran
-6.6092274,106.8037889,restoran
-6.201915,106.7805442,restoran
-6.1949018,106.7822205,restoran
-6.1998799,106.7823843,restoran
-6.2269034,106.7980075,restoran
-6.2421409,106.6518522,restoran
-6.242416,106.6518546,restoran
-6.2426953,106.6518321,restoran
-6.2422568,106.6518559,restoran
-6.2425936,106.6518616,restoran
-6.242019,106.6518503,restoran
-6.2423588,106.6518533,restoran
-6.2427808,106.6517985,restoran
-6.1938543,106.7864321,restoran
-6.2024511,106.7802905,restoran
-6.6071428,106.7952552,restoran
-6.3883909,106.9387453,restoran
-6.2022722,106.7828259,restoran
-6.9107444,107.5977119,restoran
-6.1762187,106.8306059,restoran
-6.227422,106.8095434,restoran
-6.2286459,106.8093207,restoran
-6.2915424,106.8003688,restoran
-6.2916664,106.8004467,restoran
-6.2915192,106.8007117,restoran
-6.2667013,106.7831293,restoran
-6.2654748,106.7824212,restoran
-6.2672545,106.7839903,restoran
-6.2424096,107.02639,restoran
-6.1045901,106.7400966,restoran
-6.1048941,106.7411319,restoran
-6.1094732,106.7401864,restoran
-6.1096598,106.7403849,restoran
-6.1092891,106.7403098,restoran
-6.1127681,106.7524987,restoran
-6.1127627,106.7526596,restoran
-6.1128107,106.7525845,restoran
-6.1105117,106.7412126,restoran
-6.1109677,106.7417748,restoran
-6.1119127,106.752652,restoran
-6.16969,106.7917855,restoran
-6.16957,106.7901547,restoran
-6.5617477,106.7927326,restoran
-6.1694113,106.7912784,restoran
-6.1694567,106.7908117,restoran
-6.1694487,106.7909002,restoran
-6.169294,106.7913991,restoran
-6.1703849,106.7873159,restoran
-6.170325,106.7863421,restoran
-6.170437,106.7853765,restoran
-7.3697973,108.5388187,restoran
-7.3710974,108.5414982,restoran
-7.3697333,108.5363962,restoran
-7.3700743,108.5764334,restoran
-7.3700796,108.5762305,restoran
-6.9989805,107.6005708,restoran
-6.1870303,106.8313831,restoran
-6.5760803,106.8931568,restoran
-6.1378557,106.8151494,restoran
-6.2470921,106.7862318,restoran
-6.2469176,106.7879135,restoran
-6.6134525,108.0185532,restoran
-7.330086,108.3644844,restoran
-7.3298803,108.3648646,restoran
-6.2164275,106.8196072,restoran
-6.2240159,106.8211046,restoran
-6.2261006,106.8546761,restoran
-7.2154436,107.785304,restoran
-7.2169134,107.7383342,restoran
-6.217481,106.8443653,restoran
-6.2175281,106.8443728,restoran
-6.218069,106.8448179,restoran
-6.2258035,106.6504562,restoran
-6.3005101,106.6901216,restoran
-6.3006315,106.6870342,restoran
-6.3006313,106.6874638,restoran
-6.3005917,106.6883862,restoran
-6.3006462,106.6851417,restoran
-6.3003942,106.6847093,restoran
-6.3010693,106.6842402,restoran
-6.2386701,106.6595225,restoran
-6.242723,106.6549972,restoran
-6.2949087,106.7145687,restoran
-6.2867925,106.6658169,restoran
-6.2825836,106.6375447,restoran
-6.2822393,106.6373184,restoran
-6.2821062,106.6372531,restoran
-6.2819553,106.6372086,restoran
-6.2851401,106.6372051,restoran
-6.2346412,106.8156438,restoran
-7.061534,108.7074007,restoran
-6.3760704,106.9063953,restoran
-6.21272,106.8035956,restoran
-6.2122847,106.8038939,restoran
-6.7124723,108.5507155,restoran
-6.9230891,106.9373812,restoran
-6.9229894,106.9397728,restoran
-6.9188238,106.9142215,restoran
-6.919839,106.918642,restoran
-6.9226931,106.9313549,restoran
-6.9225408,106.9321007,restoran
-6.9229812,106.9336713,restoran
-6.9188653,106.9368432,restoran
-6.9169706,106.9359301,restoran
-6.9187301,106.9362237,restoran
-6.9114928,106.9353818,restoran
-6.9122774,106.9349713,restoran
-6.9213421,106.9309565,restoran
-6.9201842,106.9293436,restoran
-6.9189896,106.928657,restoran
-6.9169641,106.9301361,restoran
-6.9162061,106.9325476,restoran
-6.9147057,106.9331876,restoran
-6.9155937,106.9326843,restoran
-6.2063389,106.6496772,restoran
-6.2065571,106.6495593,restoran
-6.2063207,106.6498683,restoran
-6.2062747,106.6496741,restoran
-6.2066157,106.6494902,restoran
-6.2061037,106.6492798,restoran
-6.2062027,106.649977,restoran
-6.2058026,106.6491517,restoran
-6.2064331,106.6502538,restoran
-6.2060512,106.6497372,restoran
-6.2060067,106.6495583,restoran
-6.2071109,106.6493735,restoran
-6.2063426,106.6500857,restoran
-6.2062108,106.6500909,restoran
-6.2063588,106.650137,restoran
-6.2064145,106.6501814,restoran
-6.2069392,106.6494856,restoran
-6.2080783,106.6490683,restoran
-6.2072688,106.6494295,restoran
-6.2071945,106.6493338,restoran
-6.2081967,106.6490263,restoran
-6.2081085,106.6491944,restoran
-6.2078787,106.6492738,restoran
-6.2082872,106.6490519,restoran
-6.2091391,106.6488885,restoran
-6.2078229,106.6493158,restoran
-6.2080017,106.6492317,restoran
-6.2083963,106.6490029,restoran
-6.2085379,106.649073,restoran
-6.2088397,106.6489352,restoran
-6.2087422,106.6490706,restoran
-6.2088583,106.6491734,restoran
-6.2089441,106.6488885,restoran
-6.2086911,106.6486527,restoran
-6.2093109,106.6485009,restoran
-6.2086331,106.6479031,restoran
-6.2093991,106.6483561,restoran
-6.2086493,106.6480059,restoran
-6.2091229,106.6480969,restoran
-6.2095779,106.6484285,restoran
-6.2094896,106.6481063,restoran
-6.2098077,106.6485709,restoran
-6.2100491,106.6485546,restoran
-6.2100421,106.6484075,restoran
-6.209622,106.6484752,restoran
-6.2100096,106.64823,restoran
-6.210186,106.6482744,restoran
-6.2103091,106.648209,restoran
-6.1866989,106.6608518,restoran
-6.2412494,106.9966041,restoran
-6.8685855,107.5231221,restoran
-6.9288257,107.6250214,restoran
-6.8772699,107.6172128,restoran
-7.2161924,107.9150302,restoran
-7.2167581,107.9151808,restoran
-6.1117199,106.7474863,restoran
-6.1831778,106.6767478,restoran
-6.300848,106.684581,restoran
-6.3005867,106.6843697,restoran
-6.1175984,106.7828219,restoran
-7.001714,107.7486808,restoran
-6.4186613,106.7389293,restoran
-6.5876277,107.8591708,restoran
-6.1605477,106.8230159,restoran
-6.6042865,106.7970607,restoran
-7.0554136,107.9784246,restoran
-6.851575,107.6137911,restoran
-6.9184679,107.6101923,restoran
-6.1040597,106.7401845,restoran
-6.763706,108.4826236,restoran
-6.2950017,106.9967563,restoran
-6.2950084,106.996704,restoran
-6.2945391,106.9963846,restoran
-6.2950775,106.9983197,restoran
-6.2650762,107.0106743,restoran
-6.2650949,107.0106327,restoran
-6.2973668,107.0174062,restoran
-6.2813283,106.9988901,restoran
-6.2810361,106.9985955,restoran
-6.2809746,106.9983234,restoran
-6.2809873,106.998369,restoran
-6.2950969,106.9973912,restoran
-6.2950323,106.9974301,restoran
-6.2811453,107.006229,restoran
-6.2698823,107.0036885,restoran
-6.270619,107.006168,restoran
-6.298076,106.9999536,restoran
-6.2982093,107.0001125,restoran
-6.298188,107.0000294,restoran
-6.2729667,107.0179149,restoran
-6.2400006,106.6524597,restoran
-6.200562,106.786438,restoran
-6.2630447,106.9461635,restoran
-7.3967844,108.6607933,restoran
-6.4191303,106.8138559,restoran
-6.2087376,106.8184128,restoran
-6.7589439,107.6692989,restoran
-6.7421396,107.6459505,restoran
-6.2230195,106.8575251,restoran
-6.39655,106.9432321,restoran
-6.1696111,106.633655,restoran
-6.2002076,106.7187736,restoran
-6.6115548,106.8009026,restoran
-6.3445249,106.8338005,restoran
-6.1371438,106.7721459,restoran
-6.2751561,106.9749104,restoran
-6.2388805,106.8105737,restoran
-6.2483214,106.9573409,restoran
-7.3696644,108.5407826,restoran
-6.3025635,106.6547484,restoran
-6.3027319,106.6547007,restoran
-6.3020326,106.6541296,restoran
-6.3018606,106.653596,restoran
-6.3019487,106.6538263,restoran
-6.3028281,106.6546952,restoran
-6.3017834,106.6542802,restoran
-6.3016108,106.6542661,restoran
-6.3005335,106.6531466,restoran
-6.3004977,106.6536752,restoran
-6.3031518,106.655582,restoran
-6.2843104,106.7885809,restoran
-6.3671067,107.3687252,restoran
-6.2447349,106.958393,restoran
-6.8902387,107.5955503,restoran
-6.8731826,107.6053069,restoran
-6.3989248,107.4616547,restoran
-6.8730196,107.6051703,restoran
-6.1458323,106.8963381,restoran
-6.4815296,106.8104534,restoran
-6.6509159,106.8907014,restoran
-6.2724198,106.9125508,restoran
-6.680073,106.9320313,restoran
-6.6803586,106.9322823,restoran
-6.6059573,106.8097662,restoran
-7.0194679,107.5903839,restoran
-6.2637966,106.9504401,restoran
-6.3416094,107.120366,restoran
-6.258751,106.6200882,restoran
-6.2581938,106.6194861,restoran
-6.2705051,106.9868953,restoran
-6.1921891,106.8419475,restoran
-6.1922134,106.8419076,restoran
-6.1932014,106.8410053,restoran
-6.5516786,106.733518,restoran
-6.5511997,106.7365581,restoran
-6.2563252,106.9346905,restoran
-6.2668228,106.9113609,restoran
-6.2565784,106.942648,restoran
-6.2235017,107.0022006,restoran
-6.2714661,106.9713188,restoran
-6.2558388,106.9696525,restoran
-6.2596629,106.971471,restoran
-6.5950113,106.7897838,restoran
-6.5955308,106.7896578,restoran
-6.6018549,106.8071477,restoran
-6.6120903,106.8140263,restoran
-6.2177696,106.8239059,restoran
-6.4958571,106.7957337,restoran
-6.4943385,106.7948124,restoran
-6.2088643,106.8268226,restoran
-6.2023924,106.8245405,restoran
-6.5298599,106.8005018,restoran
-6.1973936,106.8238585,restoran
-6.5914778,106.7924939,restoran
-6.2246828,106.847079,restoran
-6.4855058,106.8735273,restoran
-6.2061226,106.8486544,restoran
-6.2157499,106.8703912,restoran
-6.2117156,106.8670998,restoran
-6.3689269,106.7352315,restoran
-6.2253344,106.9318736,restoran
-6.6526967,106.9095858,restoran
-6.393728,106.8232819,restoran
-6.1769064,106.7899421,restoran
-6.1775372,106.8055916,restoran
-6.1921625,106.8240444,restoran
-6.1943769,106.8206143,restoran
-6.2003504,106.4807775,restoran
-6.1839299,106.8249487,restoran
-6.1655999,106.791381,restoran
-6.1579886,106.8032438,restoran
-6.2408449,106.6241897,restoran
-6.1580597,106.8117541,restoran
-6.1537505,106.8180526,restoran
-6.2347286,106.6463345,restoran
-6.1761122,106.6312157,restoran
-6.1828544,106.8618755,restoran
-6.2457633,106.815425,restoran
-6.2246262,106.944556,restoran
-6.2385873,106.7359232,restoran
-6.2541178,106.9092996,restoran
-6.2540206,106.9092796,restoran
-6.2589601,106.9279629,restoran
-6.2584755,106.9280495,restoran
-6.2584771,106.9278861,restoran
-6.241668,106.8104485,restoran
-6.1430759,106.7867243,restoran
-6.127913,106.726337,restoran
-6.1166248,106.7578378,restoran
-6.1243999,106.745233,restoran
-6.1222307,106.7846617,restoran
-6.120546,106.7751042,restoran
-6.1113677,106.7772498,restoran
-6.0898434,106.7438799,restoran
-6.0893257,106.7441966,restoran
-6.0904789,106.7443007,restoran
-6.1452559,106.7953602,restoran
-6.1383429,106.8005209,restoran
-6.1689865,106.6177242,restoran
-6.1562042,106.5822028,restoran
-6.2796703,106.738946,restoran
-6.2009062,106.7854323,restoran
-6.1382894,106.8654445,restoran
-6.2790634,106.8131129,restoran
-6.2955917,106.920955,restoran
-6.29633,106.9593267,restoran
-6.2725382,106.9234872,restoran
-6.2414842,106.9846061,restoran
-6.245056,106.9758601,restoran
-6.2593925,106.9953038,restoran
-6.274169,106.9739369,restoran
-6.2740234,106.9743794,restoran
-6.1481698,106.910508,restoran
-6.1464557,106.8913272,restoran
-6.2290681,106.8240651,restoran
-6.2054715,106.7936496,restoran
-6.2691164,106.8311256,restoran
-6.2398502,106.8309659,restoran
-6.2441074,106.7965955,restoran
-6.2239308,106.8982754,restoran
-6.2181383,106.9394402,restoran
-6.1987673,106.8280017,restoran
-6.2459486,106.7962978,restoran
-6.1801112,106.7838231,restoran
-6.2193044,106.8379643,restoran
-6.1850313,106.7679435,restoran
-6.2555303,106.8141016,restoran
-6.2689961,106.8699218,restoran
-6.2804863,106.8552792,restoran
-6.2543805,106.8324378,restoran
-6.2579575,106.8694515,restoran
-6.2285003,106.8556056,restoran
-6.2103392,106.8508574,restoran
-6.1899081,106.7959539,restoran
-6.3274116,107.2922211,restoran
-6.175548,106.7881773,restoran
-6.1935852,106.8186058,restoran
-6.1993257,106.7273659,restoran
-6.1751761,106.7152166,restoran
-6.1672448,106.8308554,restoran
-6.154551,106.8261125,restoran
-6.1803704,106.8427721,restoran
-6.1611767,106.8331001,restoran
-6.3104688,106.7430996,restoran
-6.1385877,106.6902874,restoran
-6.1864767,106.7353087,restoran
-6.1917635,106.7514119,restoran
-6.1633681,106.7239473,restoran
-6.1911525,106.7580734,restoran
-6.1853223,106.7532951,restoran
-6.1907403,106.7615261,restoran
-6.22515,106.9795798,restoran
-6.3193464,107.1419019,restoran
-6.2251327,107.0032476,restoran
-6.2632204,107.0826558,restoran
-6.2166336,106.7975253,restoran
-6.2894214,106.7753421,restoran
-6.136745,106.7161546,restoran
-6.1320801,106.7093917,restoran
-6.1318292,106.7787802,restoran
-6.2185309,106.8338541,restoran
-6.1526073,106.8926453,restoran
-6.1627956,106.5604466,restoran
-6.160098,106.7604202,restoran
-6.2618425,106.4191519,restoran
-6.2479596,106.9567414,restoran
-6.3499377,106.7314472,restoran
-6.1841851,106.8262002,restoran
-6.4946291,106.7670237,restoran
-6.1206844,106.6724723,restoran
-6.8162263,107.1306977,restoran
-6.8825712,107.580079,restoran
-6.2429186,106.8480486,restoran
-6.9148453,107.6811293,restoran
-6.2018764,106.8604935,restoran
-6.2915913,106.8001923,restoran
-6.5194052,106.8369294,restoran
-6.9249268,107.6236929,restoran
-6.904474,107.6046209,restoran
-6.8581104,107.6308839,restoran
-6.8844363,107.59674,restoran
-6.2554169,106.7818697,restoran
-6.347054,107.1818384,restoran
-6.5743273,106.8370313,restoran
-6.2261011,107.0004539,restoran
-6.2252698,107.0021986,restoran
-6.242723,106.7961142,restoran
-6.189897,107.0254397,restoran
-7.3709546,108.5403182,restoran
-6.2137973,107.0221721,restoran
-6.3267438,106.9744786,restoran
-6.2748609,106.816123,restoran
-6.5938698,106.7527295,restoran
-6.1455482,106.8127105,restoran
-6.2529801,106.8016624,restoran
-7.7487316,108.4967866,restoran
-7.7503258,108.5036387,restoran
-6.9003961,107.6142255,restoran
-6.2790607,106.8145313,restoran
-6.9051142,107.6015846,restoran
-6.894676,107.5885194,restoran
-6.9007356,107.5969384,restoran
-6.9028428,107.6135049,restoran
-6.9162226,107.6416342,restoran
-6.9165173,107.6417667,restoran
-6.9041351,107.6280099,restoran
-6.274026,106.8163051,restoran
-6.8940427,107.605689,restoran
-6.2958623,106.6669961,restoran
-6.3575807,106.8812209,restoran
-6.181464,106.8948105,restoran
-6.2861811,106.8632848,restoran
-6.1455455,106.7394874,restoran
-6.885306,107.5777699,restoran
-6.2086153,106.8281631,restoran
-6.2795608,106.9691195,restoran
-6.2951251,106.9983632,restoran
-6.838461,107.1298758,restoran
-6.1320455,106.7007129,restoran
-6.2951913,106.9990652,restoran
-6.1125631,106.7745671,restoran
-6.2912444,106.7787452,restoran
-6.2388638,106.8452934,restoran
-6.0886103,106.7435657,restoran
-6.2373163,106.8536555,restoran
-6.2381724,106.8568949,restoran
-6.2381439,106.8569012,restoran
-6.2203524,106.8206395,restoran
-6.1447063,106.8634404,restoran
-6.2166745,106.8141262,restoran
-6.2344478,106.8569836,restoran
-6.2344307,106.8569824,restoran
-6.1902131,106.8588206,restoran
-6.8936402,106.7855318,restoran
-6.2425668,106.848477,restoran
-6.2428168,106.8481404,restoran
-6.2427001,106.8482342,restoran
-6.2429281,106.847903,restoran
-6.2429872,106.8366968,restoran
-6.397826,106.7975711,restoran
-6.2734636,106.641586,restoran
-6.4422555,106.7918729,restoran
-6.2790838,106.8156626,restoran
-6.4415541,106.7979784,restoran
-6.2797481,106.8196136,restoran
-6.4482356,106.7992048,restoran
-6.9094781,107.6321409,restoran
-6.3189242,107.2925958,restoran
-6.1456429,106.8117747,restoran
-6.1445699,106.8118115,restoran
-6.2110976,106.8212704,restoran
-6.2112946,106.821133,restoran
-6.1855541,106.8292097,restoran
-6.3533494,106.7130876,restoran
-6.0930646,106.7508692,restoran
-6.092543,106.7489376,restoran
-6.3221652,106.6753352,restoran
-7.3544297,106.424899,restoran
-6.2477707,106.9138602,restoran
-6.3739834,106.7768431,restoran
-6.363257,106.771714,restoran
-7.3670668,108.561569,restoran
-6.3206574,107.0162206,restoran
-6.225985,106.8261654,restoran
-6.2261674,106.8262112,restoran
-6.226431,106.8261977,restoran
-6.1452398,106.6669991,restoran
-6.9511688,107.4618161,restoran
-6.3606592,106.8358948,restoran
-6.3608504,106.8349494,restoran
-6.3608567,106.8348973,restoran
-6.93388,107.7166266,restoran
-6.2664554,106.7975334,restoran
-6.2025016,106.7832268,restoran
-6.2025252,106.7832312,restoran
-6.1468161,106.7348496,restoran
-6.9172988,107.6596812,restoran
-6.3603893,106.8366518,restoran
-6.3602805,106.8364579,restoran
-6.1844878,106.8252428,restoran
-6.343555,106.7040745,restoran
-6.6105124,106.8197807,restoran
-6.2896827,107.0000454,restoran
-6.3468931,106.7066356,restoran
-6.3376912,106.7009883,restoran
-6.3427899,106.7022735,restoran
-6.3442113,106.7042139,restoran
-6.4523871,106.7991246,restoran
-6.572015,106.7363127,restoran
-6.1470432,106.7363408,restoran
-6.1466816,106.732767,restoran
-6.5758016,106.8381136,restoran
-6.5755579,106.8381964,restoran
-6.1518877,106.7307014,restoran
-6.1818229,107.1830646,restoran
-6.5745158,106.7372698,restoran
-6.2214465,106.8214619,restoran
-6.2948025,106.9997253,restoran
-6.5798811,106.7435493,restoran
-6.3209766,106.6843796,restoran
-6.1959937,106.8679314,restoran
-6.2026039,106.8637747,restoran
-6.2026639,106.8637948,restoran
-6.203084,106.8638924,restoran
-6.2049037,106.9349763,restoran
-6.2253353,106.8908887,restoran
-6.2070335,106.8615638,restoran
-6.2054279,106.8563842,restoran
-6.2056345,106.8559067,restoran
-6.2054278,106.8562288,restoran
-6.2320312,106.8978693,restoran
-6.2251227,106.8664568,restoran
-6.2255935,106.866532,restoran
-6.2251593,106.866248,restoran
-6.2141727,106.8629785,restoran
-6.3295947,106.6976246,restoran
-6.2912498,106.6530023,restoran
-6.2739149,106.6401805,restoran
-6.2265156,106.880231,restoran
-6.1915676,106.7851596,restoran
-6.2934534,106.6333947,restoran
-6.2027025,106.788213,restoran
-6.9553972,107.6122622,restoran
-6.2409457,106.6565408,restoran
-6.2326267,106.660139,restoran
-6.2280699,106.6590191,restoran
-6.2278206,106.6591707,restoran
-6.2426468,106.6479242,restoran
-6.2719012,106.7557061,restoran
-6.2725412,106.7266997,restoran
-6.3128815,106.7290672,restoran
-6.9177994,107.5932634,restoran
-6.2597407,106.7640604,restoran
-6.3983292,106.8097351,restoran
-6.5925341,106.8171423,restoran
-6.2967272,106.6817475,restoran
-6.2976161,106.682144,restoran
-6.297959,106.6823439,restoran
-6.2946261,106.6830934,restoran
-6.9069909,107.5883826,restoran
-6.2098661,106.829025,restoran
-6.209727,106.8272985,restoran
-6.9052088,107.6286944,restoran
-6.898016,107.654862,restoran
-6.9242587,107.6452348,restoran
-6.1448141,106.8919569,restoran
-6.2214976,106.8332304,restoran
-6.2056653,107.010718,restoran
-6.2062311,107.0141233,restoran
-6.2041484,107.0154312,restoran
-6.1288551,106.8892617,restoran
-6.1272835,106.8903784,restoran
-6.1271687,106.8905842,restoran
-6.1270208,106.8932628,restoran
-6.3544876,106.7759338,restoran
-6.419992,106.7961383,restoran
-6.4533043,106.7990814,restoran
-6.4414432,106.7921308,restoran
-6.2946243,106.6860873,restoran
-6.2946251,106.6861249,restoran
-6.227596,106.8550419,restoran
-6.2283603,106.8552796,restoran
-6.2578219,106.6161977,restoran
-6.9389573,107.6249953,restoran
-6.9394675,107.6253284,restoran
-6.2946076,106.6850592,restoran
-6.2946059,106.684982,restoran
-6.3235329,106.6836562,restoran
-6.2947848,106.6851241,restoran
-6.4553859,106.7982529,restoran
-6.4482225,106.8029058,restoran
-6.9144819,107.6362137,restoran
-6.3434474,106.7333284,restoran
-6.9470408,107.6627296,restoran
-6.4824122,106.8558091,restoran
-6.2417481,106.7517775,restoran
-6.2416275,106.7517778,restoran
-6.2413708,106.7519511,restoran
-6.43733,106.7968845,restoran
-6.4559826,106.7981389,restoran
-6.2411623,106.7519396,restoran
-6.2412763,106.7523204,restoran
-6.2863609,107.0025027,restoran
-6.8693199,107.675126,restoran
-6.284776,107.0024605,restoran
-6.9083222,107.6291177,restoran
-6.8934069,107.6050563,restoran
-6.2805653,106.9980336,restoran
-6.2806653,106.9979937,restoran
-6.9669793,107.6387895,restoran
-6.9672684,107.6388601,restoran
-6.9670754,107.6387289,restoran
-6.301912,106.6537375,restoran
-6.2732882,106.6381997,restoran
-6.2213296,106.8194091,restoran
-6.9048976,107.6284471,restoran
-6.9044402,107.5800838,restoran
-6.9040791,107.5802488,restoran
-6.9068088,107.6134529,restoran
-6.906687,107.6132854,restoran
-6.8901476,107.6162257,restoran
-6.9040033,107.620462,restoran
-6.9053582,107.6270058,restoran
-6.4156014,106.8152629,restoran
-6.8947462,107.6047328,restoran
-6.8936666,107.6050894,restoran
-6.302136,106.6549689,restoran
-6.3020895,106.6553275,restoran
-6.3021612,106.6547919,restoran
-6.301558,106.6540202,restoran
-6.3016118,106.6533508,restoran
-6.2896136,106.650842,restoran
-6.2385401,106.6581973,restoran
-6.2384515,106.6581081,restoran
-6.2381793,106.657923,restoran
-6.2383711,106.6580441,restoran
-6.9173701,107.6092183,restoran
-6.9058136,107.6188161,restoran
-6.8983318,107.6374414,restoran
-6.9087814,107.648662,restoran
-6.923578,107.6167183,restoran
-6.2853306,106.936261,restoran
-6.2853613,106.9362429,restoran
-6.1068111,106.6853804,restoran
-6.5197196,106.8302695,restoran
-6.9156425,107.6028187,restoran
-6.8797728,107.6121146,restoran
-6.8918986,107.6167681,restoran
-6.279397,106.7190927,restoran
-6.2953261,106.9991334,restoran
-6.159886,106.902129,restoran
-6.9024389,107.6088905,restoran
-6.2492185,106.9844682,restoran
-6.885158,107.6139102,restoran
-6.9809135,107.6349699,restoran
-6.2688919,107.0371436,restoran
-6.2687853,107.0366326,restoran
-6.268612,107.0365857,restoran
-6.2713851,107.0391917,restoran
-6.2949779,106.9968784,restoran
-6.2585921,106.9955279,restoran
-6.1131072,106.6893016,restoran
-6.2645286,106.8087733,restoran
-6.2539817,106.8018144,restoran
-6.2528667,106.8016483,restoran
-6.2527067,106.8016106,restoran
-6.2532566,106.8017368,restoran
-6.2538287,106.8012348,restoran
-6.2523948,106.8002619,restoran
-6.3571225,106.5712536,restoran
-6.2913622,106.7959912,restoran
-6.2936783,106.8024512,restoran
-6.2914243,106.7989813,restoran
-6.2397711,106.8309204,restoran
-6.2397293,106.8308817,restoran
-6.2262613,106.8191679,restoran
-6.224579,106.8234792,restoran
-6.2141134,106.8019235,restoran
-6.2403211,106.6325629,restoran
-6.1185364,106.6649392,restoran
-6.1157984,106.8584297,restoran
-6.1153779,106.8588132,restoran
-6.1169476,106.8566987,restoran
-6.1219841,106.843814,restoran
-6.1224761,106.8395385,restoran
-6.2019068,106.7806524,restoran
-6.1769018,106.7912868,restoran
-6.317816,106.8782809,restoran
-6.3184493,106.8778561,restoran
-6.3185579,106.8777716,restoran
-6.3171446,106.8788462,restoran
-6.3189141,106.8778554,restoran
-6.3182267,106.8781341,restoran
-6.3170265,106.8790566,restoran
-6.3169518,106.8791585,restoran
-6.3169212,106.8791956,restoran
-6.807269,107.6490864,restoran
-6.1411461,106.8544419,restoran
-6.1521531,106.9059748,restoran
-6.2303572,106.8215019,restoran
-6.2606783,106.6307294,restoran
-6.4479392,106.8031436,restoran
-6.1125531,106.7427849,restoran
-6.2245376,106.9372701,restoran
-6.178857,106.7927695,restoran
-6.1776563,106.793247,restoran
-6.2682025,107.0067936,restoran
-6.2295188,106.8215798,restoran
-6.2728765,106.6977422,restoran
-6.2728912,106.6978776,restoran
-6.2729098,106.6980426,restoran
-6.541319,106.6987136,restoran
-6.2000259,107.0072808,restoran
-6.9176973,107.5981544,restoran
-6.1756359,106.7817377,restoran
-6.2854979,106.7286265,restoran
-6.285042,106.7282107,restoran
-6.284866,106.7282537,restoran
-6.2853059,106.7292219,restoran
-6.2207572,106.7918441,restoran
-6.294691,106.7850769,restoran
-6.1561885,106.7339036,restoran
-6.1442002,106.8656286,restoran
-6.542439,106.8911794,restoran
-6.246263,106.7956544,restoran
-6.8901223,107.6043047,restoran
-6.2929104,106.736219,restoran
-6.5542555,106.6962647,restoran
-6.2513947,106.7374822,restoran
-6.194512,106.7978262,restoran
-6.7103474,106.9981917,restoran
-6.8361317,107.6003611,restoran
-6.955314,107.6972429,restoran
-6.955032,107.6973546,restoran
-6.9547018,107.6970904,restoran
-6.9548709,107.6969053,restoran
-6.9550413,107.6968302,restoran
-6.9548656,107.6973881,restoran
-6.9556068,107.6971404,restoran
-6.9553909,107.6971672,restoran
-6.95507,107.697276,restoran
-6.9546177,107.6976176,restoran
-6.9543572,107.698036,restoran
-6.9541148,107.698342,restoran
-6.95524,107.6974483,restoran
-6.9551033,107.6975077,restoran
-6.9551449,107.6973058,restoran
-6.3107526,106.7232364,restoran
-6.9439022,107.630798,restoran
-6.2278313,106.8098813,restoran
-6.2275566,106.809542,restoran
-6.3705475,106.6855733,restoran
-6.1159826,106.9097306,restoran
-6.2256342,106.8131912,restoran
-6.1873507,106.8261239,restoran
-6.1873332,106.8266443,restoran
-6.2692176,106.7242045,restoran
-6.2732952,106.6384729,restoran
-6.918186,107.5983421,restoran
-6.300604,106.6885973,restoran
-6.300492,106.6893483,restoran
-6.300504,106.6900171,restoran
-6.3039322,106.6924308,restoran
-6.3051335,106.6930251,restoran
-6.3005767,106.6882957,restoran
-6.3004866,106.6829726,restoran
-6.5702009,108.3132516,restoran
-6.3687958,106.8544834,restoran
-6.2568593,106.7897489,restoran
-6.4297673,106.9291696,restoran
-7.6963067,108.6576401,restoran
-6.1554959,106.7801519,restoran
-6.2495477,106.5287084,restoran
-6.9791522,108.469928,restoran
-6.2730998,107.0007997,restoran
-6.5708542,106.6738235,restoran
-6.3825809,106.9241483,restoran
-6.2244291,106.686435,restoran
-6.3309058,106.9455313,restoran
-6.2675318,106.7839163,restoran
-6.2443749,106.8029194,restoran
-6.2440937,106.8023853,restoran
-6.3256479,106.7479968,restoran
-6.3265517,106.8525597,restoran
-6.9035798,107.6007649,restoran
-6.9552762,107.699168,restoran
-6.895995,107.6352498,restoran
-6.0887317,106.7444727,restoran
-6.3218465,106.8579059,restoran
-6.2363652,106.7484718,restoran
-6.2472702,106.7452627,restoran
-6.2432672,106.7461806,restoran
-6.2509685,106.7378415,restoran
-6.2441579,106.8161794,restoran
-6.2468151,106.8162207,restoran
-6.1557436,106.9232036,restoran
-6.218762,106.9239532,restoran
-6.2206685,106.9990381,restoran
-6.2777606,106.8702368,restoran
-6.27761,106.8703827,restoran
-6.2785406,106.8700185,restoran
-6.5826561,106.7903133,restoran
-6.2608117,106.8331396,restoran
-6.2861946,107.0020036,restoran
-7.1974701,108.504492,restoran
-7.1974191,108.5039834,restoran
-7.1975938,108.5045969,restoran
-6.7010964,108.5079356,restoran
-6.2790413,106.7211819,restoran
-6.2783172,106.7212296,restoran
-6.2790579,106.7210801,restoran
-6.2766202,106.7404902,restoran
-6.169393,106.7897914,restoran
-6.2890119,106.8656528,restoran
-6.2454615,107.0081393,restoran
-6.908369,107.5981989,restoran
-6.3437011,106.7348789,restoran
-6.1897927,106.7597844,restoran
-6.2745175,106.8307221,restoran
-6.2716694,106.8310674,restoran
-6.1781596,106.6639973,restoran
-6.8825421,107.5794318,restoran
-6.5699169,106.7395525,restoran
-6.5701447,106.7396343,restoran
-6.5623041,106.732047,restoran
-6.1967017,106.8284581,restoran
-6.5732037,106.750805,restoran
-6.5725016,106.7489731,restoran
-6.5726634,106.7456961,restoran
-6.5725122,106.7489301,restoran
-6.5728193,106.745568,restoran
-6.5726455,106.7497878,restoran
-6.5669581,106.7367243,restoran
-6.5710249,106.739769,restoran
-6.5659986,106.7357478,restoran
-6.5726906,106.7422703,restoran
-6.5798809,106.7434876,restoran
-6.5764511,106.7360516,restoran
-6.5792315,106.7421448,restoran
-6.5758056,106.7377026,restoran
-6.5757998,106.7377299,restoran
-6.5728107,106.7427765,restoran
-6.579521,106.7426011,restoran
-6.5798525,106.7438037,restoran
-6.5798857,106.7436569,restoran
-6.5692834,106.7420985,restoran
-6.574929,106.7408822,restoran
-6.8263737,108.6192856,restoran
-6.5723044,106.7429448,restoran
-6.5748451,106.7408781,restoran
-6.8628655,108.6210977,restoran
-6.8173232,108.6170477,restoran
-6.5661945,106.7506984,restoran
-6.5694593,106.7552447,restoran
-6.5603996,106.7494626,restoran
-6.5617383,106.7498565,restoran
-6.5711713,106.7548062,restoran
-6.5763479,106.7540713,restoran
-6.5744367,106.7522708,restoran
-6.5770313,106.7573275,restoran
-6.5758156,106.7529447,restoran
-6.5806558,106.7641751,restoran
-6.5682462,106.765537,restoran
-6.5652618,106.7637017,restoran
-6.5696991,106.7669378,restoran
-6.5664956,106.7640142,restoran
-6.5695146,106.7663497,restoran
-6.5773871,106.7726281,restoran
-6.5693327,106.7666374,restoran
-6.5692521,106.766564,restoran
-6.5731051,106.7693076,restoran
-6.5723377,106.7687027,restoran
-6.5807724,106.7771812,restoran
-6.5809043,106.7773716,restoran
-6.584175,106.773583,restoran
-6.582415,106.7690608,restoran
-6.6023426,106.7635918,restoran
-6.6015233,106.7612167,restoran
-6.6013481,106.7527429,restoran
-6.612917,106.7514541,restoran
-6.5544121,106.7612763,restoran
-6.5451409,106.6931972,restoran
-6.541247,106.7154394,restoran
-6.5605981,106.7145234,restoran
-6.5721724,106.7464221,restoran
-6.5722243,106.7464081,restoran
-6.5723221,106.7464361,restoran
-6.5649619,106.7429013,restoran
-6.5722769,106.7464449,restoran
-6.5849898,106.7713075,restoran
-6.5859507,106.7716417,restoran
-6.5621163,106.729171,restoran
-6.8718782,108.6402059,restoran
-6.5561048,106.7757449,restoran
-6.55811,106.7711757,restoran
-6.5561634,106.7757864,restoran
-6.5561767,106.7755719,restoran
-6.5561741,106.7755061,restoran
-6.5560395,106.7758495,restoran
-6.5562434,106.7756402,restoran
-6.5560209,106.7756966,restoran
-6.5564972,106.7816263,restoran
-6.5585163,106.7851433,restoran
-6.5589693,106.784112,restoran
-6.5581979,106.7711878,restoran
-6.5530844,106.7661157,restoran
-6.5592737,106.77893,restoran
-6.557669,106.7776734,restoran
-6.5607993,106.7799995,restoran
-6.5614807,106.7805259,restoran
-6.5616693,106.7808531,restoran
-6.5623647,106.7813225,restoran
-6.5630202,106.781688,restoran
-6.5623154,106.7810529,restoran
-6.5632227,106.7816437,restoran
-6.5651819,106.7832269,restoran
-6.5627291,106.7814794,restoran
-6.5639748,106.7824021,restoran
-6.5651693,106.7828862,restoran
-6.5633393,106.7819133,restoran
-6.5658467,106.7834374,restoran
-6.5659307,106.7834951,restoran
-6.5671884,106.7844701,restoran
-6.5673229,106.7845452,restoran
-6.5693187,106.7819213,restoran
-6.5694519,106.7860942,restoran
-6.5693587,106.7823713,restoran
-6.5702173,106.7675594,restoran
-6.5701474,106.7676982,restoran
-6.5600285,106.7840785,restoran
-6.5625533,106.7799667,restoran
-6.562891,106.7801048,restoran
-6.5627971,106.7787302,restoran
-6.5593797,106.7844701,restoran
-6.5591732,106.7844439,restoran
-6.5872924,106.7717591,restoran
-6.591487,106.7749898,restoran
-6.5891749,106.7733926,restoran
-6.5874483,106.772081,restoran
-6.5904205,106.7746197,restoran
-6.5882157,106.7722969,restoran
-6.5896185,106.7737855,restoran
-6.5925794,106.7764268,restoran
-6.5914291,106.7749429,restoran
-6.5916382,106.7752567,restoran
-6.5922404,106.7761351,restoran
-6.593931,106.777662,restoran
-6.5956003,106.778932,restoran
-6.595551,106.7788884,restoran
-6.5948702,106.7782735,restoran
-6.595928,106.7792049,restoran
-6.5947969,106.7784753,restoran
-6.5956529,106.7791533,restoran
-6.5950674,106.7784619,restoran
-6.5952922,106.7786748,restoran
-6.5963064,106.7797507,restoran
-6.5958314,106.7793269,restoran
-6.5669912,106.736767,restoran
-6.5651339,106.7357397,restoran
-6.5957695,106.7859198,restoran
-6.5952626,106.7850441,restoran
-6.5958667,106.7861921,restoran
-6.5942667,106.7828594,restoran
-6.5946038,106.7837318,restoran
-6.5957708,106.7856127,restoran
-6.5957668,106.7859936,restoran
-6.5937465,106.7867064,restoran
-6.5901847,106.7857294,restoran
-6.5929381,106.7864992,restoran
-6.5927193,106.7861914,restoran
-6.5916236,106.7859419,restoran
-6.5879546,106.7850789,restoran
-6.5880585,106.7851654,restoran
-6.5861187,106.7830807,restoran
-6.5874683,106.7847396,restoran
-6.5863212,106.7831518,restoran
-6.5856671,106.7823565,restoran
-6.5871592,106.7835984,restoran
-6.5856045,106.7822794,restoran
-6.5861987,106.7830136,restoran
-6.5855039,106.7821982,restoran
-6.5853587,106.7821627,restoran
-6.5849157,106.7815854,restoran
-6.5823151,106.7783976,restoran
-6.5840271,106.7801785,restoran
-6.5824523,106.7785518,restoran
-6.8629393,108.5853348,restoran
-6.831891,108.6329879,restoran
-6.563697,106.7336503,restoran
-6.5629163,106.7327712,restoran
-6.5721831,106.7427349,restoran
-6.5721432,106.7428637,restoran
-6.575713,106.7387471,restoran
-6.5721112,106.7427255,restoran
-6.5704558,106.7392467,restoran
-6.5721978,106.742865,restoran
-6.5720846,106.7428757,restoran
-6.5722458,106.7429294,restoran
-6.6542322,106.8629891,restoran
-6.6545605,106.8617559,restoran
-6.6541356,106.8641699,restoran
-6.6544067,106.8626484,restoran
-6.6537393,106.8647875,restoran
-6.6544833,106.8624124,restoran
-6.6531279,106.8665672,restoran
-6.6537779,106.8648814,restoran
-6.6536234,106.8660361,restoran
-6.6536248,106.8659998,restoran
-6.6532664,106.8675032,restoran
-6.6538539,106.8745165,restoran
-6.6525777,106.8698233,restoran
-6.6525378,106.8707199,restoran
-6.6524412,106.870347,restoran
-6.6523246,106.8697885,restoran
-6.6526284,106.8702558,restoran
-6.6527156,106.8704744,restoran
-6.6541496,106.8755981,restoran
-6.6536754,106.875696,restoran
-6.6538232,106.8765738,restoran
-6.6537303,106.8762751,restoran
-6.6537486,106.8769352,restoran
-6.6510405,106.8893445,restoran
-6.6515387,106.8847579,restoran
-6.6520755,106.8879926,restoran
-6.6538532,106.8784842,restoran
-6.6519397,106.8845728,restoran
-6.6518118,106.883225,restoran
-6.652254,106.8807654,restoran
-6.6511298,106.8899761,restoran
-6.6522847,106.8809733,restoran
-6.6525538,106.8822312,restoran
-6.6517958,106.8831539,restoran
-6.6513729,106.8886196,restoran
-6.6512843,106.8905293,restoran
-6.6507235,106.89145,restoran
-6.6512723,106.8909082,restoran
-6.650156,106.8953955,restoran
-6.6507635,106.8928179,restoran
-6.6499216,106.8968895,restoran
-6.6499296,106.8967541,restoran
-6.6497358,106.899677,restoran
-6.6503712,106.8985538,restoran
-6.6496512,106.8992485,restoran
-6.6503552,106.8986269,restoran
-6.6503305,106.8994188,restoran
-6.5649168,106.7346467,restoran
-6.5896478,106.7868237,restoran
-6.5897225,106.786695,restoran
-6.5924882,106.7879811,restoran
-6.5854959,106.7875379,restoran
-6.5855352,106.7875372,restoran
-6.5841237,106.7878738,restoran
-6.5814745,106.7961752,restoran
-6.5861494,106.7875553,restoran
-6.5852508,106.7875372,restoran
-6.5830705,106.7894865,restoran
-6.5826702,106.790029,restoran
-6.581128,106.7952351,restoran
-6.5814705,106.7962262,restoran
-6.5816903,106.7968961,restoran
-6.5831544,106.7969464,restoran
-6.5817995,106.7968605,restoran
-6.5814678,106.7969625,restoran
-6.5840118,106.7969987,restoran
-6.5855905,106.797,restoran
-6.5893148,106.7964676,restoran
-6.585814,106.7970449,restoran
-6.5889331,106.7968592,restoran
-6.5858836,106.7970419,restoran
-6.5860827,106.7970349,restoran
-6.5887952,106.7968183,restoran
-6.5888432,106.796825,restoran
-6.5889657,106.7968565,restoran
-6.5903793,106.7972361,restoran
-6.5918054,106.796536,restoran
-6.5918067,106.796766,restoran
-6.5740637,106.7967278,restoran
-6.5807744,106.7965025,restoran
-6.5695825,106.7995676,restoran
-6.5740031,106.7967211,restoran
-6.5793582,106.7964086,restoran
-6.5789558,106.7964602,restoran
-6.5693747,106.7999102,restoran
-6.5788272,106.7965856,restoran
-6.5693494,106.7999424,restoran
-6.5704572,106.8029257,restoran
-6.571521,106.8000483,restoran
-6.571577,106.8039295,restoran
-6.568991,106.8034065,restoran
-6.5701008,106.8048468,restoran
-6.5709921,106.804132,restoran
-6.5703079,106.8029894,restoran
-6.5665582,106.8027882,restoran
-6.5690523,106.8034849,restoran
-6.5689856,106.8012218,restoran
-6.5759748,106.8003977,restoran
-6.5690116,106.8034447,restoran
-6.5704139,106.8046725,restoran
-6.5761447,106.8002703,restoran
-6.5729765,106.8026635,restoran
-6.5750862,106.8009992,restoran
-6.5752754,106.8009952,restoran
-6.5744787,106.8014941,restoran
-6.5763798,106.8000343,restoran
-6.5738179,106.8015879,restoran
-6.5765404,106.799986,restoran
-6.5788752,106.7983867,restoran
-6.5801795,106.7976706,restoran
-6.5780359,106.7988454,restoran
-6.5802954,106.7979542,restoran
-6.5801795,106.7980421,restoran
-6.5777268,106.7992356,restoran
-6.5769394,106.7996125,restoran
-6.5801995,106.7981118,restoran
-6.5800796,106.7982499,restoran
-6.5802128,106.7977953,restoran
-6.578678,106.7983532,restoran
-6.5773364,106.7993805,restoran
-6.5801435,106.797971,restoran
-6.5797891,106.7977604,restoran
-6.5801022,106.7979039,restoran
-6.5799663,106.7978811,restoran
-6.5800689,106.7978409,restoran
-6.5800496,106.7981701,restoran
-6.5686086,106.8061812,restoran
-6.56849,106.8082499,restoran
-6.5702114,106.8085898,restoran
-6.5701614,106.8085925,restoran
-6.570719,106.8083947,restoran
-6.5706703,106.8084175,restoran
-6.5712539,106.8084584,restoran
-6.5751695,106.8080869,restoran
-6.5750429,106.808091,restoran
-6.5758283,106.8082036,restoran
-6.5743255,106.808207,restoran
-6.5759602,106.8080266,restoran
-6.5829826,106.8058714,restoran
-6.5893374,106.8045571,restoran
-6.5892948,106.8051647,restoran
-6.5901275,106.8049581,restoran
-6.5915256,106.8049085,restoran
-6.5914197,106.8044673,restoran
-6.5914317,106.8049836,restoran
-6.5955643,106.8053806,restoran
-6.5955696,106.8055898,restoran
-6.5956509,106.8064441,restoran
-6.5953352,106.8058647,restoran
-6.5954098,106.8058446,restoran
-6.5953605,106.8058218,restoran
-6.5957188,106.8059727,restoran
-6.595984,106.8049796,restoran
-6.599192,106.8061638,restoran
-6.596293,106.8066372,restoran
-6.5979343,106.8055335,restoran
-6.5991054,106.8069671,restoran
-6.5950141,106.8060377,restoran
-6.5964303,106.8067794,restoran
-6.5951367,106.8054262,restoran
-6.5992373,106.8058205,restoran
-6.5992919,106.8056193,restoran
-6.6011516,106.8071884,restoran
-6.6012769,106.8070181,restoran
-6.6014327,106.8068437,restoran
-6.6015833,106.8074901,restoran
-6.6014194,106.8075505,restoran
-6.6013968,106.8071857,restoran
-6.6017232,106.8074834,restoran
-6.6013675,106.8075062,restoran
-6.6014141,106.8070811,restoran
-6.6016299,106.8076819,restoran
-6.6015153,106.8074982,restoran
-6.6014887,106.806998,restoran
-6.6016379,106.8077758,restoran
-6.6014527,106.8074177,restoran
-6.6014114,106.8076873,restoran
-6.6015233,106.8076631,restoran
-6.6013048,106.8075827,restoran
-6.6013342,106.806998,restoran
-6.6012396,106.8074606,restoran
-6.6011277,106.8074875,restoran
-6.6013128,106.8071964,restoran
-6.6013688,106.8074298,restoran
-6.6010064,106.8076001,restoran
-6.6011823,106.8074137,restoran
-6.6011916,106.807301,restoran
-6.6010504,106.8073949,restoran
-6.5871303,106.7717595,restoran
-6.5726688,106.7454962,restoran
-6.5525901,106.7452736,restoran
-6.5663677,106.7611898,restoran
-6.5719729,106.7427045,restoran
-6.5718234,106.7427295,restoran
-6.5662784,106.7612556,restoran
-6.55273,106.7452294,restoran
-6.5719154,106.7427832,restoran
-6.5719291,106.7427188,restoran
-6.5718874,106.7426987,restoran
-6.5719367,106.7428744,restoran
-6.5603862,106.7894556,restoran
-6.5609118,106.7897929,restoran
-6.5608426,106.791653,restoran
-6.5615767,106.7933294,restoran
-6.5623294,106.7937814,restoran
-6.5618112,106.794012,restoran
-6.5620696,106.7936412,restoran
-6.5620816,106.7936821,restoran
-6.5663717,106.8097425,restoran
-6.5629903,106.7961833,restoran
-6.5625679,106.7999786,restoran
-6.5618964,106.7996487,restoran
-6.5656855,106.8104446,restoran
-6.5679198,106.8095487,restoran
-6.569007,106.8093958,restoran
-6.5685407,106.8093315,restoran
-6.5686872,106.809312,restoran
-6.5963377,106.7909342,restoran
-6.5966887,106.7895911,restoran
-6.5973735,106.7895146,restoran
-6.6013049,106.7924195,restoran
-6.5963024,106.7907827,restoran
-6.590258,106.8025448,restoran
-6.5956849,106.7917838,restoran
-6.5889498,106.8011615,restoran
-6.5925028,106.8037726,restoran
-6.5911473,106.8033113,restoran
-6.5894254,106.8023148,restoran
-6.6026384,106.8011729,restoran
-6.6044196,106.7962638,restoran
-6.6026471,106.8008684,restoran
-6.6044569,106.7961028,restoran
-6.608552,106.7965481,restoran
-6.6026431,106.8010589,restoran
-6.6026377,106.8010139,restoran
-6.6027443,106.8002522,restoran
-6.6045155,106.7960317,restoran
-6.6095481,106.7978352,restoran
-6.6095252,106.7982271,restoran
-6.6059043,106.7953585,restoran
-6.6078813,106.7961947,restoran
-6.6078553,106.796072,restoran
-6.6088874,106.7976176,restoran
-6.6088465,106.7973534,restoran
-6.6092574,106.7978737,restoran
-6.6496731,106.9021795,restoran
-6.650549,106.9045452,restoran
-6.6504551,106.9047759,restoran
-6.6500128,106.9030673,restoran
-6.6499895,106.9022942,restoran
-6.6496791,106.9023693,restoran
-6.6499282,106.9036876,restoran
-6.6501227,106.9003207,restoran
-6.6510871,106.9066568,restoran
-6.6507661,106.9051413,restoran
-6.6517479,106.9084679,restoran
-6.6521608,106.9091941,restoran
-6.6522547,106.9096608,restoran
-6.6515933,106.9084539,restoran
-6.6524119,106.9097916,restoran
-6.659352,106.9145887,restoran
-6.6547184,106.9102228,restoran
-6.6589843,106.9145981,restoran
-6.6589364,106.9145069,restoran
-6.6588971,106.9142917,restoran
-6.6597709,106.9136439,restoran
-6.6525724,106.9101852,restoran
-6.6524785,106.9098989,restoran
-6.6596244,106.9134307,restoran
-6.6591308,106.9145921,restoran
-6.6617503,106.9182587,restoran
-6.6703899,106.9263589,restoran
-6.6712584,106.9267653,restoran
-6.6653069,106.9223303,restoran
-6.6610883,106.9167794,restoran
-6.6701635,106.9262999,restoran
-6.6702674,106.9263133,restoran
-6.6697339,106.9261866,restoran
-6.6600346,106.9160244,restoran
-6.6634667,106.9197828,restoran
-6.6790733,106.9314229,restoran
-6.6705924,106.9264099,restoran
-6.6706177,106.9264877,restoran
-6.6767077,106.9297788,restoran
-6.6705737,106.926827,restoran
-6.6789907,106.9312271,restoran
-6.6792651,106.9315115,restoran
-6.6791159,106.9313183,restoran
-6.6826564,106.9344418,restoran
-6.6822495,106.9343559,restoran
-6.684023,106.9350547,restoran
-6.6823674,106.9344324,restoran
-6.686964,106.9399269,restoran
-6.6837793,106.9349393,restoran
-6.6841789,106.95151,restoran
-6.6843547,106.9473647,restoran
-6.6864386,106.9443204,restoran
-6.6852058,106.9460906,restoran
-6.6868928,106.942412,restoran
-6.6864166,106.944374,restoran
-6.6864799,106.9441822,restoran
-6.6865485,106.9437464,restoran
-6.6863127,106.9449346,restoran
-6.6859517,106.9451357,restoran
-6.6848995,106.9464393,restoran
-6.6847969,106.9468993,restoran
-6.6840976,106.9482377,restoran
-6.6836554,106.9490954,restoran
-6.683738,106.9492777,restoran
-6.6841083,106.952086,restoran
-6.6858905,106.9556245,restoran
-6.6845372,106.953228,restoran
-6.6883453,106.9592442,restoran
-6.6887875,106.9603626,restoran
-6.6851819,106.9540313,restoran
-6.6874156,106.9578159,restoran
-6.6882228,106.958693,restoran
-6.6862741,106.9559732,restoran
-6.6880789,106.9585508,restoran
-6.6880136,106.9592884,restoran
-6.6884146,106.9593354,restoran
-6.6890366,106.9613242,restoran
-6.6923079,106.9624829,restoran
-6.6931457,106.9621651,restoran
-6.6943433,106.9688143,restoran
-6.6960595,106.9693063,restoran
-6.6960898,106.9692507,restoran
-6.700215,106.9717714,restoran
-6.5598167,106.6897666,restoran
-6.559399,106.6913431,restoran
-6.5593557,106.688388,restoran
-6.5641267,106.678331,restoran
-6.5965788,106.7790259,restoran
-6.6002289,106.7793562,restoran
-6.6006354,106.7793276,restoran
-6.5974081,106.778942,restoran
-6.5983194,106.7790996,restoran
-6.5980263,106.7792056,restoran
-6.597905,106.7792746,restoran
-6.600768,106.779341,restoran
-6.5971916,106.7791627,restoran
-6.5975813,106.7791794,restoran
-6.6000039,106.7793122,restoran
-6.9105149,107.6074018,restoran
-6.607092,106.7893597,restoran
-6.6010044,106.7808766,restoran
-6.6009785,106.7802114,restoran
-6.6012862,106.7836641,restoran
-6.6012855,106.781415,restoran
-6.6010011,106.7806124,restoran
-6.6070933,106.7892753,restoran
-6.6018231,106.7842817,restoran
-6.6010517,106.781514,restoran
-6.6009571,106.7827857,restoran
-6.6071466,106.7889869,restoran
-6.6118765,106.8015075,restoran
-6.6169455,106.8052485,restoran
-6.6186926,106.8070462,restoran
-6.6132301,106.8031323,restoran
-6.6135078,106.8029277,restoran
-6.6136004,106.8032905,restoran
-6.6169514,106.8049387,restoran
-6.621618,106.8084383,restoran
-6.6234704,106.8124207,restoran
-6.6212044,106.8080138,restoran
-6.6216507,106.8085107,restoran
-6.6216027,106.8084899,restoran
-6.6233312,106.8116918,restoran
-6.6184871,106.812241,restoran
-6.6168595,106.8047751,restoran
-6.6233818,106.8116375,restoran
-6.6157705,106.8096983,restoran
-6.6173504,106.8116355,restoran
-6.6185221,106.81229,restoran
-6.6177228,106.8123456,restoran
-6.6131065,106.8074673,restoran
-6.6131341,106.8074875,restoran
-6.6122369,106.806597,restoran
-6.6175756,106.8114417,restoran
-6.6115308,106.8063073,restoran
-6.6114782,106.806253,restoran
-6.6111451,106.8059613,restoran
-6.6116667,106.8061698,restoran
-6.6102379,106.8048837,restoran
-6.6098123,106.8043815,restoran
-6.6103625,106.805058,restoran
-6.6107921,106.8053055,restoran
-6.6100068,106.8046356,restoran
-6.6103428,106.8050185,restoran
-6.6096278,106.8041662,restoran
-6.6102952,106.8049575,restoran
-6.6095911,106.8041085,restoran
-6.6108667,106.8056005,restoran
-6.6098736,106.8040388,restoran
-6.6102582,106.8049119,restoran
-6.6101567,106.804812,restoran
-6.6102819,106.8049393,restoran
-6.6099801,106.8046074,restoran
-6.6095505,106.8040663,restoran
-6.6097956,106.8039456,restoran
-6.6067089,106.8012372,restoran
-6.6088558,106.8030591,restoran
-6.6068149,106.8012848,restoran
-6.6084668,106.8029163,restoran
-6.6086916,106.802921,restoran
-6.6094539,106.8037706,restoran
-6.6079705,106.8024798,restoran
-6.6084828,106.8029599,restoran
-6.6056512,106.8005489,restoran
-6.6065084,106.8012936,restoran
-6.6055013,106.8003769,restoran
-6.6059289,106.8005895,restoran
-6.6035789,106.7989191,restoran
-6.605871,106.8005466,restoran
-6.6056119,106.8005117,restoran
-6.6040272,106.7993865,restoran
-6.6184488,106.8146476,restoran
-6.6173358,106.8127627,restoran
-6.6174011,106.8124864,restoran
-6.6174377,106.8124107,restoran
-6.6172415,106.8146882,restoran
-6.616266,106.8142406,restoran
-6.6146028,106.8137585,restoran
-6.6153568,106.8141058,restoran
-6.6171932,106.8146959,restoran
-6.6152529,106.8139751,restoran
-6.615195,106.8139415,restoran
-6.6150398,106.8139918,restoran
-6.615159,106.8139449,restoran
-6.6124579,106.8134287,restoran
-6.6126488,106.8134077,restoran
-6.6133979,106.8131342,restoran
-6.6107968,106.8115202,restoran
-6.6138688,106.8133011,restoran
-6.6107029,106.8114384,restoran
-6.6125327,106.8133506,restoran
-6.6124924,106.8134478,restoran
-6.6124114,106.8136425,restoran
-6.6106056,106.811378,restoran
-6.6105477,106.8113485,restoran
-6.6106489,106.8114001,restoran
-6.0480028,106.7021102,restoran
-6.0480441,106.7037262,restoran
-6.0481502,106.7036719,restoran
-6.6113443,106.8144827,restoran
-6.6093753,106.8128183,restoran
-6.6054434,106.8123637,restoran
-6.6094673,106.8128988,restoran
-6.6090383,106.8111379,restoran
-6.6089943,106.8111044,restoran
-6.6103332,106.8140495,restoran
-6.6093041,106.8131107,restoran
-6.6107082,106.8139087,restoran
-6.6108661,106.8148233,restoran
-6.6102386,106.8138852,restoran
-6.6111578,106.8143291,restoran
-6.6103045,106.8140099,restoran
-6.6057411,106.8119238,restoran
-6.6057971,106.8123543,restoran
-6.6068428,106.8105653,restoran
-6.6111498,106.8150741,restoran
-6.6118925,106.8146201,restoran
-6.6102812,106.8139576,restoran
-6.6060555,106.8114035,restoran
-6.6117248,106.8151362,restoran
-6.609727,106.8135479,restoran
-6.6064405,106.8117428,restoran
-6.6114189,106.8153584,restoran
-6.6118652,106.8140361,restoran
-6.6119371,106.8145725,restoran
-6.6120377,106.8143499,restoran
-6.6151557,106.8145645,restoran
-6.604341,106.8101274,restoran
-6.6040079,106.8101254,restoran
-6.6045128,106.8097821,restoran
-6.6045814,106.8094777,restoran
-6.604297,106.8102622,restoran
-6.6036855,106.8111393,restoran
-6.6042863,106.8092765,restoran
-6.6217206,106.8172467,restoran
-6.6038933,106.8095233,restoran
-6.6216353,106.8173298,restoran
-6.6039879,106.8093355,restoran
-6.6040505,106.8099926,restoran
-6.6277699,106.8231864,restoran
-6.6052109,106.8079287,restoran
-6.6218392,106.8174411,restoran
-6.601514,106.8124542,restoran
-6.6277459,106.8232059,restoran
-6.6218671,106.8176222,restoran
-6.6219591,106.8175364,restoran
-6.6216407,106.8177952,restoran
-6.6233012,106.8189009,restoran
-6.6233805,106.8190598,restoran
-6.6200354,106.8166338,restoran
-6.6217779,106.8176879,restoran
-6.6217019,106.8177147,restoran
-6.6217019,106.8174948,restoran
-6.6216913,106.8176021,restoran
-6.6236396,106.8192261,restoran
-6.6279178,106.8228116,restoran
-6.6232532,106.8188406,restoran
-6.621634,106.8161523,restoran
-6.6340469,106.8273479,restoran
-6.633586,106.8270636,restoran
-6.6335354,106.826916,restoran
-6.6324044,106.8250888,restoran
-6.6334055,106.8255548,restoran
-6.6335247,106.8272218,restoran
-6.6337059,106.8272969,restoran
-6.6360917,106.8288023,restoran
-6.6339963,106.8270555,restoran
-6.6347469,106.8267611,restoran
-6.6347816,106.8267792,restoran
-6.6358986,106.8286233,restoran
-6.6360904,106.8290323,restoran
-6.6393514,106.8338871,restoran
-6.6370861,106.830411,restoran
-6.6389564,106.8328625,restoran
-6.6389111,106.833235,restoran
-6.639085,106.8333688,restoran
-6.6406569,106.8357526,restoran
-6.5591172,106.7315581,restoran
-6.5586542,106.7330749,restoran
-6.5587481,106.7329354,restoran
-6.5586322,106.732342,restoran
-6.5588387,106.7336409,restoran
-6.5589593,106.7343973,restoran
-6.5590356,106.7349475,restoran
-6.5725176,106.7459904,restoran
-6.5680497,106.7464424,restoran
-6.9088771,107.6113549,restoran
-6.9091554,107.6109231,restoran
-6.9082061,107.6111349,restoran
-6.9083419,107.6115292,restoran
-6.9084071,107.6108989,restoran
-6.9087306,107.6113495,restoran
-6.9085789,107.6109526,restoran
-6.9084883,107.6114541,restoran
-6.9082993,107.6114166,restoran
-6.9083632,107.6114166,restoran
-6.9085256,107.6115681,restoran
-6.9087559,107.6111779,restoran
-6.9085163,107.6113468,restoran
-6.9086281,107.6114501,restoran
-6.9087014,107.611489,restoran
-6.9084444,107.6113683,restoran
-6.9084005,107.6113442,restoran
-6.9083046,107.6113696,restoran
-6.9084111,107.6115024,restoran
-6.908475,107.611316,restoran
-6.9262618,107.6363128,restoran
-6.9259795,107.6365703,restoran
-6.9259848,107.6368761,restoran
-6.92652,107.6360553,restoran
-6.92652,107.636396,restoran
-6.9257851,107.6368386,restoran
-6.9258357,107.6364309,restoran
-6.9251168,107.636809,restoran
-6.9255375,107.6367205,restoran
-6.9263124,107.6366374,restoran
-6.9252979,107.6368815,restoran
-6.9248133,107.637029,restoran
-6.9262245,107.6364657,restoran
-6.9255482,107.6364925,restoran
-6.9251168,107.6365945,restoran
-6.9256094,107.6368976,restoran
-6.9249837,107.636978,restoran
-6.9259156,107.6367205,restoran
-6.9253112,107.6365301,restoran
-6.926552,107.6366293,restoran
-6.9260541,107.6367983,restoran
-6.9253911,107.6366642,restoran
-6.926355,107.6362619,restoran
-6.9252553,107.6366669,restoran
-6.9257479,107.6365301,restoran
-6.9248639,107.6365972,restoran
-6.9260008,107.6364014,restoran
-6.9253591,107.6368305,restoran
-6.9255242,107.6366213,restoran
-6.9080037,107.6089302,restoran
-6.9082354,107.6090696,restoran
-6.936835,107.6100232,restoran
-6.9081608,107.6088604,restoran
-6.9081262,107.6087585,restoran
-6.9080024,107.6088363,restoran
-6.9081781,107.6091112,restoran
-6.9360102,107.6116238,restoran
-6.9345318,107.6132378,restoran
-6.9342203,107.613681,restoran
-6.930307,107.615859,restoran
-6.9270739,107.6167414,restoran
-6.9295947,107.6164155,restoran
-6.9268196,107.6167897,restoran
-6.9324097,107.6151797,restoran
-6.9241882,107.61753,restoran
-6.9327352,107.6145561,restoran
-6.9327759,107.6145018,restoran
-6.9301445,107.6159099,restoran
-6.9255309,107.6170888,restoran
-6.9221679,107.6170928,restoran
-6.9277988,107.6168266,restoran
-6.9266146,107.617133,restoran
-6.9188256,107.6177895,restoran
-6.921262,107.6186579,restoran
-6.9112789,107.6182602,restoran
-6.9118054,107.6165396,restoran
-6.9380957,107.6143395,restoran
-6.93744,107.6106354,restoran
-6.9382861,107.6242523,restoran
-6.9381716,107.624198,restoran
-6.9382688,107.6242342,restoran
-6.890207,107.5961944,restoran
-6.8903994,107.596187,restoran
-6.8903841,107.5963546,restoran
-6.8903694,107.5962594,restoran
-6.890456,107.5963399,restoran
-6.8900725,107.5963064,restoran
-6.8902802,107.5958919,restoran
-6.8895219,107.5960441,restoran
-6.8902775,107.596482,restoran
-6.8893868,107.5957847,restoran
-6.890428,107.596073,restoran
-6.8882644,107.596183,restoran
-6.8904733,107.5962031,restoran
-6.8903055,107.5956801,restoran
-6.9056512,107.597044,restoran
-6.9056885,107.5968039,restoran
-6.9058176,107.5967395,restoran
-6.9063555,107.5985943,restoran
-6.9069959,107.5998294,restoran
-6.9217839,107.6188999,restoran
-6.9452646,107.5953092,restoran
-6.9461256,107.5954263,restoran
-6.9451361,107.5953548,restoran
-6.9202968,107.6216733,restoran
-6.9461539,107.5954259,restoran
-6.9235752,107.6056619,restoran
-6.9236763,107.6054339,restoran
-6.9243673,107.6060823,restoran
-6.9236444,107.6059704,restoran
-6.9237482,107.6057692,restoran
-6.9237296,107.60545,restoran
-6.9237802,107.605399,restoran
-6.9235539,107.6054902,restoran
-6.9236138,107.6055989,restoran
-6.9240138,107.6039962,restoran
-6.9237882,107.6039701,restoran
-6.9236444,107.6055224,restoran
-6.9238787,107.6058979,restoran
-6.923874,107.604003,restoran
-6.9229401,107.6046829,restoran
-6.9226938,107.6051804,restoran
-6.9228123,107.6052837,restoran
-6.9226579,107.6047526,restoran
-6.9228136,107.6047888,restoran
-6.9227351,107.6050195,restoran
-6.922807,107.6049913,restoran
-6.9229721,107.6050892,restoran
-6.9225966,107.6051563,restoran
-6.9228802,107.6048747,restoran
-6.9226273,107.6050879,restoran
-6.9228549,107.6047271,restoran
-6.9227617,107.6047271,restoran
-6.9273328,107.6069219,restoran
-6.9230772,107.604357,restoran
-6.9231248,107.6061197,restoran
-6.9230207,107.6062144,restoran
-6.9316429,107.6041022,restoran
-6.925889,107.6072538,restoran
-6.9167135,107.6092165,restoran
-6.9164565,107.6089409,restoran
-6.9192969,107.6097395,restoran
-6.9186106,107.6097429,restoran
-6.9168559,107.609075,restoran
-6.9161583,107.6088376,restoran
-6.9172726,107.613274,restoran
-6.8929137,107.6055492,restoran
-6.8936953,107.6054004,restoran
-6.893216,107.6050745,restoran
-6.8935368,107.6057437,restoran
-6.8936633,107.6054889,restoran
-6.8934144,107.6051952,restoran
-6.8937579,107.6053856,restoran
-6.8977654,107.6041733,restoran
-6.893172,107.6051965,restoran
-6.8930389,107.6050571,restoran
-6.893871,107.6054648,restoran
-6.8930149,107.6054701,restoran
-6.8981342,107.6039091,restoran
-6.8988891,107.6039252,restoran
-6.8978799,107.6042028,restoran
-6.5667567,106.8588209,restoran
-6.566778,106.8583623,restoran
-6.5666288,106.8576542,restoran
-6.5668073,106.8580109,restoran
-6.5669059,106.8582201,restoran
-6.5669672,106.8570936,restoran
-6.5668606,106.8572196,restoran
-6.566802,106.8577614,restoran
-6.5667221,106.8570721,restoran
-6.5673909,106.8588906,restoran
-6.5670498,106.8580122,restoran
-6.5670311,106.8588585,restoran
-6.5668846,106.8574101,restoran
-6.5665782,106.8589872,restoran
-6.5670018,106.8581745,restoran
-6.5670445,106.8585581,restoran
-6.5671084,106.8588155,restoran
-6.5673376,106.8587753,restoran
-6.5670658,106.8574959,restoran
-6.5670311,106.8576837,restoran
-6.5671644,106.8582389,restoran
-6.5672043,106.8585607,restoran
-6.5669352,106.8584642,restoran
-6.566826,106.8589121,restoran
-6.5673296,106.8585071,restoran
-6.5669619,106.8575817,restoran
-6.5675108,106.8585098,restoran
-6.5670205,106.8590704,restoran
-6.5669139,106.8589443,restoran
-6.566738,106.8585151,restoran
-6.5667194,106.8580082,restoran
-6.5672443,106.8587726,restoran
-6.5670631,106.8583971,restoran
-6.5665942,106.8579626,restoran
-6.5668686,106.8591535,restoran
-6.5671311,106.8577038,restoran
-6.5666554,106.8569112,restoran
-6.567191,106.8590704,restoran
-6.5665942,106.8585151,restoran
-6.5665755,106.8573779,restoran
-6.5667487,106.8590865,restoran
-6.567287,106.8589979,restoran
-6.5669539,106.8573564,restoran
-6.5665968,106.8578392,restoran
-6.5666901,106.8587351,restoran
-6.5665995,106.8589094,restoran
-6.566826,106.8587592,restoran
-6.5671058,106.8590167,restoran
-6.5642613,106.8472458,restoran
-6.564232,106.8474403,restoran
-6.5699162,106.8120083,restoran
-6.5692881,106.8105961,restoran
-6.569771,106.8115376,restoran
-6.5697337,106.811382,restoran
-6.5697224,106.8113016,restoran
-6.8607257,107.5896742,restoran
-6.5693827,106.810979,restoran
-6.569821,106.8117381,restoran
-6.5688418,106.8096513,restoran
-6.5696438,106.8109019,restoran
-6.5697304,106.8113358,restoran
-6.5697797,106.8115792,restoran
-6.5700934,106.8128029,restoran
-6.5699329,106.8121579,restoran
-6.5698323,106.8133213,restoran
-6.5699529,106.8121974,restoran
-6.5704225,106.8146376,restoran
-6.5695705,106.812133,restoran
-6.5698476,106.8133783,restoran
-6.5701341,106.8130386,restoran
-6.5696371,106.8120854,restoran
-6.5721538,106.8169369,restoran
-6.5762226,106.8175592,restoran
-6.5723763,106.8173982,restoran
-6.5710214,106.8157835,restoran
-6.571998,106.8173338,restoran
-6.5815477,106.8180755,restoran
-6.5730172,106.8176021,restoran
-6.5772805,106.8181707,restoran
-6.5722924,106.8173647,restoran
-6.5704065,106.8155824,restoran
-6.5704458,106.8156467,restoran
-6.5789405,106.8182217,restoran
-6.5764964,106.8178488,restoran
-6.5742668,106.8178515,restoran
-6.5752394,106.8177717,restoran
-6.304872,106.6436487,restoran
-6.5742788,106.8174532,restoran
-6.5795647,106.8185549,restoran
-6.5769747,106.8179078,restoran
-6.5744793,106.817468,restoran
-6.581619,106.8180393,restoran
-6.5797152,106.818573,restoran
-6.3047413,106.6434878,restoran
-6.3043254,106.6443327,restoran
-6.5795547,106.8187675,restoran
-6.5807684,106.8182176,restoran
-6.3054878,106.8407482,restoran
-6.3047867,106.6425759,restoran
-6.5785195,106.8181868,restoran
-6.5814745,106.8180352,restoran
-6.5753147,106.8177677,restoran
-6.5756224,106.8175122,restoran
-6.5797652,106.8187661,restoran
-6.305901,106.8402332,restoran
-6.306085,106.8402547,restoran
-6.3056064,106.8404183,restoran
-6.3057344,106.8407026,restoran
-6.5796479,106.8187387,restoran
-6.3057171,106.8405014,restoran
-6.3059597,106.8404692,restoran
-6.580021,106.8181325,restoran
-6.5816783,106.8180466,restoran
-6.3066315,106.8400428,restoran
-6.3067861,106.839973,restoran
-6.5793435,106.8182076,restoran
-6.5810588,106.818219,restoran
-6.3060397,106.8401125,restoran
-6.3051839,106.6427448,restoran
-6.3060877,106.84072,restoran
-6.3051892,106.6428333,restoran
-6.5796906,106.8187118,restoran
-6.3059757,106.840083,restoran
-6.3054998,106.8406275,restoran
-6.3068075,106.8402493,restoran
-6.5802621,106.8180983,restoran
-6.5796013,106.8187702,restoran
-6.5813146,106.8180748,restoran
-6.3058664,106.8404129,restoran
-6.5805965,106.8179226,restoran
-6.3061303,106.8403579,restoran
-6.3047627,106.6432357,restoran
-6.3063583,106.8402976,restoran
-6.3062516,106.8403365,restoran
-6.3059837,106.8403164,restoran
-6.5815824,106.8180621,restoran
-6.3059064,106.8408528,restoran
-6.3056318,106.8407804,restoran
-6.3061556,106.8405028,restoran
-6.3056824,106.8402922,restoran
-6.3060423,106.8405229,restoran
-6.3043281,106.6442335,restoran
-6.3062903,106.840134,restoran
-6.3058011,106.8406275,restoran
-6.305989,106.8407965,restoran
-6.3062849,106.8402573,restoran
-6.3060903,106.8404169,restoran
-6.3057651,106.840834,restoran
-6.3057184,106.8401849,restoran
-6.3060077,106.8407147,restoran
-6.3065036,106.8401393,restoran
-6.3048,106.6428038,restoran
-6.304944,106.6438633,restoran
-6.3055265,106.840488,restoran
-6.3068208,106.8401232,restoran
-6.3058157,106.8401018,restoran
-6.3063543,106.8401836,restoran
-6.3060303,106.840425,restoran
-6.3059264,106.8406972,restoran
-6.3040562,106.6445339,restoran
-6.3046267,106.6437721,restoran
-6.3044267,106.6442388,restoran
-6.3050346,106.6434127,restoran
-6.3042828,106.6445124,restoran
-6.3040855,106.6441905,restoran
-6.3048586,106.6427341,restoran
-6.3039469,106.6441664,restoran
-6.3038269,106.6445312,restoran
-6.3042268,106.6440403,restoran
-6.3045654,106.6429433,restoran
-6.304808,106.6437721,restoran
-6.304924,106.6431901,restoran
-6.3044934,106.6435817,restoran
-6.3040055,106.6443247,restoran
-6.3037869,106.6443032,restoran
-6.3048613,106.6441101,restoran
-6.3048746,106.6434328,restoran
-6.3050666,106.6429219,restoran
-6.3043121,106.6439652,restoran
-6.3049759,106.6436246,restoran
-6.304568,106.6434771,restoran
-6.3045094,106.6441584,restoran
-6.3038029,106.6441101,restoran
-6.30488,106.6424981,restoran
-6.304656,106.643461,restoran
-6.3047867,106.6436273,restoran
-6.30464,106.6443542,restoran
-6.3047413,106.642651,restoran
-6.3050666,106.6424552,restoran
-6.3049813,106.6428816,restoran
-6.3047067,106.6440028,restoran
-6.3039495,106.6445285,restoran
-6.304736,106.6442656,restoran
-6.3048293,106.6432384,restoran
-6.3048,106.6434757,restoran
-6.3048586,106.6423881,restoran
-6.3517459,107.1965083,restoran
-6.351258,107.195178,restoran
-6.3509888,107.1944028,restoran
-6.3508582,107.1942231,restoran
-6.3507462,107.1938717,restoran
-6.3522044,107.1965459,restoran
-6.3508502,107.1953416,restoran
-6.3507116,107.1941507,restoran
-6.3513114,107.194899,restoran
-6.3511354,107.1940407,restoran
-6.3518925,107.1968007,restoran
-6.3509462,107.1942982,restoran
-6.3516686,107.1963125,restoran
-6.351506,107.1967176,restoran
-6.3514526,107.1952075,restoran
-6.3510261,107.1953228,restoran
-6.3515939,107.1954918,restoran
-6.351314,107.1959692,restoran
-6.3511194,107.1951833,restoran
-6.3511541,107.1954194,restoran
-6.3510261,107.19381,restoran
-6.3512047,107.1963984,restoran
-6.3516126,107.1964332,restoran
-6.3508635,107.1949795,restoran
-6.35141,107.1957466,restoran
-6.3510848,107.1958378,restoran
-6.3511248,107.1946415,restoran
-6.3516712,107.1960255,restoran
-6.3508608,107.1939898,restoran
-6.3510101,107.1942151,restoran
-6.3518258,107.1970046,restoran
-6.3508555,107.1946952,restoran
-6.3511408,107.1949258,restoran
-6.3520604,107.1966317,restoran
-6.3519085,107.196326,restoran
-6.3514846,107.195929,restoran
-6.3518525,107.1972325,restoran
-6.3515993,107.1958941,restoran
-6.351466,107.1953684,restoran
-6.3519751,107.1974069,restoran
-6.3519112,107.1966988,restoran
-6.3509248,107.194612,restoran
-6.3512527,107.1958029,restoran
-6.3512554,107.1956527,restoran
-6.3509621,107.19484,restoran
-6.351418,107.1961275,restoran
-6.584071,106.8171421,restoran
-6.584075,106.8174847,restoran
-6.5832237,106.8174049,restoran
-6.5830712,106.8172983,restoran
-6.5822772,106.8176296,restoran
-6.5840331,106.8174995,restoran
-6.5841043,106.8171334,restoran
-6.5842715,106.8170764,restoran
-6.5843342,106.8174358,restoran
-6.5860548,106.8165439,restoran
-6.5860288,106.8165513,restoran
-6.586132,106.8165278,restoran
-6.5859449,106.8165714,restoran
-6.5851468,106.8169221,restoran
-6.5859082,106.8165869,restoran
-6.5855439,106.8167015,restoran
-6.5867242,106.8160142,restoran
-6.5861267,106.8164085,restoran
-6.5859748,106.8165278,restoran
-6.5860827,106.8165386,restoran
-6.5866929,106.815974,restoran
-6.588297,106.8161543,restoran
-6.5886347,106.8167344,restoran
-6.5873484,106.8164822,restoran
-6.587379,106.8164688,restoran
-6.5874696,106.8165057,restoran
-6.5875542,106.8161061,restoran
-6.5876042,106.8161047,restoran
-6.5876908,106.8161161,restoran
-6.5877827,106.8165433,restoran
-6.5911639,106.8169972,restoran
-6.5918274,106.8170475,restoran
-6.5892688,106.816735,restoran
-6.5913751,106.817014,restoran
-6.589061,106.8162797,restoran
-6.5917128,106.8170308,restoran
-6.5904658,106.8169798,restoran
-6.5920106,106.8170918,restoran
-6.5925268,106.8168732,restoran
-6.5932855,106.8172815,restoran
-6.581677,106.8173526,restoran
-6.581669,106.8171823,restoran
-6.5816836,106.8175229,restoran
-6.5818209,106.8162516,restoran
-6.5820114,106.8145886,restoran
-6.5818728,106.8154912,restoran
-6.5817416,106.816666,restoran
-6.5812147,106.8129109,restoran
-6.5816783,106.8139308,restoran
-6.5818815,106.8153745,restoran
-6.5816683,106.8139087,restoran
-6.5811447,106.8127097,restoran
-6.581661,106.8138855,restoran
-6.5811993,106.8128807,restoran
-6.5817909,106.8134111,restoran
-6.5818575,106.8134205,restoran
-6.5820027,106.8139985,restoran
-6.5812853,106.8130698,restoran
-6.5814078,106.8126225,restoran
-6.5810641,106.8123027,restoran
-6.5809875,106.810914,restoran
-6.9215477,107.6125981,restoran
-6.166455,106.8327933,restoran
-6.1950579,106.8201628,restoran
-6.8884196,107.5961276,restoran
-6.1950849,106.8199599,restoran
-6.907701,106.7792465,restoran
-6.3018851,106.79476,restoran
-6.8861807,106.7794799,restoran
-6.3763106,106.904061,restoran
-6.9139615,107.6290494,restoran
-6.6018386,107.4267087,restoran
-6.8817703,107.599353,restoran
-6.8934898,107.6057076,restoran
-6.2949289,107.1343919,restoran
-6.8886642,107.6157453,restoran
-6.9019393,107.6156563,restoran
-6.8586576,107.6364995,restoran
-6.8630892,107.6276199,restoran
-6.9267296,107.6192632,restoran
-6.9055079,106.8878186,restoran
-6.9145662,107.6020322,restoran
-6.2180183,106.7824261,restoran
-6.292776,106.7987774,restoran
-6.2928137,106.7987723,restoran
-6.2929532,106.798904,restoran
-6.309094,107.304685,restoran
-6.2276204,106.8218211,restoran
-6.2214221,106.8194855,restoran
-6.2225378,106.822444,restoran
-6.1974589,106.7506496,restoran
-6.5201638,107.667998,restoran
-6.5120785,107.6757348,restoran
-6.1527172,106.8978572,restoran
-6.9424857,107.6276045,restoran
-6.339546,106.7935574,restoran
-6.2385803,106.8519223,restoran
-6.4115471,106.864716,restoran
-6.2809182,106.7961154,restoran
-6.2441724,106.7922416,restoran
-6.2449582,106.8021557,restoran
-6.2618857,106.7376521,restoran
-6.2585541,106.7365025,restoran
-6.2577189,106.7364287,restoran
-6.2335517,106.6341574,restoran
-6.2386098,106.6524525,restoran
-6.276952,106.7729379,restoran
-6.1721035,106.5807688,restoran
-6.1721428,106.5810587,restoran
-6.1719173,106.5806128,restoran
-6.1718808,106.5806179,restoran
-6.2241035,106.8234468,restoran
-6.2244515,106.8233713,restoran
-6.2243393,106.823797,restoran
-6.3266841,107.2749272,restoran
-6.3184202,107.2708898,restoran
-6.3219962,107.2718075,restoran
-6.3358826,107.3430257,restoran
-6.324945,107.3584431,restoran
-6.4320556,106.8260768,restoran
-6.1386469,106.8568898,restoran
-6.1561829,106.7343853,restoran
-6.1571211,106.7308312,restoran
-6.354859,106.721682,restoran
-6.3292239,107.3580036,restoran
-6.2439165,106.8021627,restoran
-6.2454598,106.8026116,restoran
-6.245502,106.8026138,restoran
-6.2152076,106.8148622,restoran
-6.9961618,107.5318679,restoran
-6.8724976,107.5400216,restoran
-6.3173471,106.9497179,restoran
-6.2377608,106.6587087,restoran
-6.2376515,106.6588636,restoran
-6.2365509,106.753068,restoran
-6.9947937,107.6306265,restoran
-6.335178,107.3527442,restoran
-6.3891361,106.749707,restoran
-6.2061375,107.0516932,restoran
-6.3643794,106.8283943,restoran
-6.1541714,106.9173611,restoran
-6.9671249,107.6389075,restoran
-6.9671619,107.6390146,restoran
-6.9672069,107.6386961,restoran
-6.9184788,107.6100202,restoran
-6.7383396,108.525216,restoran
-6.7378499,108.5258014,restoran
-6.7378466,108.5256859,restoran
-6.7371714,108.5270658,restoran
-6.7372219,108.5270764,restoran
-6.7371463,108.5273897,restoran
-6.738248,108.5248681,restoran
-6.8741234,107.6045594,restoran
-6.8740529,107.6045701,restoran
-6.2341808,106.9735442,restoran
-6.3263378,106.8589091,restoran
-6.5902689,106.7972555,restoran
-6.8863895,106.9556549,restoran
-6.3016639,106.6535618,restoran
-6.3020827,106.6544835,restoran
-6.6663834,106.8704865,restoran
-6.9031839,107.6529325,restoran
-6.8967323,107.6381555,restoran
-6.9040552,107.6527098,restoran
-6.9039042,107.6527236,restoran
-6.9039203,107.6527231,restoran
-6.9026301,107.6237638,restoran
-6.358082,106.7480184,restoran
-7.1395227,107.4010447,restoran
-6.2856065,106.6243161,restoran
-6.2856112,106.6246996,restoran
-6.2854406,106.6247398,restoran
-6.2854059,106.6244656,restoran
-6.2852033,106.6241531,restoran
-6.2852753,106.6238299,restoran
-6.2854406,106.6241719,restoran
-6.2855139,106.6239801,restoran
-6.2853713,106.6238842,restoran
-6.2950607,106.6103113,restoran
-6.294259,106.609076,restoran
-6.2942496,106.6092303,restoran
-6.2950503,106.6098471,restoran
-6.2950674,106.6100323,restoran
-6.2949027,106.6106248,restoran
-6.2947581,106.6106195,restoran
-6.955097,107.6975888,restoran
-6.2919474,106.6390883,restoran
-6.2860924,106.6660599,restoran
-6.2192183,107.0337486,restoran
-6.2338469,106.8169863,restoran
-6.2337644,106.8155621,restoran
-6.2212551,106.8018069,restoran
-6.1886881,106.8186428,restoran
-6.9554997,107.5933303,restoran
-6.3459712,107.165253,restoran
-6.9543155,107.6986069,restoran
-6.1702127,106.9088911,restoran
-6.2431947,107.1600346,restoran
-6.1601108,106.9979179,restoran
-6.1599691,106.9979314,restoran
-6.1596779,106.9979391,restoran
-6.7060471,108.4783702,restoran
-6.5211453,106.7888242,restoran
-6.1941191,106.8197121,restoran
-6.9020182,107.6126236,restoran
-6.0591125,106.6922299,restoran
-6.0590439,106.6925564,restoran
-6.059121,106.6928424,restoran
-6.0595582,106.6923628,restoran
-6.0595853,106.6925091,restoran
-7.3764454,108.2129595,restoran
-6.3313819,107.1391493,restoran
-6.3316564,107.139219,restoran
-6.3310779,107.1461056,restoran
-6.3310326,107.1463296,restoran
-6.3319137,107.1397434,restoran
-6.3317657,107.1398185,restoran
-6.1879194,106.7689081,restoran
-6.1629208,106.8247698,restoran
-6.2011392,106.8858243,restoran
-6.1763894,106.8739845,restoran
-6.7369429,108.5282592,restoran
-6.7366254,108.5302862,restoran
-6.9008493,106.901668,restoran
-6.736434,108.5490042,restoran
-6.7363716,108.5490079,restoran
-6.7363942,108.5491457,restoran
-6.7364295,108.5491338,restoran
-6.159638,106.8207554,restoran
-6.3482803,106.6736594,restoran
-6.2181869,106.8182257,restoran
-6.7386756,108.5240057,restoran
-6.2285082,106.5862157,restoran
-6.2246997,106.6372827,restoran
-6.2219796,106.6311076,restoran
-6.2219838,106.6185754,restoran
-6.7152206,108.5511478,restoran
-6.7153598,108.551144,restoran
-6.736834,108.5279239,restoran
-6.047411,106.7056838,restoran
-6.0457372,106.7049839,restoran
-6.2123567,106.8021754,restoran
-6.2110124,106.8241652,restoran
-7.0067626,108.4052102,restoran
-6.9130379,107.604257,restoran
-6.229449,106.8032629,restoran
-6.2284867,106.7984121,restoran
-6.2304804,106.7957741,restoran
-6.230104,106.7974387,restoran
-6.3009063,106.6915144,restoran
-6.3016376,106.6916645,restoran
-6.2239002,106.823315,restoran
-6.2846675,106.6364708,restoran
-6.2849685,106.6364823,restoran
-6.2839471,106.6364433,restoran
-6.2842618,106.6364532,restoran
-6.2841231,106.6364477,restoran
-6.2848086,106.6364781,restoran
-6.7302955,108.5410722,restoran
-6.7195732,108.557479,restoran
-6.7195433,108.5574699,restoran
-6.3569719,107.2424815,restoran
-6.3564953,107.2422603,restoran
-6.3566923,107.2423736,restoran
-6.3571091,107.2429469,restoran
-6.3571601,107.2430885,restoran
-6.3572638,107.2430248,restoran
-6.3570334,107.2437043,restoran
-6.3569561,107.2434672,restoran
-6.9417207,107.6346637,restoran
-6.1834014,106.8250914,restoran
-6.2292225,106.7980152,restoran
-6.2317588,106.7977618,restoran
-6.2963525,106.9212096,restoran
-6.2959585,106.9215656,restoran
-6.4969279,106.7536438,restoran
-6.7922323,107.5793151,restoran
-6.7923313,107.5806633,restoran
-6.7360431,108.5312379,restoran
-6.2125527,106.8042011,restoran
-6.21252,106.8042507,restoran
-6.212594,106.8041535,restoran
-6.21231,106.8042165,restoran
-6.2122927,106.8040851,restoran
-6.2854607,106.7278999,restoran
-6.9810358,106.5398934,restoran
-6.9551416,106.4581789,restoran
-6.9461372,106.4499292,restoran
-6.9784681,106.5313963,restoran
-6.9527556,106.48338,restoran
-6.9783954,106.5312607,restoran
-6.9721217,106.5254034,restoran
-6.9792269,106.5323733,restoran
-6.9606947,106.4754551,restoran
-6.9486317,106.4487323,restoran
-7.0110163,106.5635732,restoran
-6.9886302,106.5491909,restoran
-6.984458,106.543224,restoran
-7.0080599,106.5609566,restoran
-7.0148754,106.5664055,restoran
-6.2834603,106.6328677,restoran
-6.2835451,106.6329272,restoran
-6.9158673,107.610473,restoran
-6.1966559,106.8913074,restoran
-6.7215783,108.550749,restoran
-6.7214611,108.5507543,restoran
-6.7240083,108.5506792,restoran
-6.7240087,108.550698,restoran
-6.7240097,108.5507423,restoran
-6.9120427,107.6231671,restoran
-6.8865621,107.6200137,restoran
-6.2699702,106.624338,restoran
-6.8509041,106.7642163,restoran
-6.2953778,106.9958826,restoran
-6.1865194,106.8252383,restoran
-6.2384991,106.7898634,restoran
-6.1184971,106.6674146,restoran
-6.8984645,107.5970953,restoran
-6.921684,107.6124486,restoran
-6.8972018,107.5972083,restoran
-6.905677,107.6216854,restoran
-6.9085228,107.6239245,restoran
-6.9110387,107.6274018,restoran
-6.9079386,107.6221334,restoran
-6.2422722,106.7829546,restoran
-6.2416476,106.7829996,restoran
-6.2402285,106.7831907,restoran
-6.2412123,106.7893209,restoran
-6.9049367,107.6037473,restoran
-6.8968452,107.5918421,restoran
-6.9000246,107.5967562,restoran
-6.1835193,106.83393,restoran
-6.5756277,106.7980175,restoran
-6.9273798,107.635134,restoran
-6.9025236,107.6218961,restoran
-6.9054977,107.6039072,restoran
-6.8136527,107.6215934,restoran
-6.8143005,107.6227823,restoran
-6.9143585,107.6052506,restoran
-6.9004947,107.6025507,restoran
-6.572609,106.7417013,restoran
-6.86761,107.4646409,restoran
-6.8673763,107.4644342,restoran
-6.8671955,107.4643489,restoran
-6.8893282,107.6160743,restoran
-6.8883837,107.615672,restoran
-6.8897924,107.6158406,restoran
-6.8894273,107.6161589,restoran
-6.8885934,107.6157335,restoran
-6.8894248,107.6161882,restoran
-6.8875422,107.6153737,restoran
-6.8882793,107.615636,restoran
-6.8504708,107.4962348,restoran
-6.8687131,107.5321163,restoran
-6.8698612,107.5359239,restoran
-6.8813769,107.5516833,restoran
-6.8708718,107.5388127,restoran
-6.8866152,107.613184,restoran
-6.3218035,107.3247514,restoran
-6.8950794,107.5599771,restoran
-6.6002818,106.7793624,restoran
-6.6061687,106.8089915,restoran
-6.2552824,107.0041669,restoran
-6.2523294,107.0119238,restoran
-6.2491732,107.0138832,restoran
-6.9414209,107.6267707,restoran
-6.9386826,107.6241875,restoran
-6.9385697,107.6240745,restoran
-6.9372816,107.6226773,restoran
-6.9378566,107.6233102,restoran
-6.7364553,108.5289396,restoran
-6.9405229,107.6263702,restoran
-6.2983483,107.0004283,restoran
-6.2517328,106.9906388,restoran
-7.0205415,108.4176971,restoran
-6.7195006,108.5680382,restoran
-6.7195631,108.5675748,restoran
-6.7224181,108.5497954,restoran
-6.7221024,108.5499068,restoran
-6.7221604,108.549841,restoran
-6.7220711,108.5500167,restoran
-6.7221125,108.5501725,restoran
-6.7221351,108.5502575,restoran
-6.7342657,108.5424368,restoran
-6.7342937,108.5424076,restoran
-6.2967938,107.0003204,restoran
-6.7144395,108.5549726,restoran
-6.3246979,107.340776,restoran
-6.3243178,107.3406713,restoran
-6.3244382,107.340696,restoran
-6.3244956,107.3407784,restoran
-6.3246488,107.3408043,restoran
-6.324065,107.3405886,restoran
-6.3241142,107.3404952,restoran
-6.3225517,107.3381186,restoran
-6.9553477,107.6968542,restoran
-6.9494454,106.4443559,restoran
-6.9495154,106.4417153,restoran
-6.9457053,106.4459585,restoran
-6.9523802,106.442243,restoran
-6.4333141,106.789059,restoran
-6.2955891,106.9998087,restoran
-6.7160893,108.5607218,restoran
-6.7163447,108.5602466,restoran
-6.7094913,108.5599184,restoran
-6.7096134,108.5599821,restoran
-6.7037184,108.5570723,restoran
-6.7037847,108.5568446,restoran
-6.7052298,108.5577864,restoran
-6.2990538,107.2907532,restoran
-6.3104318,107.3153415,restoran
-6.3165698,106.7169282,restoran
-6.8579813,107.5941032,restoran
-6.4134329,106.8672436,restoran
-6.9554821,107.6979267,restoran
-6.7013672,108.5511158,restoran
-6.3143086,106.6975203,restoran
-6.2444388,106.8029923,restoran
-6.2441063,106.8027138,restoran
-6.3160632,106.735185,restoran
-6.2938041,106.7949009,restoran
-6.7362565,108.5312624,restoran
-6.7358779,108.5334253,restoran
-6.7357441,108.5336683,restoran
-6.7356252,108.5341196,restoran
-6.7354682,108.5349864,restoran
-6.7354694,108.5345592,restoran
-6.7342519,108.5346934,restoran
-6.7368465,108.5281594,restoran
-6.7368708,108.5283566,restoran
-6.7364849,108.528775,restoran
-6.7364793,108.5287974,restoran
-6.7364729,108.5288223,restoran
-6.3236329,106.7451845,restoran
-6.2116234,106.8056139,restoran
-6.172257,106.8201622,restoran
-6.1835683,106.8297376,restoran
-6.1846377,106.8295042,restoran
-6.185058,106.8292123,restoran
-6.1856803,106.8291852,restoran
-6.741104,108.5772931,restoran
-6.7411238,108.5772505,restoran
-6.2306308,106.797792,restoran
-6.4340156,106.7789381,restoran
-6.2353202,106.7388891,restoran
-6.2438014,106.7461406,restoran
-6.4450428,106.778031,restoran
-6.2728508,106.6926966,restoran
-6.2172356,106.8303791,restoran
-6.3000492,106.6363665,restoran
-6.1127121,106.7478304,restoran
-6.2030373,106.8188955,restoran
-6.203064,106.8188875,restoran
-7.2053284,108.5020762,restoran
-7.2053957,108.5022207,restoran
-6.2457184,106.8024907,restoran
-6.2596501,106.7415217,restoran
-6.2366684,106.7444833,restoran
-6.9554923,107.6967853,restoran
-6.9546884,107.6975191,restoran
-6.1761601,106.8124414,restoran
-6.1847492,106.6855423,restoran
-6.9225134,106.9294506,restoran
-6.8159855,107.1337948,restoran
-6.9205099,106.9293797,restoran
-6.8123116,107.1453604,restoran
-6.2881368,107.0010071,restoran
-6.9168549,106.9311574,restoran
-6.2929669,106.7362936,restoran
-6.9557432,107.697312,restoran
-6.2236392,106.5895294,restoran
-6.2321124,106.5880047,restoran
-6.2511719,106.5731795,restoran
-6.2522921,106.5752741,restoran
-6.2506048,106.571716,restoran
-6.2276275,106.6051385,restoran
-6.2505862,106.5718359,restoran
-6.2507807,106.5716704,restoran
-6.2503677,106.572114,restoran
-6.2509713,106.5712548,restoran
-6.2504145,106.5719387,restoran
-6.2505475,106.5717775,restoran
-6.3639678,106.9279517,restoran
-6.3661362,106.9285496,restoran
-6.2858354,106.9998303,restoran
-6.2444443,106.802593,restoran
-6.2446482,106.8021537,restoran
-6.2445976,106.8021528,restoran
-6.2025479,106.8253694,restoran
-6.1957138,106.9039343,restoran
-6.7454332,108.5635772,restoran
-6.7450113,108.5633984,restoran
-6.2997453,106.6690291,restoran
-6.2997106,106.6695709,restoran
-6.3199911,106.6637174,restoran
-6.7170579,108.5592885,restoran
-6.7167905,108.5590558,restoran
-6.7175987,108.5584731,restoran
-6.7459399,108.5631624,restoran
-6.2680306,107.0205741,restoran
-6.230059,106.7977455,restoran
-6.2998988,106.7149715,restoran
-6.7250693,108.5616324,restoran
-6.7180947,108.5586093,restoran
-6.7181524,108.5586227,restoran
-6.6140142,106.8073684,restoran
-6.7983754,107.5759876,restoran
-6.2782158,106.807436,restoran
-6.7240127,108.5670726,restoran
-6.7186511,108.5587802,restoran
-6.7191117,108.5592288,restoran
-7.1227625,107.4330106,restoran
-6.9196996,107.6087865,restoran
-6.3386527,106.6282609,restoran
-6.7203527,108.5484295,restoran
-6.7210313,108.5700518,restoran
-6.7188047,108.5618506,restoran
-6.2966128,107.0155924,restoran
-6.2966581,107.0157028,restoran
-6.2966683,107.0157719,restoran
-6.1496276,106.8178675,restoran
-6.9124509,107.5985737,restoran
-6.9124771,107.5993197,restoran
-6.927444,107.6352768,restoran
-6.9269491,107.6343391,restoran
-6.9267388,107.6340585,restoran
-6.9271837,107.6348004,restoran
-6.9270839,107.6345955,restoran
-6.8678621,107.463573,restoran
-6.2350232,106.7963769,restoran
-6.2326507,106.796273,restoran
-6.2441928,106.6534865,restoran
-6.1271244,106.7913182,restoran
-6.0921869,106.7436226,restoran
-6.2326749,106.7969121,restoran
-6.2780128,106.8043485,restoran
-6.3110779,106.7866455,restoran
-6.7381625,108.5430874,restoran
-6.7204341,108.5642525,restoran
-6.72081,108.5632046,restoran
-6.7150148,108.5616059,restoran
-6.715312,108.5618695,restoran
-6.7152049,108.5620702,restoran
-6.7146432,108.5624554,restoran
-6.7145662,108.5624167,restoran
-6.1512012,106.8733609,restoran
-6.4197194,106.782242,restoran
-6.1938482,106.8221097,restoran
-6.7283316,108.5498229,restoran
-6.7283143,108.5495758,restoran
-6.7284819,108.5527468,restoran
-6.9188759,106.9361624,restoran
-6.9179079,106.9301768,restoran
-6.4951421,106.8765917,restoran
-6.3994803,106.9695903,restoran
-6.7103887,108.5605085,restoran
-6.315119,106.7077186,restoran
-6.9599952,107.580528,restoran
-6.7129586,108.5547431,restoran
-6.2881628,106.8589394,restoran
-6.3028386,106.6543721,restoran
-6.3023752,106.6541694,restoran
-6.301609,106.6532574,restoran
-6.7069993,108.5514765,restoran
-6.7044046,108.5514224,restoran
-6.7038618,108.5514334,restoran
-6.7207922,108.5625152,restoran
-6.7287742,108.5507,restoran
-6.72894,108.5533886,restoran
-6.4054941,106.7702728,restoran
-6.7291905,108.555099,restoran
-6.8778043,107.6171442,restoran
-6.3454249,106.7155133,restoran
-6.3454779,106.7155236,restoran
-6.3455745,106.7155941,restoran
-6.3454073,106.7163002,restoran
-6.3454495,106.7161555,restoran
-6.3454161,106.715972,restoran
-6.1404909,106.8092599,restoran
-6.1663156,106.9239208,restoran
-6.1629889,106.9264609,restoran
-6.1628263,106.9261068,restoran
-6.4816737,106.8125897,restoran
-6.2828027,106.9956623,restoran
-6.2329512,106.7938464,restoran
-6.232424,106.794466,restoran
-6.2681383,107.0207784,restoran
-6.3742943,106.9574191,restoran
-6.3744063,106.957454,restoran
-6.3745449,106.9575022,restoran
-6.374665,106.9575427,restoran
-6.3747849,106.9576017,restoran
-6.3767868,106.9589535,restoran
-6.3764963,106.9581945,restoran
-6.378045,106.958283,restoran
-6.3781916,106.9582964,restoran
-6.3784928,106.9583018,restoran
-6.3787194,106.9582776,restoran
-6.37889,106.9582642,restoran
-6.3796284,106.9580872,restoran
-6.3797723,106.9589106,restoran
-6.3795724,106.9588972,restoran
-6.3792845,106.9588999,restoran
-6.3769068,106.958975,restoran
-6.3763523,106.9588489,restoran
-6.371309,106.9563947,restoran
-6.3806372,106.9586044,restoran
-6.388534,106.9441534,restoran
-6.3891484,106.9431672,restoran
-6.3895273,106.9428808,restoran
-6.388779,106.9425432,restoran
-6.2738003,107.0087937,restoran
-6.8926555,107.6043715,restoran
-6.3683091,106.9596642,restoran
-6.369066,106.9585516,restoran
-6.7112961,108.5413545,restoran
-6.7114279,108.5409267,restoran
-6.9544415,107.6978529,restoran
-6.9079689,107.613069,restoran
-6.9062428,107.6224118,restoran
-6.3093175,106.900776,restoran
-6.3094868,106.9006929,restoran
-6.2920277,107.0034502,restoran
-6.2477354,106.67329,restoran
-6.9270689,107.6192846,restoran
-6.9280383,107.6187527,restoran
-6.4325983,106.7624151,restoran
-6.3307527,106.9204494,restoran
-6.2951982,106.9984717,restoran
-6.2739097,107.0087908,restoran
-6.5580952,107.8186999,restoran
-6.2432054,106.625942,restoran
-6.9131759,107.7033826,restoran
-6.1157507,106.7561805,restoran
-6.2202482,106.3458258,restoran
-6.8963411,107.6132718,restoran
-6.9095088,107.6111162,restoran
-6.9095556,107.6113091,restoran
-6.5181784,106.7879338,restoran
-6.1801164,106.78379,restoran
-6.1804615,106.7835676,restoran
-6.1784688,106.7837611,restoran
-6.1802182,106.7838043,restoran
-6.1798422,106.7856107,restoran
-6.1782247,106.7853723,restoran
-6.1783038,106.7852758,restoran
-6.1783003,106.7852376,restoran
-6.1783016,106.7852068,restoran
-6.1783567,106.7840435,restoran
-6.1857488,106.7583252,restoran
-6.1802569,106.7840257,restoran
-6.175663,106.7834599,restoran
-6.1824178,106.78342,restoran
-6.182043,106.7834855,restoran
-6.181624,106.7835104,restoran
-6.181676,106.7835106,restoran
-6.182101,106.7874015,restoran
-6.1822027,106.7871506,restoran
-6.179765,106.7855267,restoran
-6.1789505,106.7835846,restoran
-6.17873,106.7837887,restoran
-6.1832386,106.7877251,restoran
-6.8666742,107.4643488,restoran
-6.8670774,107.4643481,restoran
-6.1835644,106.7833285,restoran
-6.182198,106.7831405,restoran
-6.1883533,106.6044947,restoran
-6.8984383,107.6159839,restoran
-6.176496,106.7835067,restoran
-6.1754762,106.7837146,restoran
-6.1752815,106.7834937,restoran
-6.1749284,106.7837237,restoran
-6.1748918,106.783726,restoran
-6.1742272,106.7837558,restoran
-6.1740131,106.7837233,restoran
-6.1773027,106.7817417,restoran
-6.1772889,106.7805156,restoran
-6.174651,106.7800926,restoran
-6.1739419,106.7809052,restoran
-6.1739418,106.7814552,restoran
-6.1739146,106.7817168,restoran
-6.1737101,106.7811998,restoran
-6.1737098,106.781699,restoran
-6.1739274,106.7818611,restoran
-6.1739134,106.782134,restoran
-6.1739342,106.7825632,restoran
-6.173937,106.7826271,restoran
-6.173941,106.7825926,restoran
-6.173926,106.7827789,restoran
-6.1736913,106.7826323,restoran
-6.1739147,106.7830127,restoran
-6.3692093,106.9594839,restoran
-6.8889548,107.6155118,restoran
-6.1792269,106.7838146,restoran
-6.179279,106.7838359,restoran
-6.1792871,106.7838156,restoran
-6.1736773,106.7835151,restoran
-6.9310198,107.625839,restoran
-6.1734576,106.7829924,restoran
-6.1733381,106.7829968,restoran
-6.1728814,106.7830232,restoran
-6.1727254,106.7832094,restoran
-6.1725943,106.7829477,restoran
-6.1725123,106.7831857,restoran
-6.1719736,106.7831813,restoran
-6.1696464,106.7831093,restoran
-6.3148933,106.7321923,restoran
-6.7327947,108.5403889,restoran
-6.9271073,107.6332585,restoran
-6.9266876,107.6333859,restoran
-6.9279161,107.6362954,restoran
-6.1705633,106.7831608,restoran
-6.1690381,106.7832881,restoran
-6.1736452,106.783907,restoran
-6.8970967,107.6365302,restoran
-6.8918942,107.6166874,restoran
-6.8914827,107.6156109,restoran
-6.8918848,107.6166415,restoran
-6.1739225,106.7844755,restoran
-6.173921,106.7845193,restoran
-6.1739148,106.7845872,restoran
-6.1739146,106.7846142,restoran
-6.1736481,106.7847815,restoran
-6.1739384,106.7840545,restoran
-6.1739564,106.7838091,restoran
-6.1739571,106.7837608,restoran
-6.1739564,106.7837219,restoran
-6.4157904,106.7812832,restoran
-6.1736126,106.7866259,restoran
-6.1736507,106.7867245,restoran
-6.1738461,106.7864978,restoran
-6.1738483,106.7863446,restoran
-6.1739467,106.7854234,restoran
-6.9313825,107.5401542,restoran
-6.9546571,107.60966,restoran
-6.9541862,107.6085023,restoran
-6.9529348,107.5992771,restoran
-6.9530597,107.6043045,restoran
-6.9529331,107.5992344,restoran
-6.953275,107.6040159,restoran
-6.8765407,107.6181533,restoran
-6.875312,107.6184837,restoran
-6.3102131,106.6893742,restoran
-6.1611102,106.7829754,restoran
-6.161774,106.7853601,restoran
-6.4341459,106.7756559,restoran
-6.8811227,107.6119462,restoran
-6.8836294,107.6140853,restoran
-6.3609966,106.9607074,restoran
-6.3678079,106.9566696,restoran
-6.8917073,107.6134038,restoran
-6.8964979,107.6130858,restoran
-6.303886,106.6830224,restoran
-6.3236967,107.3376289,restoran
-6.323655,107.3378693,restoran
-6.3235547,107.3379152,restoran
-6.1786868,106.7841221,restoran
-6.1786907,106.7841941,restoran
-6.2437313,106.80045,restoran
-6.4025429,107.4912901,restoran
-6.4810908,106.7570614,restoran
-6.5565183,106.7817398,restoran
-6.7760741,108.5216886,restoran
-6.7763338,108.5226059,restoran
-6.7761094,108.5189863,restoran
-6.7644127,108.5278478,restoran
-6.7651612,108.526948,restoran
-6.9205582,106.9217078,restoran
-6.9204308,106.9212789,restoran
-6.408201704675047,106.89064586045988,restoran
-6.423663738950832,106.88901778930197,restoran
-6.438269407951332,106.87904217407687,restoran
-7.372974710842117,108.54151406612638,restoran
-6.395674024114664,106.77214403839471,restoran
-6.256719821512458,107.16676527578238,restoran
-6.369114355517264,106.82574778203463,restoran
-6.8892581624804325,107.60944975110357,restoran
-6.888759428434109,107.6127583995486,restoran
-6.89340055,107.61248579999999,restoran
-6.895949676122767,107.61322157831975,restoran
-6.908676752597574,107.6098535616084,restoran
-6.909564643864654,107.61037442484924,restoran
-6.256758488626724,106.86373233470353,restoran
-6.249103935336799,106.94104753076167,restoran
-6.246883382999887,106.90904174253185,restoran
-6.202093413135443,106.82345459531315,restoran
-6.201813460662077,106.82218353773915,restoran
-6.232173040465273,106.80780279898245,restoran
-6.230893916457886,106.8077651138092,restoran
-6.231005924867897,106.80804649544746,restoran
-6.231120576705401,106.80777938242147,restoran
-6.230901650000001,106.80909514999998,restoran
-6.884638000000001,107.61495894999999,restoran
-6.229714888880817,106.79653360235291,restoran
-6.8860058,107.62263755000001,restoran
-6.912538059541886,107.61626901062222,restoran
-6.302617121830934,106.89836800069735,restoran
-6.93236091877968,107.77889115207306,restoran
-6.363170404386005,106.83031273802521,restoran
-6.363533000000001,106.83010165,restoran
-6.393520822308948,106.82408094639601,restoran
-6.167545050000005,106.82936815000001,restoran
-6.183823165434147,106.83041012919877,restoran
-6.1837158,106.82937295000002,restoran
-6.184076966080556,106.82958770035287,restoran
-6.178912822262481,106.8403091873278,restoran
-6.201185121078722,106.85626146546225,restoran
-6.201782033380723,106.85687345743501,restoran
-6.173281260311438,106.766242158032,restoran
-6.175962463875242,106.80103077613197,restoran
-6.176777892195799,106.79991375891939,restoran
-6.6015596705937885,106.79397550424652,restoran
-6.590075339465074,106.8051114777768,restoran
-6.598786600284795,106.8038162404651,restoran
-6.602835681474237,106.80543869064556,restoran
-6.603338725787634,106.80562903552274,restoran
-6.6061148,106.80896045,restoran
-6.605790850000001,106.80867874999998,restoran
-6.61058050063943,106.81242547355839,restoran
-6.626616922622702,106.81070907687858,restoran
-6.614051610224359,106.81430593695151,restoran
-6.589406074595927,106.78826365939939,restoran
-6.6015473,106.79389783333332,restoran
-6.611325387345044,106.81271947856435,restoran
-6.611865025296385,106.81316402374499,restoran
-6.610393102707893,106.81217133185406,restoran
-6.57230875,106.75383030000002,restoran
-6.689512149658952,106.79139873355999,restoran
-6.590127535647992,106.80288772936304,restoran
-6.601554724864619,106.79393904421104,restoran
-6.601030849999998,106.78146630000002,restoran
-6.573711658039184,106.80775842404117,restoran
-6.601811209415854,106.79441031260495,restoran
-6.62699815330374,106.8222039656156,restoran
-6.629700750000001,106.82433635,restoran
-6.616386450000002,106.8107914,restoran
-6.591029910284746,106.80676942524684,restoran
-6.561215685904238,106.79002668108014,restoran
-6.620859074652117,106.81706958512063,restoran
-6.277544488761257,106.80087571609188,restoran
-6.295401279267524,106.83136193129427,restoran
-6.277912416237581,106.80092953302174,restoran
-6.277987063220295,106.80314096427706,restoran
-6.277627900000001,106.803115,restoran
-6.277982797862816,106.8026670209926,restoran
-6.295622840574151,106.83151476957816,restoran
-6.2846507631671455,106.90835797972528,restoran
-6.284918692005895,106.90478800232734,restoran
-6.883038786202766,107.60049200951958,restoran
-6.809908600059752,107.59375030001627,restoran
-6.785449665495019,107.65243736492424,restoran
-6.794253358916464,107.65367108770093,restoran
-6.817111972382945,107.61536880581804,restoran
-6.7941542403551205,107.65414231170315,restoran
-6.563039351933153,106.79782492586787,restoran
-6.563157150000002,106.79630065,restoran
-6.605213767304445,106.79279775254749,restoran
-6.242395509472379,106.8425347719392,restoran
-6.612538232920886,106.80687737731353,restoran
-6.572448650000001,106.75274879999999,restoran
-6.611584827278728,106.81522868147555,restoran
-6.610544199999998,106.81454724999998,restoran
-6.361714934167176,106.82806658248498,restoran
-6.403199458836301,106.76871383861211,restoran
-6.655468181426714,106.86108252742629,restoran
-6.578883649999999,106.80757060000002,restoran
-6.195873333950496,106.82478359078529,restoran
-6.29291476497147,106.95881967372277,restoran
-6.474688069642279,106.82556959815645,restoran
-6.322439907745231,106.78350608075637,restoran
-6.325161459938064,106.78424028303718,restoran
-6.200304214621165,106.63728067222588,restoran
-6.228913503435875,106.63477239790097,restoran
-6.298943169282888,106.66521387770126,restoran
-6.1939455506995715,106.8482957930455,restoran
-6.2235245353100845,106.61961278868975,restoran
-6.105001867443716,106.77418988650764,restoran
-6.815850149999998,107.62529769999999,restoran
-6.225755499999999,106.85688545,restoran
-6.40794505,106.7538885,restoran
-6.407745200000001,106.75398835000001,restoran
-6.407721428906704,106.75387670274466,restoran
-6.407799278536449,106.75397996050243,restoran
-6.407845820030593,106.75397793796542,restoran
-6.610220480890513,106.74204222359602,restoran
-6.6101488562427395,106.74194924291723,restoran
-6.6099739461044305,106.74212399583915,restoran
-6.625329924717862,106.79712875644718,restoran
-6.255402249999998,106.81305155000001,restoran
-6.188632113286144,106.84688965909069,restoran
-6.290067171935422,106.88318279977979,restoran
-6.22572200366873,106.85671249058058,restoran
-6.811907967640767,107.61637269056762,restoran
-6.8114366302737235,107.61652689004069,restoran
-6.304660200000002,106.85029495000002,restoran
-6.2006984,106.85455645,restoran
-6.200782044895554,106.85465455011477,restoran
-6.36085895549526,106.83359972918892,restoran
-6.36077295,106.83311599999998,restoran
-6.35929107355072,106.83231240400433,restoran
-6.359115807264158,106.83309791019099,restoran
-6.3631810729125755,106.83384776834372,restoran
-6.32358376969809,106.81964550320792,restoran
-6.374998999999999,106.83262835,restoran
-6.377422749999999,106.8320312,restoran
-6.299192132955126,106.81509081543113,restoran
-6.29936110893075,106.81502812480592,restoran
-6.171382899999999,106.63217449999999,restoran
-7.045815747478535,107.99720000778282,restoran
-7.263358678250974,107.35585448417244,restoran
-6.897076454014669,107.61078884545351,restoran
-6.900050800000001,107.61092015000001,restoran
-6.564376710495716,106.77948929869558,restoran
-6.3700595039365915,106.83335831969008,restoran
-6.368577774265975,106.81997090663444,restoran
-6.394208180039666,106.79523973500804,restoran
-6.369745473140591,106.83347297922175,restoran
-6.3586465500000005,106.81540954999998,restoran
-6.358443570020248,106.84293833797055,restoran
-6.355917699999999,106.84259739999997,restoran
-6.3550944124252355,106.8426142245096,restoran
-6.358881909220616,106.84321222386617,restoran
-6.3647346958266215,106.83352082329235,restoran
-6.367454674964905,106.83384774551273,restoran
-6.202370932122905,106.82458465228034,restoran
-6.368271625417366,106.83490585508477,restoran
-6.37071847479429,106.82881384269629,restoran
-6.239184824217834,106.81913095212093,restoran
-6.370900299999999,106.82952315,restoran
-6.293830290733188,106.96278022736719,restoran
-6.357863436295299,106.82278262872191,restoran
-6.367481649999999,106.83428099999999,restoran
-6.364515850000001,106.83364385,restoran
-6.4293634281654874,106.82635124115646,restoran
-6.394682338412508,106.78864616756042,restoran
-6.3602183000000005,106.84156445,restoran
-6.37753145,106.77020144999999,restoran
-6.419125842220729,106.81383818328412,restoran
-6.393049903846117,106.79507757565511,restoran
-6.5981875,106.81367885000002,restoran
-6.575649566004544,106.8006888931554,restoran
-6.267253802838805,106.78399936060173,restoran
-6.246210549999999,106.79210615,restoran
-6.360124700271514,107.26159267857827,restoran
-6.188466755111991,106.82590865872058,restoran
-6.235648800000001,106.81346690000001,restoran
-6.235788447921105,106.81352576005116,restoran
-6.2391422253572815,106.81207964205412,restoran
-6.2358414,106.81115475000003,restoran
-6.236073979434198,106.81364560964988,restoran
-6.23620832727974,106.81370361111581,restoran
-6.583719537915406,106.80568276318422,restoran
-6.583953538807016,106.80562893298791,restoran
-6.897940412071659,107.61820017150428,restoran
-6.177416849313474,106.79018375002005,restoran
-6.176804081504151,106.79088694674357,restoran
-6.239306100000001,106.80912960000002,restoran
-6.239210199922335,106.81046304689872,restoran
-6.932132304264624,107.78018630367183,restoran
-6.436215136213539,106.73379441535826,restoran
-6.176376756818179,106.87403057264812,restoran
-6.176520749999999,106.87471320000002,restoran
-6.195525918070106,106.82482580926174,restoran
-6.893459232441662,107.61278100816052,restoran
-6.110216192718036,106.6868883150059,restoran
-6.368827364926511,106.82179575719822,restoran
-6.840424011891647,107.9261858167585,restoran
-6.1930611,106.87013619999998,restoran
-6.812370372191844,107.5974623774546,restoran
-6.1974167690651765,106.8238942947123,restoran
-6.277825078216284,106.7996131571662,restoran
-6.277289842287893,106.7992771251822,restoran
-6.336104931925682,106.6406179521964,restoran
-6.886851437848513,107.61249418164572,restoran
-6.886696561103124,107.61190257965815,restoran
-6.896056017777834,107.61753558287666,restoran
-6.892065572007706,107.61752536985435,restoran
-6.886048918801598,107.6149134079485,restoran
-6.897923253960516,107.6135161390198,restoran
-6.903556862673165,107.61544324646047,restoran
-6.904447737071863,107.61730847612347,restoran
-6.906787705413076,107.62028649514299,restoran
-6.9166458645609135,107.61620708504726,restoran
-6.92165515,107.61854215,restoran
-6.9229032754260835,107.60768820396666,restoran
-6.100358943255919,106.96066771331554,restoran
-6.100008750000001,106.96055015,restoran
-6.100887,106.96063425,restoran
-6.307479699999999,106.85084005,restoran
-6.3046973999999985,106.84903354999999,restoran
-6.304171412392757,106.84390458075366,restoran
-6.88270259492179,107.61488490997898,restoran
-6.879849973505303,107.61602465661605,restoran
-6.882095735919568,107.61530769447378,restoran
-6.883011354624239,107.61500010449325,restoran
-6.876190463457033,107.61782702470451,restoran
-6.877109705247796,107.61768836670777,restoran
-6.882448198218439,107.61509271593691,restoran
-6.88222905196137,107.61517299877177,restoran
-6.877616003840646,107.61675642529391,restoran
-6.876917044008531,107.61718875885177,restoran
-6.885110249999999,107.61390395,restoran
-6.877391208052891,107.6174795892151,restoran
-6.8748046811392705,107.61858756175297,restoran
-6.875012849999999,107.61870350000001,restoran
-6.882495850000001,107.61505675000001,restoran
-6.874104,107.61910845,restoran
-6.875744913983037,107.61835829261149,restoran
-6.902488601202983,107.6083291835082,restoran
-6.939630875435168,107.66445881961249,restoran
-6.93921330128423,107.66948882653745,restoran
-6.2319410047589265,106.81085981714206,restoran
-6.127570923909559,106.79088661373179,restoran
-6.237459337621089,106.80885509090986,restoran
-6.183990700000001,107.46454030000001,restoran
-6.1820382,107.46189445,restoran
-6.296467809500795,106.66806980753073,restoran
-6.436210372786685,106.89279535964653,restoran
-6.322052148303973,107.15283048019803,restoran
-6.273272605211968,106.72507157349983,restoran
-6.27763255,106.8028545,restoran
-6.214223648786828,106.88889958278803,restoran
-6.218151701696946,106.89158934334739,restoran
-6.214218100000002,106.88869165000001,restoran
-6.213708247665626,106.6776716685702,restoran
-6.1862435981019654,106.40823536615557,restoran
-6.294815026224325,106.81087517741275,restoran
-6.294720276945353,106.80949905725849,restoran
-6.2893103913923785,106.80969960969821,restoran
-6.291726698535613,106.80992148537801,restoran
-6.226812348798635,106.99735746772527,restoran
-6.316186818366232,106.81630672623767,restoran
-6.311029464240642,106.81461633058142,restoran
-6.720281699893781,106.94960028513404,restoran
-6.295038026289033,106.80939308112379,restoran
-6.296306674701077,106.80876536273358,restoran
-6.296652448569422,106.8086255098617,restoran
-6.556551982564155,106.77479572162962,restoran
-6.2075022443705965,106.85865883029575,restoran
-6.201000649999999,106.85482080000001,restoran
-6.202296670879063,106.85718878985833,restoran
-6.580705128134664,106.76371987957623,restoran
-6.906919232122927,107.59835550666246,restoran
-6.2045036499999995,106.8573523,restoran
-6.20369835,106.85708445,restoran
-6.20379619366403,106.85706688109804,restoran
-6.570908838128955,106.91313108256135,restoran
-6.595716427255587,107.73462803451027,restoran
-6.354748925188159,106.84255696180404,restoran
-6.355284816259053,106.84294501714918,restoran
-6.245555499999999,106.61862429999998,restoran
-6.246156950000001,106.62296814999998,restoran
-6.275441560047931,106.65742773369898,restoran
-6.275634912922946,106.65779131098027,restoran
-6.359196899999999,106.84307225,restoran
-6.280249759786546,106.66290738455585,restoran
-6.2833482597979495,106.66437866309295,restoran
-6.371788802794675,106.88155166681393,restoran
-6.371993850000001,106.8730774,restoran
-6.5565854783169595,106.77467634699447,restoran
-6.5568424741650455,106.77675914507441,restoran
-6.556851860903219,106.77266277294481,restoran
-6.572434162685454,106.74399730665503,restoran
-6.201315777992046,106.82029365964105,restoran
-6.202554217137453,106.82537980094516,restoran
-6.201002077168787,106.82423480496023,restoran
-6.183389858070517,106.82530372624336,restoran
-6.237745327538159,106.85701570666502,restoran
-6.27391453455979,106.81892314504952,restoran
-6.206837050000001,106.82472289999998,restoran
-6.208621407056009,106.82812356792543,restoran
-6.208793703499172,106.82414932867577,restoran
-6.2563926499999996,106.62287135,restoran
-6.270432049999999,106.81516515000001,restoran
-6.21547227552703,106.87136159699193,restoran
-6.270170636833866,106.8155794695827,restoran
-6.308763749999999,106.6534953,restoran
-6.2340041,106.85514640000002,restoran
-6.228988201879174,106.85611660038387,restoran
-6.228340200000001,106.85627860000001,restoran
-6.2288927175627835,106.856546751556,restoran
-6.24171589220277,106.83968747911175,restoran
-6.241723111523656,106.83988072173652,restoran
-6.237757025163531,106.8566259727128,restoran
-6.272217762434992,106.83082872288834,restoran
-6.231004699512994,106.85579321630163,restoran
-6.2337067252879,106.8570936577851,restoran
-6.234018900000001,106.85699554999998,restoran
-6.233927517212057,106.8567221760577,restoran
-6.228998600000001,106.85376634999999,restoran
-6.240173057537955,106.82212432648518,restoran
-6.200191151459946,106.82371669903047,restoran
-6.200470019609427,106.8244857653149,restoran
-6.200572928354748,106.82435466358534,restoran
-6.199829803251314,106.82407619905865,restoran
-6.232845550000001,106.85648749999999,restoran
-6.23247025,106.8566626,restoran
-6.222272100000001,106.8697208,restoran
-6.406428328660614,106.9001861393578,restoran
-6.227285921786952,106.85511067291924,restoran
-6.265731502671788,106.82407522508491,restoran
-6.1763596714293785,106.8479162457229,restoran
-6.2556565,106.81006375,restoran
-6.236078083139436,106.8466194277173,restoran
-6.257860105699135,106.81358732891414,restoran
-6.255666113159133,106.81419637267378,restoran
-6.255585900000001,106.81348320000001,restoran
-6.1830790830779305,106.8325203243724,restoran
-6.225321293423313,106.82866667899795,restoran
-6.22508195,106.84696674999999,restoran
-6.187025172620016,106.83202032258423,restoran
-6.2549623500000004,106.81220654999998,restoran
-6.227777999999998,106.8461082,restoran
-6.250619511370313,106.8658108643912,restoran
-6.258398071285135,106.82331065129006,restoran
-6.257758129297132,106.87057740723795,restoran
-6.153505211203589,106.80818977437676,restoran
-6.255360322087003,106.81377058520508,restoran
-6.169848613569051,106.89918158481349,restoran
-6.229346725368879,106.82161353436356,restoran
-6.218580041194207,106.8198845909117,restoran
-6.234464200000001,106.85067169999999,restoran
-6.258501132245978,106.81487564588707,restoran
-6.260139867724611,106.81577966614772,restoran
-6.258773388078636,106.81552744016994,restoran
-6.217524349999999,106.82517585000001,restoran
-6.214852966469169,106.8149792020969,restoran
-6.21473815,106.81487495000002,restoran
-6.216467702087575,106.81960787666958,restoran
-6.248290050000003,106.8722773,restoran
-6.2621582335231105,106.86420387957992,restoran
-6.191497951020573,106.82951171655613,restoran
-6.37320511446369,106.83254734279258,restoran
-6.23005081515431,106.85179616807136,restoran
-6.208007799999999,106.79296665000001,restoran
-6.183986938128608,106.87168132974388,restoran
-6.20152435,106.7971695,restoran
-6.203948118665504,106.79738949596695,restoran
-6.193352508184143,106.80518677314576,restoran
-6.174404200000001,106.86040464999999,restoran
-6.258313050000003,106.87004765,restoran
-6.235669425190126,106.87136175877554,restoran
-6.2507829,106.83819444999999,restoran
-6.2260735,106.87296770000002,restoran
-6.2058028499999995,106.85385450000001,restoran
-6.21729233172652,106.8443139451975,restoran
-6.217793117351517,106.84467305727529,restoran
-6.230873417013617,106.85582275628504,restoran
-6.239288589949333,106.81462462333405,restoran
-6.24482305,106.82408065,restoran
-6.147071805816878,106.79982167469647,restoran
-6.176647600000001,106.8406956,restoran
-6.145366125643215,106.7963946947547,restoran
-6.263231185542068,106.83141483021787,restoran
-6.1772495122934865,106.95396448155786,restoran
-6.175745,106.95636994999998,restoran
-6.260892199297161,106.81525836807235,restoran
-6.28760845,106.87101769999998,restoran
-6.135615981033807,106.81282742210034,restoran
-6.2802732500000005,106.86542610000001,restoran
-6.210281600000002,106.8757507,restoran
-6.188066104614757,106.82484947573951,restoran
-6.126387568662926,106.8336261705127,restoran
-6.183327674644519,106.82561597051637,restoran
-6.124095405771521,106.84184017341495,restoran
-6.210824414264679,106.85144566097412,restoran
-6.166713344532497,106.823783675157,restoran
-6.163524620692202,106.81838125333562,restoran
-6.222984025765751,106.85753491272354,restoran
-6.288180799999999,106.85198889999998,restoran
-6.193745823159238,106.81823994441515,restoran
-6.2216388,106.53950359999999,restoran
-6.200259228706171,106.82029165414517,restoran
-6.153281515479295,106.80104431304164,restoran
-6.187447370417688,106.82610094542385,restoran
-6.572102249999999,106.74130439999999,restoran
-6.1947183,106.78172599999999,restoran
-6.23320495,106.86263970000002,restoran
-6.194321573347405,106.78691714409963,restoran
-6.2145113499999995,106.81455869999999,restoran
-6.215260670251474,106.81333850492248,restoran
-6.295352590843544,106.86145075144717,restoran
-6.295266888976847,106.86110902977464,restoran
-6.152062829046677,106.80807195172251,restoran
-6.2126373,106.81226724999999,restoran
-6.16782344666078,106.85402841987975,restoran
-6.1970118,106.8125323,restoran
-6.161700812071912,106.8119596096977,restoran
-6.168722796353023,106.81463027066955,restoran
-6.1601173,106.84564400000001,restoran
-6.167004679537992,106.8268873159901,restoran
-6.215258254232118,106.73741897585782,restoran
-6.204678700000001,106.81666695000001,restoran
-6.1989418500000015,106.80983175,restoran
-6.17776645,106.80059435,restoran
-6.162716900000004,106.82530145000001,restoran
-6.29048630566789,106.89018137067679,restoran
-6.243685867116271,106.79641945203002,restoran
-6.145429087412553,106.85583351049272,restoran
-6.1424283,106.85768024999999,restoran
-6.22751305,106.7906704,restoran
-6.266435350000001,106.80601880000002,restoran
-6.239329,106.8089745,restoran
-6.247006538795846,106.80733137909274,restoran
-6.22746065,106.8119064,restoran
-6.238802682577767,106.80990616587228,restoran
-6.197552539215204,106.81476903500652,restoran
-6.161505800000001,107.00862690000002,restoran
-6.3847739500000005,106.90266565,restoran
-6.330820254750415,106.82949984165992,restoran
-6.206359450000001,106.8075251,restoran
-6.1878316881255175,106.97582544198158,restoran
-6.331219373208369,107.14492089868097,restoran
-6.309740255369005,106.79656445376057,restoran
-6.332279481583256,106.83466087692584,restoran
-6.405296290908884,106.89478806548344,restoran
-6.404769470431526,106.74183069568633,restoran
-6.164709259652307,106.82677232886708,restoran
-6.208797248955768,106.81219331744671,restoran
-6.238892913488147,106.63759305970358,restoran
-6.112217643860255,106.68625637190138,restoran
-6.27798215,106.8003285,restoran
-6.1925766000000015,106.8797076,restoran
-6.151530900000001,106.8068145,restoran
-6.152996300000001,106.80772034999998,restoran
-6.157455518958793,106.58321504287817,restoran
-6.594545149999998,106.81043255,restoran
-6.325843305197284,106.64010502386336,restoran
-6.244529629728372,107.11604586483081,restoran
-6.252880483454537,106.90972027557989,restoran
-6.360630952543559,106.84319712363776,restoran
-6.36071345,106.84320519999997,restoran
-6.20242386605445,106.78214837618772,restoran
-6.213207902721952,106.7800780903312,restoran
-6.277139200000001,106.79866925,restoran
-6.200849750000003,106.88496965,restoran
-6.275321303944431,106.80042974979776,restoran
-6.275510529354093,106.80042473931863,restoran
-6.2973003,106.77330295,restoran
-6.162670445387456,106.83373212021657,restoran
-6.161751615248085,106.83394631844803,restoran
-6.199906599999999,106.76943800000001,restoran
-6.1602318696503335,106.83232412284929,restoran
-6.161879979288553,106.83160361135745,restoran
-6.151705550000002,106.83779310000001,restoran
-6.188103272848027,106.75536866598758,restoran
-6.189954839211099,106.80629765307852,restoran
-6.202569823941433,106.78290871241073,restoran
-6.202315250000001,106.78175974999999,restoran
-6.277056850000002,106.7923895,restoran
-6.19079495,106.80177214999999,restoran
-6.143744500000001,106.827785,restoran
-6.416700349999998,106.84855244999999,restoran
-6.169259326576057,106.77137334358727,restoran
-6.169087573450698,106.7733830097182,restoran
-6.169042552810028,106.77387092605072,restoran
-6.16916975,106.7723455,restoran
-6.169047649999999,106.77381605,restoran
-6.169460623479176,106.77408661131938,restoran
-6.169581623545189,106.77255755758968,restoran
-6.1696145499999995,106.77218015,restoran
-6.1691286,106.77293795,restoran
-6.169661576452884,106.7716408422027,restoran
-6.203096713116688,106.81882337472557,restoran
-6.2183724090663555,106.93952247925256,restoran
-6.1693723500000015,106.77007865000002,restoran
-6.610725336511812,106.80084883993264,restoran
-6.328194200000003,106.85123235,restoran
-6.203908636081595,106.79075312471493,restoran
-6.308563737792304,106.87436999585071,restoran
-6.652551409500147,106.90855282800416,restoran
-6.199044250000001,106.80227995000001,restoran
-6.155595524925318,106.82988054655253,restoran
-6.186168950000001,106.80852295,restoran
-6.202353260135007,106.77977672911538,restoran
-6.2040742999999985,106.78280409999999,restoran
-6.153588027881319,106.82428994700382,restoran
-6.216604149999999,106.77495200000001,restoran
-6.310861790159534,106.90003445585384,restoran
-6.216556149999999,106.76689265,restoran
-6.249156678122058,106.94263400262061,restoran
-6.349386595541974,106.83135577971721,restoran
-6.1928568747928425,106.7724471047575,restoran
-6.194109392345573,106.76919617528527,restoran
-6.247663775323749,106.91549594514296,restoran
-6.280479027237446,106.81997769307137,restoran
-6.316220373771012,106.81418709326428,restoran
-6.122439689464841,106.84345339437685,restoran
-6.1238916,106.84352019999999,restoran
-6.182490850000002,106.7838153,restoran
-6.165549617793298,106.89223484367608,restoran
-6.901368492094952,107.59711992641948,restoran
-6.268390082875338,106.80908002741462,restoran
-6.309782497018359,106.86334825221762,restoran
-6.903122673833366,107.60421844107675,restoran
-6.90217955,107.60402039999998,restoran
-6.9027068499999995,107.6142188,restoran
-6.9002770223899255,107.61477874841819,restoran
-6.712428045427335,108.55069822552056,restoran
-6.7122093000000005,108.54992809999999,restoran
-6.905569489199636,107.62015622597,restoran
-6.24748365,106.79178745,restoran
-6.248320743893874,106.79174267782291,restoran
-6.2465638,106.78984459999998,restoran
-6.914619025047759,107.6181340023172,restoran
-6.918353454072046,107.61770827325206,restoran
-6.729242829972445,108.54728466784893,restoran
-6.72973495,108.54621875000001,restoran
-6.728874,108.5469242,restoran
-6.00545757734468,106.78184949732403,restoran
-6.91718205,107.6138203,restoran
-6.910871796590875,107.60816249133113,restoran
-6.155480650000004,106.81350540000001,restoran
-6.179666697267203,106.75842069011402,restoran
-6.171398964222968,106.78323752566877,restoran
-6.172115674350083,106.7832513699204,restoran
-6.889386500000001,107.60135079999999,restoran
-6.237388309664348,106.94313562372274,restoran
-6.219571250000002,106.900042,restoran
-6.1557387,106.89512960000002,restoran
-6.897885542424701,107.62041982392181,restoran
-6.320578550000001,106.85803695000001,restoran
-6.93940715268791,107.66465352289096,restoran
-6.924981072945167,107.61417309481341,restoran
-6.915851097605627,107.60641046698733,restoran
-6.318935967128461,106.87788530281689,restoran
-6.195648599999999,106.75553775,restoran
-6.600427568788888,106.80715860218956,restoran
-6.166481449999998,106.7125843,restoran
-6.595554001892287,106.7851804240594,restoran
-6.917356068691488,107.60951987841638,restoran
-6.915685921440583,107.60869121440105,restoran
-6.176836362884769,106.78344498647671,restoran
-6.866164749999999,107.59356110000002,restoran
-6.277865412759863,106.79985409483456,restoran
-6.242831799999999,106.934222,restoran
-6.168986134777765,106.78299357482761,restoran
-6.170209574823172,106.78282836626812,restoran
-6.166069693461532,106.78264867477954,restoran
-6.143513010688557,106.86967337850605,restoran
-6.174004634819636,106.78105481503798,restoran
-6.175668504871383,106.78029767985369,restoran
-6.174392899999999,106.78013714999999,restoran
-6.17480772604775,106.7801738945045,restoran
-6.165872325165957,106.79182744442504,restoran
-6.312647919916888,106.81286257512468,restoran
-6.176094984050069,106.7993531417851,restoran
-6.1332680577561955,106.86892397951662,restoran
-6.294103644169804,106.7986208773987,restoran
-6.17574555,106.79797940000003,restoran
-6.175554451893487,106.78381811789804,restoran
-6.1739707534479065,106.78388169423532,restoran
-6.1745221728932265,106.78379303089343,restoran
-6.173987236064793,106.78222543346563,restoran
-6.173496753543671,106.7832448939309,restoran
-6.17344615,106.78191120000001,restoran
-6.1225145,106.73163639999999,restoran
-6.173982224548451,106.78569135394831,restoran
-6.309008237459262,106.7939333199947,restoran
-6.17305205,106.78473679999999,restoran
-6.869482319912611,107.60891580826807,restoran
-6.8690083,107.608885,restoran
-6.356787351796724,106.80109851168265,restoran
-6.873783044117102,107.60495589214553,restoran
-6.2198193932192165,106.77959112774197,restoran
-6.1424322,106.83665435,restoran
-6.111491099999999,106.74110100000001,restoran
-6.110826599999999,106.74024474999999,restoran
-6.111047250000002,106.74052910000002,restoran
-6.11069170812885,106.74007836519468,restoran
-6.1538850499999995,106.89721505,restoran
-6.160972949999997,106.77588350000002,restoran
-6.122490441530858,106.88913957474699,restoran
-6.121078523918387,106.88811482630157,restoran
-6.286932500000001,106.81906985000002,restoran
-6.331553800000001,106.83466630000002,restoran
-6.228190326409901,106.79505560586023,restoran
-6.256633954791382,106.78434982214338,restoran
-6.167338285757266,106.72416917421053,restoran
-6.2474672,106.77492769999999,restoran
-6.257612300000002,106.80245950000001,restoran
-6.258692444082422,106.76811502681964,restoran
-6.2702212500000005,106.76250379999998,restoran
-6.2389221500000005,106.80454705,restoran
-6.238788210551682,106.8071135250968,restoran
-6.236277124986157,106.80782353588266,restoran
-6.23680778445743,106.80781454642882,restoran
-6.1524566742938855,106.73124349389822,restoran
-6.153193067253153,106.7311447834805,restoran
-6.121289999999998,106.79145995,restoran
-6.235089749999999,106.81323110000001,restoran
-6.232915635869066,106.81145229086808,restoran
-6.232848700000001,106.81133885,restoran
-6.232269999999999,106.81118649999999,restoran
-6.1411124500000005,106.73791885,restoran
-6.236111999999999,106.81627679999998,restoran
-6.25033691384259,106.79500907541276,restoran
-6.13966075,106.78291354999998,restoran
-6.1114534628765576,106.77876706829285,restoran
-6.118063550000001,106.77554724999999,restoran
-6.113535400483306,106.77385511616698,restoran
-6.147278399999999,106.73438045,restoran
-6.14674255,106.7336405,restoran
-6.901352463053746,107.60444532643851,restoran
-6.901421413701734,107.60444533836265,restoran
-6.901623920419589,107.60447500552564,restoran
-6.901746690976586,107.60455711457573,restoran
-6.902906919110063,107.60421458658968,restoran
-6.900770264227938,107.60457182987075,restoran
-6.90311727970191,107.60521032395357,restoran
-6.9032639589693,107.60522457189519,restoran
-6.915662649999999,107.66082135000002,restoran
-6.790160103397601,107.18357972417625,restoran
-6.30712565,106.87912460000003,restoran
-6.886684398067273,108.49755547820811,restoran
-6.3044049510411115,106.75850153331275,restoran
-6.721111390572388,108.54979544261641,restoran
-6.725169252633591,108.54993526356536,restoran
-6.721019376581309,108.55084617100546,restoran
-6.723851650000001,108.55095360000001,restoran
-6.7194275500000025,108.55082935,restoran
-6.71919965,108.55086295,restoran
-6.711808399999999,108.55423334999999,restoran
-6.712021671453507,108.55275530382826,restoran
-6.714620421610984,108.55102408988506,restoran
-6.710662063305984,108.55607253366324,restoran
-6.710774511159375,108.55642992932205,restoran
-6.710634820822695,108.5568339554196,restoran
-6.711342172632202,108.5562682550707,restoran
-6.711062353288386,108.55710381111739,restoran
-6.728970510096472,108.55217842538562,restoran
-6.733471447738657,108.58496397020036,restoran
-6.1202441499999996,106.8127376,restoran
-6.7354916672591685,108.55003271675447,restoran
-6.7302052003202215,108.5504000691308,restoran
-6.3052291999999985,106.68013444999998,restoran
-6.304046550000001,106.6801295,restoran
-6.3044747500000025,106.68047420000002,restoran
-6.3024426,106.67974969999999,restoran
-6.302316756699293,106.67974272466142,restoran
-6.707425362000881,108.53409637281187,restoran
-6.233307975105466,106.80797409432388,restoran
-6.158181749999999,106.5829199,restoran
-6.075883813507051,106.66701625637812,restoran
-6.347602316453989,106.6831257117861,restoran
-6.891094116904535,107.61644859123012,restoran
-6.885548889154222,107.61310780510337,restoran
-7.553226449999999,107.564212,restoran
-6.89512709312533,107.61471288904801,restoran
-6.736809105996203,108.52799576637462,restoran
-6.740666286479704,108.52360744818665,restoran
-6.73833251638336,108.52482893997674,restoran
-6.872212350000001,107.62795095,restoran
-6.882859889050264,107.59945766741622,restoran
-6.8732533615505655,107.60526689666978,restoran
-6.730508879946489,108.5432412440462,restoran
-6.73165916974565,108.53771840077943,restoran
-7.746940945049092,108.49676177248755,restoran
-6.5238837266139775,106.87672774847245,restoran
-6.732719895004984,107.65284228102124,restoran
-6.732441832108868,107.65294526378702,restoran
-6.232918394387722,106.66018947366328,restoran
-6.240767057106229,106.653141070597,restoran
-6.177820986504918,106.79013246419935,restoran
-6.240168205064718,106.67595239900405,restoran
-6.840684950546357,107.92562026709757,restoran
-6.840570618529563,107.9256787429575,restoran
-6.345106585957055,106.65221282950287,restoran
-6.347197753213699,106.751215825094,restoran
-6.254559650000001,106.7000525,restoran
-6.593562386911231,106.79365654388587,restoran
-6.588758786911233,106.79575404388589,restoran
-6.588770386911233,106.79531434388586,restoran
-6.5887831869112325,106.79489174388587,restoran
-6.591996786911231,106.79021574388587,restoran
-6.592194386911233,106.79017514388586,restoran
-6.214409844187088,106.96344717526446,restoran
-6.5895324869112315,106.78958064388588,restoran
-6.588257986911231,106.79181314388586,restoran
-6.223073521990104,106.997491851737,restoran
-7.206711415747015,107.89544258635549,restoran
-7.206727026359669,107.89496770802613,restoran
-7.217111689719755,107.90498549439222,restoran
-7.219520122293267,107.89919744501246,restoran
-6.277627947414287,107.84979581372635,restoran
-6.685726193455673,108.42788866528458,restoran
-6.296039352824048,106.6237289791186,restoran
-6.306698678181404,106.64965574220203,restoran
-7.299035400000001,108.76757529999999,restoran
-7.210686974116617,106.88263116238923,restoran
-6.222914071059647,106.70786827984561,restoran
-6.59312262347766,106.78762985498324,restoran
-6.59283362347766,106.78797795498325,restoran
-6.591620823477658,106.78765235498324,restoran
-6.59227512347766,106.78773205498325,restoran
-6.592325623477661,106.78765315498325,restoran
-6.592238123477661,106.78763305498323,restoran
-6.59144902347766,106.78789325498323,restoran
-6.540859323685869,107.39160304193705,restoran
-6.59104752347766,106.78676595498324,restoran
-6.588301186911232,106.78768454388587,restoran
-6.8196457609344945,107.13770729281637,restoran
-6.578153520337582,106.80670962369986,restoran
-7.679881485139527,108.64409620178715,restoran
-6.79698125305162,107.65322651767403,restoran
-6.797054867431288,107.65318554330361,restoran
-6.374982850000001,106.91482655000002,restoran
-6.8735959,107.57258890000001,restoran
-6.3439577499999995,106.57113835000001,restoran
-6.947197475734466,107.60459677728593,restoran
-6.937476811972696,107.60272367987717,restoran
-6.28947445,106.63606955,restoran
-6.265979550000001,106.65410275,restoran
-6.937279588073683,107.60769576095535,restoran
-6.937301352523085,107.60818936878603,restoran
-6.940180320299652,107.62613999874874,restoran
-6.938533978201905,107.6246584764145,restoran
-6.2404668643592895,106.65313636643694,restoran
-6.939346094377137,107.62471152451995,restoran
-6.942401958441028,107.62768051678047,restoran
-6.943457481356295,107.62869025890673,restoran
-7.488429539395149,107.35832328086082,restoran
-6.235423055135775,106.62726601986053,restoran
-6.2290953,106.61490655,restoran
-6.229005269079618,106.61505244783551,restoran
-6.932670939459096,107.57461298776354,restoran
-6.8949521,107.58767625,restoran
-6.925956422409529,107.63209657703909,restoran
-6.878519368438356,107.61531587770976,restoran
-6.897178131657387,107.61744983218361,restoran
-6.883040262741653,107.61162557497217,restoran
-6.889112922658505,107.62096276620854,restoran
-6.882296674719144,107.61185505627562,restoran
-6.879796532846014,107.6109676795235,restoran
-6.881714188683252,107.61190352597424,restoran
-6.881926744519026,107.61251368929021,restoran
-6.906729188339925,107.61482183095947,restoran
-6.8822483327952195,107.61279262236933,restoran
-6.894856054695651,107.5890146546203,restoran
-6.345665645103142,107.15363328835981,restoran
-6.1860209051116115,106.706215717662,restoran
-6.202656442341508,106.64168203424235,restoran
-6.331126530816969,107.14573058740417,restoran
-6.257694531969351,107.02108515261365,restoran
-6.281437693902585,107.00677798079754,restoran
-6.2809645,107.00626424999999,restoran
-6.261931827749609,106.61092475430658,restoran
-6.169964273685542,106.58925189667526,restoran
-7.029470767043484,107.52830325901749,restoran
-7.0293316798381476,107.52837100741675,restoran
-7.028448350000001,107.52855445,restoran
-6.878847300884959,107.61262623305032,restoran
-6.3887880857019805,106.8381525801477,restoran
-6.407794130980773,108.28055199432575,restoran
-6.628135664046867,106.82901155470182,restoran
-6.106771071585719,106.68329314072228,restoran
-6.117660867258121,106.7828844117181,restoran
-6.244010479685991,106.79858409828664,restoran
-6.193100821569004,106.75579016063597,restoran
-6.299619442768443,107.30494285761789,restoran
-6.969913234959382,107.62733607617099,restoran
-6.814505049999999,107.61482665,restoran
-6.272640500000001,106.74240975000002,restoran
-6.272947524325202,106.74256156509293,restoran
-6.273133099999999,106.74264685,restoran
-6.281378492162768,106.66373464855273,restoran
-6.858357700000001,107.63863820000002,restoran
-6.174322889530502,106.78338915550347,restoran
-6.174009215568567,106.78335672311835,restoran
-6.158323249826584,106.99788924050678,restoran
-6.394111799999999,106.89189279999997,restoran
-6.9478221193805325,107.75265929683037,restoran
-6.947560367929733,107.75274856745271,restoran
-6.94238641631336,107.7549570997632,restoran
-6.942685658677556,107.75406933827452,restoran
-6.951378598593069,107.7509611004271,restoran
-6.46636601618001,106.8562902529131,restoran
-6.457187474077481,106.89670744108403,restoran
-6.254889485521784,106.46898145282675,restoran
-6.255532860265878,106.46864081791585,restoran
-7.749949694435391,108.5004953233756,restoran
-6.778187149999999,108.56705244999998,restoran
-6.778593395561419,108.56695107226169,restoran
-6.77872437755905,108.56729119189747,restoran
-6.778552546362821,108.56780662265345,restoran
-6.278264361027349,106.72118900729622,restoran
-6.3517262,106.93608655,restoran
-6.862356800000001,107.59347385000001,restoran
-6.877502378673375,107.67368419011827,restoran
-6.352387475069778,106.93667219187392,restoran
-7.350319022197316,108.46885618676552,restoran
-7.348406213358711,108.47581314810513,restoran
-7.34952945,108.47868275,restoran
-7.3506178624912755,108.46030329709086,restoran
-7.349971476433106,108.46102388615084,restoran
-7.349445351408379,108.45549551095779,restoran
-7.3502755602921965,108.45735448006631,restoran
-6.222432585545905,106.80680947859766,restoran
-6.160650273883424,106.97433808733246,restoran
-6.288869152839362,106.6659432779044,restoran
-6.289098400000001,106.66585110000003,restoran
-6.290003430560177,106.66597601088421,restoran
-6.29113195,106.66624769999999,restoran
-6.290572119931076,106.66609439270535,restoran
-6.2905287527318965,106.66609127690016,restoran
-6.2920333,106.66617139999998,restoran
-6.2918375717576405,106.66622811184304,restoran
-6.279828288656678,106.66290063539269,restoran
-6.299190749999999,106.6647539,restoran
-6.299190749999999,106.6647921,restoran
-6.29919075,106.66474230000001,restoran
-6.299190750000002,106.66470410000001,restoran
-6.879381916229248,107.61271286721905,restoran
-6.3883337171083046,106.93876221551903,restoran
-6.314127272073158,106.69973489488693,restoran
-7.374634964338557,108.54169786571457,restoran
-7.370917025944219,108.53993145560746,restoran
-7.370861219080224,108.53964565157372,restoran
-7.369732850000001,108.53587479999997,restoran
-7.373334579227434,108.53934065269982,restoran
-6.276439774529695,106.71821418080377,restoran
-7.360691133940716,108.56395105074843,restoran
-7.3688876,108.55337280000002,restoran
-7.357235749999999,108.56352835,restoran
-7.0604189791652265,107.57524446746022,restoran
-7.06044545,107.5753614,restoran
-6.568880373841897,106.85505027789347,restoran
-7.368818650000001,108.5456047,restoran
-7.3683008,108.54525675000001,restoran
-7.366764171196905,108.54413549597312,restoran
-7.366724229008674,108.54395881237558,restoran
-6.831711089035533,108.20902557433692,restoran
-6.831963116634958,108.20993406260936,restoran
-6.83386396883984,108.2212175502469,restoran
-6.8340009017079835,108.22150893481424,restoran
-6.834952818820266,108.23228431463922,restoran
-6.835690544942988,108.23242386953908,restoran
-6.835767407256564,108.23167258497233,restoran
-6.835669629511734,108.23196475528738,restoran
-6.835164330414197,108.23041014516998,restoran
-6.835321487285973,108.23044341760362,restoran
-6.835625853194159,108.2293387396759,restoran
-6.835466184324872,108.2254415347542,restoran
-6.835555009108343,108.22509911177127,restoran
-6.835501428182392,108.22442273947264,restoran
-6.8354961158184135,108.22323043145914,restoran
-6.834525611231477,108.2233006060475,restoran
-6.834677003421321,108.22520581715216,restoran
-6.834625284091828,108.22540835302294,restoran
-6.835029295511799,108.22686411826488,restoran
-6.834794774549646,108.22584952592506,restoran
-6.834800578994852,108.22604941023398,restoran
-6.8347943157925,108.22680059743243,restoran
-6.834505109071612,108.2230164810429,restoran
-6.834360586422799,108.22124570339015,restoran
-6.834382509714567,108.22170722255197,restoran
-6.834060519191889,108.21621253073258,restoran
-6.833760943893229,108.2158555993974,restoran
-6.831052210349377,108.20764401273252,restoran
-6.830663390216959,108.20669821924426,restoran
-6.8298914716003605,108.20582265448397,restoran
-6.830419698534541,108.20590873333333,restoran
-6.829972146993008,108.20536442359226,restoran
-6.833173826787454,108.2079861517601,restoran
-6.833775235619225,108.20841792788461,restoran
-6.834940413806364,108.21423129156787,restoran
-6.834609718530918,108.2146799104531,restoran
-6.835322760784933,108.22022725811266,restoran
-6.835388861573972,108.22087515382134,restoran
-6.835342071210538,108.22051166797216,restoran
-6.83542342078479,108.22074096385455,restoran
-6.835386779430156,108.22058447506411,restoran
-6.835301571298732,108.22117306062951,restoran
-6.835450730256017,108.2221556257072,restoran
-6.83546918363793,108.22300645193233,restoran
-6.835258413611861,108.22302306408326,restoran
-6.834828997483018,108.22302007099177,restoran
-6.835922685697966,108.23012152698391,restoran
-6.8359600650657555,108.22979638956126,restoran
-6.836011268514498,108.23078413707549,restoran
-6.835992839609558,108.2309585680239,restoran
-6.835793989104567,108.22596138106134,restoran
-6.835893491669077,108.22442911173465,restoran
-6.835710190691359,108.22321220759046,restoran
-6.835709481132123,108.22190159229154,restoran
-6.835672429539951,108.22175264527843,restoran
-6.835637519670295,108.22103879715822,restoran
-6.8351435543013865,108.2164890361055,restoran
-6.8297797837391245,108.2085742048499,restoran
-6.829385512694844,108.21015287215947,restoran
-6.829525790514245,108.21182132010952,restoran
-6.831856400357978,108.21741159074965,restoran
-6.831925469882454,108.21794601692477,restoran
-6.832752834359221,108.22331269587914,restoran
-6.83303969475595,108.22342961319778,restoran
-6.833681670542604,108.22663303555986,restoran
-6.977520401870439,107.63096739303307,restoran
-6.833672157626153,108.23009524042881,restoran
-6.833967325422082,108.23148356567023,restoran
-7.369124737682108,108.54618047482464,restoran
-7.355183499999997,108.5814252,restoran
-7.362361624180297,108.54341159503579,restoran
-7.365044382220417,108.54269194707442,restoran
-7.359852500000001,108.54140344999999,restoran
-7.3604118002935195,108.54218571670064,restoran
-7.3601123162916,108.54225985186162,restoran
-7.358463291958837,108.5314892204509,restoran
-6.2720257,106.6981293,restoran
-7.073098491909081,107.48886088444891,restoran
-6.343451829099653,106.67691795487772,restoran
-6.217915361792534,106.84472098395847,restoran
-6.654775599999999,106.86111235,restoran
-6.241513955063051,106.84238817237684,restoran
-6.603742920654423,106.80982701567531,restoran
-6.884732549362475,107.63204908363468,restoran
-6.2297883999999994,106.6581554,restoran
-6.237892005806751,106.65919137262082,restoran
-6.240486383047991,106.65654428401099,restoran
-6.496628023904324,106.79475183983473,restoran
-6.563812100000001,106.80965875,restoran
-6.537460917492976,107.692851917534,restoran
-6.531020988355334,107.69323124549035,restoran
-6.1943945853177595,106.63612623587291,restoran
-6.288680327152575,106.65160664212762,restoran
-6.80588635,107.5941176,restoran
-6.8135897000000005,107.6013106,restoran
-6.96096635,107.64408215,restoran
-7.367714046227021,108.14127293998112,restoran
-6.9810393044307695,107.63499857029612,restoran
-6.14051575,106.82291304999998,restoran
-6.933025649999999,107.71625030000001,restoran
-6.989415306254178,107.75164897316691,restoran
-6.863714239484241,107.47844921657327,restoran
-7.076800915188869,107.48733344410346,restoran
-6.812872899999999,107.61977969999997,restoran
-6.8431629296350795,107.59754520970914,restoran
-6.867459532900844,107.61939028164166,restoran
-6.867554333389838,107.61946580018817,restoran
-6.168768079864084,106.72847389651646,restoran
-6.892279625014136,107.63431907659779,restoran
-7.326134495367709,108.34278933073679,restoran
-6.880512808795463,107.62494494783478,restoran
-7.014481058558354,107.53057988399823,restoran
-6.9332825000000025,107.77667695,restoran
-6.884205924218418,107.80229509278475,restoran
-6.106580500000001,106.68339044999999,restoran
-6.32916674731248,107.2959157082829,restoran
-6.564990615327532,106.82232946832849,restoran
-6.565146812889723,106.82228658856347,restoran
-6.565449785185491,106.82228856053557,restoran
-6.56531224453977,106.82227172467482,restoran
-6.707958895919062,107.02200369834429,restoran
-6.293364090080364,106.99856527668368,restoran
-6.297637168552944,106.9926088939598,restoran
-6.294952290703259,106.99708216193841,restoran
-6.295209954123447,106.99721646331852,restoran
-6.2621807102027605,106.99898794662019,restoran
-6.237066860619544,106.99887831458852,restoran
-7.345144532211837,108.43158392682363,restoran
-6.605576637691534,107.05002781924348,restoran
-6.46874877466451,106.9739677689947,restoran
-6.595426821712798,106.78934014098755,restoran
-6.247754140397054,106.95678252560889,restoran
-6.248167325336787,106.95674186153109,restoran
-6.642379582638183,106.87019213794044,restoran
-6.403745749901001,107.44967017447047,restoran
-6.597910858737909,106.83664485591326,restoran
-6.677484499999999,107.03352044999998,restoran
-6.365355101977508,107.17885417239563,restoran
-6.5649567499999995,107.76133195000001,restoran
-6.499439825857766,107.03379319974538,restoran
-6.2576772,106.62074065,restoran
-6.258585149999999,106.62016309999998,restoran
-6.2586618000000005,106.62013019999999,restoran
-6.503998475484929,108.42663446794104,restoran
-6.5044148684074745,108.42665478532015,restoran
-6.650565661459308,106.9042236314537,restoran
-6.236340098535857,106.99150145440959,restoran
-6.608449003684636,106.81222523501681,restoran
-6.603256204800218,106.81047338293334,restoran
-6.602964582580223,106.8109194282694,restoran
-6.60428189756817,106.80865078425337,restoran
-6.58708195,106.81647939999999,restoran
-6.649803494404903,106.89857938390601,restoran
-6.2400179036277565,106.99346183167397,restoran
-6.6096877202183935,106.81303182353085,restoran
-6.649836504114444,106.89600372261782,restoran
-6.650066048555889,106.8964349827312,restoran
-6.649854576176404,106.89734640063614,restoran
-6.6494425125143835,106.90150466924263,restoran
-6.357389583304879,106.75079126666562,restoran
-6.235671972272457,107.000166841604,restoran
-6.228366584049917,107.0018588544197,restoran
-6.228454585261838,107.00155670876072,restoran
-6.220908800000002,106.61661660000001,restoran
-6.335075763414474,106.72936005388598,restoran
-6.530851868278956,106.80141664840623,restoran
-6.616120655959138,106.80416287067736,restoran
-6.262426555773004,106.6916496719136,restoran
-6.316973599999999,107.13974279999998,restoran
-6.15307716136315,106.58265471722433,restoran
-7.59730275,107.6323874,restoran
-7.597214200000002,107.63238945000002,restoran
-7.597389524864032,107.63238885717759,restoran
-7.597478600000001,107.6323886,restoran
-7.597566324864033,107.6323861571776,restoran
-7.597667375135966,107.6323832428224,restoran
-7.597811025201618,107.63237415583768,restoran
-7.597325440751277,107.63214257475043,restoran
-6.3250570371461885,107.1242530302059,restoran
-6.138747049999999,106.54123934999998,restoran
-6.13936815,106.54241640000001,restoran
-6.2541280600990286,106.95208533180225,restoran
-6.468047633646655,106.85640402833894,restoran
-6.4494820499999985,106.46148664999998,restoran
-6.5263135783247,106.87875096267464,restoran
-6.885012671582897,106.80487764159832,restoran
-6.8937798608741385,106.78704527429878,restoran
-6.715335333318309,107.02474140008142,restoran
-7.3345866552405825,108.39172166595277,restoran
-6.714479053118967,107.02381194007256,restoran
-6.894548799999999,106.79083259999999,restoran
-7.371409800000002,108.56126635,restoran
-6.918577793529389,107.73695498687162,restoran
-6.224568184762512,107.00281930217851,restoran
-6.561735537898641,106.79924881500382,restoran
-6.893034999999999,107.5994491,restoran
-6.917117370911515,106.93644217872374,restoran
-6.372609434138777,106.86759079763661,restoran
-6.372194851613125,106.86810889963913,restoran
-6.372171048767303,106.86819304907368,restoran
-6.369542956716125,106.88468508139141,restoran
-6.285993965837073,106.6395814273614,restoran
-6.257907266491458,106.949907891322,restoran
-6.232958997293957,106.85683677412246,restoran
-6.238155550032566,106.85687217162051,restoran
-6.2365778391941555,106.85718473017214,restoran
-6.971306,108.48072825,restoran
-6.1803567500000005,106.85372564999999,restoran
-6.894146574675739,106.78705541256296,restoran
-6.25329203008807,106.66813919224244,restoran
-6.565485718533834,107.76081288722466,restoran
-6.5656839987282245,107.76076558233677,restoran
-6.1937315612104165,106.86742797909221,restoran
-6.317556151143891,106.67955303297909,restoran
-6.092503170362888,106.74885033756257,restoran
-6.317773059060008,106.68045937725272,restoran
-6.3176609836596604,106.68041181574182,restoran
-6.317466954047728,106.68026663276406,restoran
-6.31732605,106.68005974999998,restoran
-6.3168823,106.6796861,restoran
-6.316907939061977,106.67970538374664,restoran
-6.3167664,106.67959870000001,restoran
-6.316936360523475,106.68005655447733,restoran
-6.3170709,106.68014674999999,restoran
-6.718174291381331,107.03723597472633,restoran
-6.278736991189687,106.71823345651008,restoran
-6.279121154625502,106.71829982828542,restoran
-6.280819458126745,106.71445662907111,restoran
-6.715997104895568,107.00963209459093,restoran
-6.7136176,107.0226878,restoran
-6.713500898077649,107.02272356623004,restoran
-6.713554149999999,107.02282964999999,restoran
-6.71362755,107.02286655,restoran
-6.713677409395764,107.02283788462613,restoran
-6.714696434835339,107.02314745450435,restoran
-7.359585049999999,108.54145929999999,restoran
-7.368821820929804,108.54574394236442,restoran
-7.367040783312595,108.56123949859135,restoran
-7.3668991314637,108.56136055415102,restoran
-7.359362249999999,108.53265005,restoran
-6.924650787097518,107.71074863986684,restoran
-6.916123922379728,107.66148223460479,restoran
-6.649683523553619,106.9004239587475,restoran
-6.145621663497848,106.73402302965789,restoran
-6.282449650000001,106.71304964999999,restoran
-6.282894499999999,106.71377045000001,restoran
-6.28255565,106.71366474999998,restoran
-6.317555232456159,106.68032262411506,restoran
-6.367424937838372,107.36039139643519,restoran
-6.367634634033945,107.36023285175905,restoran
-6.367875699999999,107.36055919999998,restoran
-6.3677242663063005,107.3602008319499,restoran
-6.366913776106105,107.36048416055415,restoran
-6.336658647564397,106.73922527864119,restoran
-6.294600439294089,106.68347987044466,restoran
-6.919808950000002,106.91860390000001,restoran
-6.2514105641788955,106.7565352357436,restoran
-6.897531817778155,107.61211989608842,restoran
-6.897435271406191,107.61196529397942,restoran
-6.894008989616649,107.61247522873221,restoran
-6.898699550000002,107.6341725,restoran
-6.2407958590754395,106.79365696569727,restoran
-6.218429079252511,106.75103552073675,restoran
-6.2638381999999995,106.61836624999998,restoran
-6.265681406104182,106.61673922065913,restoran
-6.263631300000001,106.63027155,restoran
-6.2294297499999995,106.65812729999998,restoran
-6.236464273380432,106.66040315947652,restoran
-6.24475785,106.84245485000001,restoran
-6.2719659389519915,106.75572612027493,restoran
-6.207842802309952,107.02114399910897,restoran
-6.207903586234133,107.02134386263525,restoran
-6.2195014273417355,106.93149094931263,restoran
-6.294743300000001,106.68674084999999,restoran
-6.29471076108837,106.68683514654838,restoran
-6.227788735040047,106.85568544110956,restoran
-6.938764904771266,107.62484826530263,restoran
-6.939202998007421,107.6251775271305,restoran
-6.260610027594472,106.6074986621459,restoran
-6.3079216967738025,107.38406007758364,restoran
-6.30772266802392,107.38405170583599,restoran
-6.241279878410203,106.75242240162409,restoran
-6.241408309516195,106.75248272069484,restoran
-7.331678100000003,108.3597324,restoran
-7.384595396488346,108.48464433146712,restoran
-6.241252903877818,106.75178101416529,restoran
-6.241269839610679,106.75199575629958,restoran
-6.305761251905909,106.67995787838535,restoran
-6.271944065016367,106.71764122894707,restoran
-6.509439815442215,107.71817434735992,restoran
-6.50967297883645,107.71759572154261,restoran
-6.509760917719433,107.71794790272656,restoran
-6.509631119979419,107.71903937236866,restoran
-6.233954575040344,106.85699324205454,restoran
-6.253827520592655,106.69993859338175,restoran
-6.322066185876977,106.67534666983123,restoran
-6.3217486,106.67785415,restoran
-6.139318587630046,106.7275727795504,restoran
-6.890290524753187,107.61172483506135,restoran
-6.947672962548373,107.63358963897278,restoran
-6.320165986074567,106.8581057344046,restoran
-6.919291297082441,107.70859570843497,restoran
-6.879376931346392,107.61265721479472,restoran
-6.960074451997211,107.69481017985801,restoran
-6.9593034,107.69467630000001,restoran
-6.959392952408088,107.69468962879868,restoran
-6.9594377000000005,107.6946963,restoran
-6.959527247591913,107.69470967120132,restoran
-6.958629117106524,107.6946221834453,restoran
-6.958351028814325,107.69463498975969,restoran
-6.9577358,107.6947665,restoran
-6.201994306202651,106.82347274629636,restoran
-6.331720854537528,106.6867626220915,restoran
-6.924952016476014,107.62793409679976,restoran
-6.917066732457526,107.61291423852369,restoran
-6.283447250000001,106.9301117,restoran
-6.283236322774244,106.92961546682955,restoran
-6.956463031798026,107.68764773351087,restoran
-6.241808154422856,106.6665828115784,restoran
-6.278669621754568,106.97399346237395,restoran
-6.293328944559924,106.80259742653492,restoran
-6.2783384244075044,106.97446049022425,restoran
-6.54179665,107.39151665,restoran
-6.240350233661538,106.63266814706013,restoran
-6.123952574375319,106.84340558617367,restoran
-6.9112123558444605,107.67005258098412,restoran
-7.016755676157432,107.53039110120456,restoran
-6.830833412507367,108.62393415978268,restoran
-6.275108382689737,106.61195167489662,restoran
-6.360368422078305,106.8416218346443,restoran
-6.356238490044384,106.84295050060452,restoran
-6.8318920690755,108.63299057102458,restoran
-6.907017320698179,107.59501988420593,restoran
-6.906741788271634,107.58940738143625,restoran
-6.6414127015985995,107.39091660309921,restoran
-6.312537744633303,106.69112129101761,restoran
-6.348862639772303,106.9610785241198,restoran
-6.230067,106.65813199999998,restoran
-6.233444649999997,106.65856184999998,restoran
-6.157881186499589,106.97325088647317,restoran
-6.2692303768723034,106.7242060753175,restoran
-6.28316782402893,106.69951464734709,restoran
-6.245260530607622,106.80266056305302,restoran
-6.28492766576124,106.93382855097943,restoran
-6.200770961071328,106.75343570698435,restoran
-6.590359568532376,106.785811539171,restoran
-7.041194749815598,107.49848479333754,restoran
-6.196921992976516,106.51191438830048,restoran
-6.222022139641508,106.99684357464872,restoran
-6.22725805,106.99741349999998,restoran
-6.227397450000001,106.99750525000002,restoran
-7.48457724015071,108.7793590969211,restoran
-6.725356326255234,108.53414623644493,restoran
-7.414210369308988,107.8303247952466,restoran
-6.295026302111752,106.99756409878717,restoran
-6.228823942775756,106.99536084000297,restoran
-6.57286437713073,106.74373090171616,restoran
-6.566332725615668,106.75140573717071,restoran
-6.5729593,106.7432276,restoran
-6.549470820995993,106.73829460772996,restoran
-6.566524208735866,106.73587646753337,restoran
-6.5781158742426165,106.74067137376481,restoran
-6.570018835229833,106.75318994712414,restoran
-6.568153934991841,106.7587293095275,restoran
-6.5723982273447525,106.7433213047072,restoran
-6.558328149999998,106.74936414999998,restoran
-6.580310900000001,106.76372670000002,restoran
-6.5832429,106.76985040000001,restoran
-6.557358600000001,106.76181399999999,restoran
-6.537365400000001,106.70250975,restoran
-6.554853733740596,106.69765773135484,restoran
-6.554554350000001,106.6977517,restoran
-6.555463212186622,106.70106667100181,restoran
-6.5555235000000005,106.70122900000001,restoran
-6.555419170385852,106.7012684731449,restoran
-6.561843642709301,106.71547898369721,restoran
-6.562829399999998,106.71857195,restoran
-6.556555971876756,106.77447755362644,restoran
-6.558976200000002,106.7789074,restoran
-6.567865899999998,106.78532689999999,restoran
-6.569730550000002,106.78557655,restoran
-6.8629397928802005,108.58534244087662,restoran
-6.650572438948515,106.89191522268985,restoran
-6.263280268412076,106.63027324615416,restoran
-6.2634568999999995,106.63022360000001,restoran
-6.580464340605696,106.80632578989896,restoran
-6.049233733333333,106.70411111045811,restoran
-6.050481573595602,106.70421781866787,restoran
-6.6545899494614495,106.9100843013791,restoran
-6.6608865,106.91728459999999,restoran
-6.664297860571744,106.9214593789022,restoran
-6.665100204830889,106.92214023497355,restoran
-6.685415095530768,106.93689646656232,restoran
-6.685400700000001,106.946751,restoran
-6.69411745,106.96597940000002,restoran
-6.693923249999999,106.9667973,restoran
-6.562141992484747,106.68337873018604,restoran
-6.562208770772433,106.68349015427499,restoran
-6.617252151768783,106.80511216467652,restoran
-6.6174414000000015,106.81382270000003,restoran
-6.60883740794054,106.8125268337145,restoran
-6.6314252,106.82509195,restoran
-6.915110605479011,107.64109344296868,restoran
-6.921487065515277,107.61784066069819,restoran
-6.974381128656531,107.62877392296002,restoran
-6.974242424466117,107.62925956558927,restoran
-6.9067786,107.5980228,restoran
-6.9273473,107.60717445000002,restoran
-6.9175940801240206,107.612962834082,restoran
-6.580959335086147,106.81783264427807,restoran
-6.5885152056942,106.81670415827249,restoran
-6.050392660270537,106.69226930190048,restoran
-6.2802292500000005,106.7142939,restoran
-6.874853158970224,107.6043623410432,restoran
-6.874323809747751,107.60459711528009,restoran
-6.874273401195718,107.60445746537636,restoran
-6.874677973352604,107.60450454382665,restoran
-6.8742835499999995,107.60355394999998,restoran
-6.873919882428426,107.60469091734095,restoran
-6.8799834980262,107.75626131123957,restoran
-6.155039301629655,106.71438212486471,restoran
-6.94377980755878,107.62892028307387,restoran
-6.701585405691248,106.99295973306151,restoran
-6.956951857345168,107.69491360831911,restoran
-7.099331874147342,107.47176152609165,restoran
-7.0898135469168055,107.4794367337469,restoran
-6.050790255057971,106.70109439163936,restoran
-7.326268290001035,108.36608419766506,restoran
-6.290135878453843,106.88280267315555,restoran
-6.290256211845193,106.88268992741277,restoran
-6.346288943785859,106.70294585315662,restoran
-6.257714984836065,106.79616561971311,restoran
-6.318421934412581,107.27089245386458,restoran
-6.8546945606010405,107.5890580310309,restoran
-6.21378068564194,107.03552157229518,restoran
-6.089162343704104,106.73022853343527,restoran
-6.27030025,106.6167853,restoran
-6.262410788631513,106.73380376844527,restoran
-6.2410575092305,106.65410017068861,restoran
-6.907581173718184,107.59794361260109,restoran
-6.888801823643355,107.61300268751141,restoran
-6.215346617891611,107.03344539480325,restoran
-6.815033532773354,107.61382895738777,restoran
-7.158064025655705,106.87774977054777,restoran
-6.738020084278189,108.52602969871566,restoran
-6.7373454,108.52666195,restoran
-6.264574580029688,106.61811875879116,restoran
-7.217609100000001,106.60339635,restoran
-6.916142546816036,107.60669409374836,restoran
-6.918042865149177,107.60585034882087,restoran
-6.92273878743864,107.60771924495603,restoran
-6.922688583321012,107.60780611656159,restoran
-6.922695101059667,107.60785752501475,restoran
-6.922700232647214,107.60790047571385,restoran
-6.922737699497165,107.60826412109923,restoran
-6.56739096916756,106.86196321359981,restoran
-6.567127832824775,106.86228960272247,restoran
-7.3474273489832695,108.43516795500598,restoran
-6.720070465505135,108.56926793063802,restoran
-6.294122362733279,106.60973372562076,restoran
-6.294326075753785,106.61016273171064,restoran
-6.2950014064028235,106.60940397559092,restoran
-6.286837099999998,106.64155345,restoran
-6.217585289514075,106.82519546628576,restoran
-6.394539319161131,106.79521193250281,restoran
-6.276668904239237,107.04485692138444,restoran
-6.278078692872948,107.0468965808621,restoran
-6.278275489948644,107.04680926305763,restoran
-6.2784350361194985,107.04729406047518,restoran
-6.2785120573166875,107.04741772136431,restoran
-6.278931350000001,107.04645085,restoran
-6.27870180901101,107.04658941716693,restoran
-6.279346199999999,107.04653855000001,restoran
-6.343437093888951,107.15406841393185,restoran
-6.343164581787576,107.15364699935878,restoran
-6.40770615,107.00579989999999,restoran
-6.408308100000002,107.0052774,restoran
-6.082497292301429,106.72278409237049,restoran
-6.082696002972991,106.7228339278085,restoran
-6.081405799999999,106.7214945,restoran
-6.081240084220498,106.72138612826765,restoran
-6.080569983682353,106.72094264267615,restoran
-6.080869800428528,106.72113858318575,restoran
-6.082041932787854,106.72257199516051,restoran
-7.334702179670697,108.39192912153268,restoran
-6.953135199999999,107.60573169999999,restoran
-6.953252119945357,107.6062567124317,restoran
-6.953011435605507,107.60630510090006,restoran
-6.952969516706975,107.60632641775807,restoran
-6.95305275265605,107.60598943074861,restoran
-6.278191819328748,106.71665681658364,restoran
-6.27956542678693,106.71654225662095,restoran
-6.329735,107.13017395000001,restoran
-6.329383314834042,107.12977220292804,restoran
-6.333040700000001,107.14012965000003,restoran
-6.333114677585468,107.13939604521599,restoran
-6.15087015,106.8567748,restoran
-6.736840142176149,108.52862556649985,restoran
-6.736670449166048,108.52960064883054,restoran
-6.736367311437606,108.53032960038269,restoran
-6.731722023335113,108.54090982559092,restoran
-6.3483834562491115,106.67369444587735,restoran
-6.348475893901739,106.67359978040336,restoran
-6.219395300007441,106.81894208443474,restoran
-6.736171394893553,108.53137212578693,restoran
-6.346231849645269,106.68817859015233,restoran
-6.346768927941715,106.68801049625067,restoran
-6.346746781269597,106.68795900203516,restoran
-6.276902446469464,106.77626425220852,restoran
-6.335136453916617,106.72221462654846,restoran
-6.735048543349113,108.5348969293428,restoran
-6.712565422037248,108.55065249205737,restoran
-6.412342191204093,106.61614427511881,restoran
-6.232763156609574,106.9655534391489,restoran
-6.2421276500000005,106.66653614999998,restoran
-6.24242575,106.66646994999999,restoran
-6.228849020185413,106.65898066416943,restoran
-6.886614299999998,107.6151291,restoran
-6.723152360329175,108.55004746687199,restoran
-6.7246306630369865,108.55014598625418,restoran
-6.7161237,108.5504775,restoran
-6.717117291622972,108.54906451829416,restoran
-6.718364284081497,108.55111011634476,restoran
-6.7262779471530925,108.5507998779536,restoran
-6.850913667749579,106.76419078664844,restoran
-6.7333229,108.55007355000001,restoran
-6.177554262482819,106.95496821936369,restoran
-6.176201000000002,106.9560515,restoran
-6.90118663187795,107.61165508360817,restoran
-6.338396825759857,106.75894919255413,restoran
-7.647105940701864,107.71091534698672,restoran
-6.736709846179392,108.5302369375542,restoran
-6.736690152523407,108.5298073308763,restoran
-6.736695303265019,108.52989833538365,restoran
-6.72138597514103,108.5465571626794,restoran
-6.759000304095336,108.53360368438895,restoran
-6.1921484499999995,106.83622215000001,restoran
-6.300064415658651,107.29176296572489,restoran
-6.704902412632533,108.5505812757487,restoran
-6.070985828144003,106.6462040579813,restoran
-6.959452179050452,107.6996412470724,restoran
-6.9595357,107.69918574999997,restoran
-6.959083550000001,107.7015133,restoran
-6.95911435,107.70134055000001,restoran
-6.959190550000001,107.70092774999999,restoran
-6.960074777686687,107.70085188030427,restoran
-6.960175649999996,107.70027165,restoran
-6.960109799999997,107.70065015,restoran
-6.247583504642769,106.64953814699737,restoran
-6.370412366584706,107.95697254947895,restoran
-6.921757919783397,107.61745305299324,restoran
-6.863563906546663,107.47857564520221,restoran
-6.319132811783009,106.66084334203228,restoran
-6.867627855423247,107.46426820564325,restoran
-6.867633138403356,107.46446705356254,restoran
-6.867624308380085,107.46465514577692,restoran
-6.332702464968786,106.4426371992539,restoran
-6.3348520375314346,106.44104089635759,restoran
-6.335751580256389,106.44047218166472,restoran
-6.3363659,106.43458695,restoran
-6.714092356590056,108.55927367303576,restoran
-6.5266003,106.87918365,restoran
-6.5280292896941186,106.88094492843783,restoran
-6.87969935,107.61197655000002,restoran
-6.87965965,107.61197984999998,restoran
-6.876585392614084,107.54618019981838,restoran
-6.7132232777419585,108.55843919569747,restoran
-6.717462495355484,108.57148464369702,restoran
-6.715293848197129,108.56655365860496,restoran
-6.699888004734258,108.55359246739513,restoran
-6.233141135392465,106.99221031333313,restoran
-6.808844848030253,107.64164539141007,restoran
-6.897066945755092,107.22676499165745,restoran
-6.939472919704571,107.66610072946804,restoran
-6.332987709546287,106.46255162404553,restoran
-6.33342821117417,106.46353407563706,restoran
-6.160730686542233,106.93014924945389,restoran
-6.1668792,106.9280347,restoran
-6.223624366197956,106.99571895508494,restoran
-6.223775901433064,106.99554796626816,restoran
-6.22356928223529,106.9974537223298,restoran
-6.223576781859139,106.99719361522273,restoran
-6.224115900000001,106.99537315,restoran
-6.224340292315044,106.99550762181606,restoran
-6.223055449999998,106.99620244999998,restoran
-6.182167504555748,106.78170352395725,restoran
-6.174871338499539,106.78342042635853,restoran
-6.349579483897869,106.96068707803862,restoran
-6.175056381394396,106.78013032161043,restoran
-6.177272213979335,106.78200432517615,restoran
-6.314901926487186,106.73219445532165,restoran
-6.258219799999997,107.15793485,restoran
-6.9178866999999995,107.70691349999998,restoran
-6.273410354873857,106.61623495293242,restoran
-6.27299005,106.6163033,restoran
-6.262924319249887,106.61873569635561,restoran
-6.299739722533433,106.77816111964238,restoran
-6.5646994,107.4557997,pasar
-6.8847502,107.6139584,pasar
-6.6186481,106.8213525,pasar
-6.6175351,106.8117178,pasar
-6.6179697,106.8204187,pasar
-6.5732142,106.633073,pasar
-6.4358535,107.0506159,pasar
-6.4359388,107.0515064,pasar
-6.5897344,106.8275283,pasar
-6.3884252,106.8492496,pasar
-6.9713618,108.5170238,pasar
-6.9718836,108.5168629,pasar
-6.2915177,106.9444471,pasar
-6.3579953,106.8588963,pasar
-6.8839529,107.5749695,pasar
-6.9280313,107.6065555,pasar
-7.2191677,106.8851277,pasar
-7.309666,107.7942416,pasar
-7.361243,107.811524,pasar
-6.3078577,107.3068625,pasar
-6.2591674,106.9637676,pasar
-6.6007479,106.8138336,pasar
-6.4070023,106.962337,pasar
-6.2605426,106.7093938,pasar
-7.6841444,108.6513007,pasar
-6.5492695,106.5349475,pasar
-6.1299049,106.7941732,pasar
-6.3645703,106.9238123,pasar
-6.3226563,106.9752544,pasar
-6.4686209,107.0642809,pasar
-6.3125598,106.7463458,pasar
-6.8485636,106.7629607,pasar
-6.1991527,106.7611797,pasar
-6.1257413,106.8389892,pasar
-6.1486801,106.8256211,pasar
-6.1516882,106.8443744,pasar
-6.1097378,106.7377731,pasar
-7.2845222,106.6211881,pasar
-6.7460678,108.541683,pasar
-6.5444868,106.8272247,pasar
-6.3925144,106.9998771,pasar
-6.5717747,106.9930879,pasar
-6.336428,107.045239,pasar
-6.7980502,106.70975,pasar
-6.6050446,106.7926927,pasar
-6.5759769,106.7526944,pasar
-6.2727152,107.2663209,pasar
-6.1141846,106.8924169,pasar
-6.223625,107.041187,pasar
-6.6218205,106.8086884,pasar
-6.1214968,106.8708707,pasar
-6.3851608,106.680775,pasar
-6.9829604,108.4817396,pasar
-6.9819964,108.4800809,pasar
-6.7022168,108.4780244,pasar
-7.1875067,106.4554451,pasar
-6.7611253,107.6179246,pasar
-7.1511032,107.9519072,pasar
-7.0000343,107.6299812,pasar
-6.1654272,106.5674042,pasar
-6.1779396,106.6300758,pasar
-6.9013053,107.6228683,pasar
-6.2468545,106.4652085,pasar
-6.2250474,106.7090156,pasar
-6.1440331,106.6663124,pasar
-6.2652871,107.0194195,pasar
-6.9861924,106.5444337,pasar
-6.22447,106.7080893,pasar
-6.2065306,106.6502725,pasar
-6.2059825,106.6497453,pasar
-6.2072781,106.6492194,pasar
-6.207415,106.6493875,pasar
-6.207032,106.6494879,pasar
-6.207621,106.6493111,pasar
-6.2082245,106.6490706,pasar
-6.2077997,106.6491453,pasar
-6.2088954,106.6487391,pasar
-6.2093597,106.6483608,pasar
-6.2091531,106.648244,pasar
-6.2094525,106.6484589,pasar
-6.209926,106.6483164,pasar
-6.2098355,106.6480993,pasar
-6.8965777,107.6169817,pasar
-6.148387,106.7457107,pasar
-6.2240175,106.8660262,pasar
-6.179838,106.8133731,pasar
-6.144292,106.8157839,pasar
-6.1503907,106.7971685,pasar
-6.4397232,106.8344838,pasar
-6.3171158,107.1594489,pasar
-6.1921356,106.8486652,pasar
-7.3943552,108.6611668,pasar
-7.4183519,108.6657175,pasar
-6.1575126,106.5687902,pasar
-6.8860505,106.7789221,pasar
-6.9191338,107.5906952,pasar
-6.8937486,107.6192501,pasar
-6.8844672,107.614021,pasar
-6.169269,106.5265086,pasar
-6.9235336,107.5815036,pasar
-6.70681,108.5126889,pasar
-6.9197714,106.9156083,pasar
-6.9056905,107.5590491,pasar
-6.8980198,107.5562295,pasar
-6.9267617,107.5650317,pasar
-6.8329698,106.3281353,pasar
-6.2060247,107.0140066,pasar
-6.2216457,106.9315014,pasar
-6.9106558,107.6438066,pasar
-6.9417201,107.6070312,pasar
-6.7069615,108.5036987,pasar
-6.9038234,107.8284868,pasar
-6.9095978,107.6415259,pasar
-6.5507668,106.6932362,pasar
-7.0022476,108.4031904,pasar
-6.4588351,106.6491891,pasar
-6.8633809,108.5860715,pasar
-6.8284556,108.628229,pasar
-6.8706169,107.0970207,pasar
-6.1412714,106.8124827,pasar
-6.1606622,106.5711133,pasar
-6.2381592,106.7807318,pasar
-6.2382377,106.7729357,pasar
-6.2382424,106.7728655,pasar
-6.1786597,106.6302705,pasar
-6.3243554,106.7453149,pasar
-6.9484272,106.4488159,pasar
-6.9524674,106.4399926,pasar
-6.9500803,106.4489341,pasar
-6.9556001,106.4797126,pasar
-6.9874323,106.5439095,pasar
-6.9528674,106.4392485,pasar
-6.9522715,106.4415889,pasar
-6.2488433,107.0132674,pasar
-6.9524427,106.4407061,pasar
-6.2636408,106.6097243,pasar
-6.7474881,108.5616149,pasar
-6.7013253,108.5557734,pasar
-6.1736334,106.7859558,pasar
-6.1579944928225245,106.82667196026789,pasar
-6.386961245039949,106.88961174028508,pasar
-6.125814865908382,106.8087730709889,pasar
-6.602764213730039,106.76672850838523,pasar
-7.190714403522646,108.37187301649496,pasar
-6.570612634123285,106.80713833062781,pasar
-6.151820293081288,106.95175922648713,pasar
-6.221881728707728,106.93138067651103,pasar
-6.29514131639866,106.86974790026012,pasar
-6.358186099999998,106.85867545,pasar
-6.208276819208897,106.79593514244159,pasar
-6.377751619400515,106.86762187611596,pasar
-6.591629920255853,106.79214214715019,pasar
-6.330505329014326,106.87101482986071,pasar
-6.190264534235925,106.79590786804367,pasar
-6.219972449999999,106.95144864999999,pasar
-6.220605407018765,106.91313628812475,pasar
-6.315932031406811,106.71458604648798,pasar
-6.6028621464095645,106.76800379452287,pasar
-6.594160459008457,106.7780670760879,pasar
-6.576215470505471,106.79479107515168,pasar
-6.89040788500747,107.59928601737519,pasar
-6.331403776958593,106.83289254350782,pasar
-6.324870141631518,106.71147655332776,pasar
-6.421977446521712,106.8298460838527,pasar
-6.102469456751192,106.92800659149056,pasar
-6.161223680432534,106.84096939742167,pasar
-6.114749474989382,106.87918279970941,pasar
-6.111489836386327,106.89676907991606,pasar
-6.111836844295909,106.90791786125395,pasar
-6.112563310455292,106.90796387058786,pasar
-6.130159841174576,106.8357529228916,pasar
-6.169512850988016,106.85750550914203,pasar
-6.197160534958349,106.84104363021969,pasar
-6.193060980429008,106.81235131073925,pasar
-6.164898922879849,106.84723645349992,pasar
-6.164447287772568,106.86441260476651,pasar
-6.177715626612319,106.85492656660584,pasar
-7.439645624290526,108.76263177345932,pasar
-6.350532935749563,106.89245098249403,pasar
-6.312419271439654,106.79368977208763,pasar
-6.256715877072999,106.86540610637354,pasar
-6.198258170283401,106.85712868711074,pasar
-6.236124165139272,106.88098317566646,pasar
-6.211926350000001,106.87560465,pasar
-6.238686600421047,106.90268443622355,pasar
-6.212635325485133,106.88395657370452,pasar
-6.186151949999999,106.88438144999999,pasar
-6.1831036985386385,106.93448562170755,pasar
-6.115822499999999,106.77872635000003,pasar
-6.121202849999997,106.78899325,pasar
-6.138722934574132,106.80948181526334,pasar
-6.158982521451701,106.82060516982888,pasar
-6.15028980131899,106.81742314570705,pasar
-6.177824397573163,106.78426139087847,pasar
-6.2177269529514,106.76932557851683,pasar
-6.239871532553406,106.81208188707818,pasar
-6.221025344821641,106.81995662590765,pasar
-6.2268464113029465,106.7548232788217,pasar
-6.221223893811199,106.84525364944707,pasar
-6.221164096468939,106.83896121998222,pasar
-6.220459160804339,106.83847332910838,pasar
-6.218160668181836,106.85398808912763,pasar
-6.234782184764611,106.85661867898364,pasar
-6.23938973509182,106.84829310683757,pasar
-6.235014329547308,106.78400788849736,pasar
-6.284439399690709,106.84331889971466,pasar
-6.238325037305637,106.76504994821468,pasar
-6.283842828361377,106.91323396218475,pasar
-6.278071675647545,106.75218479327582,pasar
-6.238318370428814,106.62884164914033,pasar
-6.304452677396986,106.68479841455289,pasar
-6.595806483323984,106.78743706645841,pasar
-6.656610296576137,106.84744336720608,pasar
-6.678607028821118,106.84046279154008,pasar
-6.678732775233747,106.84046673919764,pasar
-6.679320620524572,106.84048619540604,pasar
-6.6789247999999946,106.84045104999998,pasar
-6.679122994719433,106.84053232422302,pasar
-6.678943876742142,106.84036519860987,pasar
-6.548220256668922,106.77424022661405,pasar
-6.393477524516887,106.8144068200531,pasar
-6.811378092792613,107.63643772980876,pasar
-6.919027249665894,107.60879048988023,pasar
-7.200685892865719,107.90350862348495,pasar
-7.200541666370659,107.90477465299767,pasar
-6.954138476623695,107.63928850622895,pasar
-6.572531311392182,106.80424746400902,pasar
-6.426158595807742,106.73207005589295,pasar
-6.422888192651372,106.73197256594491,pasar
-6.402930412030443,106.77188929425103,pasar
-7.30356768828974,108.77233732108793,pasar
-6.102708290416286,106.80173625791012,pasar
-6.990254040048811,107.8413987235665,pasar
-7.361223360438716,107.81220036120179,pasar
-7.36107701491783,107.81207905162614,pasar
-7.361146174197222,107.81208996972724,pasar
-7.641573435777122,107.73160558131053,pasar
-7.111522285317053,107.8980906443015,pasar
-7.274614954080889,107.78474188191637,pasar
-7.260919076231175,107.85531508644101,pasar
-7.0860941056279545,107.89519500445103,pasar
-6.260550252469063,106.70937881333484,pasar
-6.459822799557473,107.94114325894472,pasar
-6.195408040577398,106.63669814702223,pasar
-6.314468008601172,107.99139187534212,pasar
-6.2395976190193,106.65192798151665,pasar
-7.17675434778967,107.57530240790989,pasar
-6.105942310777193,106.77283590695227,pasar
-6.305153013136062,106.93368732059051,pasar
-7.211536507974861,107.90840889039173,pasar
-6.814608089319581,107.95022281268591,pasar
-6.215100626874912,106.90327216442653,pasar
-6.272116705517462,106.95196375288265,pasar
-6.290999238908711,106.96666638524556,pasar
-6.346309826148253,106.9425894571698,pasar
-6.365806892352942,106.95733393095092,pasar
-6.464634309604977,107.0652621431653,pasar
-6.899289043243919,107.62768913381908,pasar
-6.703524772253729,108.35926399137938,pasar
-6.548849859814461,107.7699717594577,pasar
-6.109330532181672,106.77292061637677,pasar
-6.32140300106237,106.66394820201718,pasar
-6.364174245745201,106.83597386891752,pasar
-6.622784310463062,106.80894545627771,pasar
-6.377885578676459,106.86831135573233,pasar
-6.4897814918936945,106.79469018370264,pasar
-6.313270356626337,106.79406810676088,pasar
-6.3137283311790595,106.79419972136252,pasar
-6.1362338,106.72514950000001,pasar
-6.132379472131318,106.72456479275793,pasar
-6.130705654461129,106.72527067138054,pasar
-6.25050555,106.85666714999999,pasar
-6.14776790006292,106.74879870897551,pasar
-6.16376642081342,106.76478029585782,pasar
-6.197988568570219,106.80932306272929,pasar
-6.133560963261731,106.93557139931936,pasar
-6.163395650000002,106.72559570000001,pasar
-6.169701466666668,106.91334006666666,pasar
-6.121035170255446,106.71057634395929,pasar
-6.115252906318216,106.71288475510461,pasar
-6.119912149999999,106.71791649999999,pasar
-6.133495455255147,106.74570907535022,pasar
-6.146325806408997,106.7278819180551,pasar
-6.17924615,106.71728575,pasar
-6.4223951217093305,106.72882476706735,pasar
-6.140940549999999,106.92247305000001,pasar
-6.712622022141648,108.10405584010653,pasar
-6.162878294307493,106.81206841861592,pasar
-6.135183902129372,106.74085367190287,pasar
-6.721155054860133,108.56767952455434,pasar
-6.8470094738575,107.9252185253484,pasar
-6.846792061611618,107.92676900787349,pasar
-6.152147214663143,106.7287706801679,pasar
-6.934575283659662,107.69768522716366,pasar
-6.095271349999999,106.96389260000001,pasar
-6.175319962812719,106.6638077480436,pasar
-6.940163501540082,107.66439149288242,pasar
-6.313357243592769,106.98756261112966,pasar
-6.690864529749653,106.84642507342878,pasar
-6.6908726291484735,106.84631375198926,pasar
-6.19744715,107.53174195,pasar
-6.1989242,107.53310834999999,pasar
-6.2011532500000035,107.52845865,pasar
-6.200864299999992,107.53465135,pasar
-6.199101298290767,107.5332465331708,pasar
-6.9318914000000005,107.69752805,pasar
-6.259566862617997,106.74747007402547,pasar
-6.897540325566475,107.62006451744045,pasar
-6.917461690551407,107.6037558563919,pasar
-6.802989413795724,107.58228245516456,pasar
-6.802815803549534,107.58186687846815,pasar
-6.984061617485916,108.3105139949613,pasar
-6.203048809315311,106.93413142613069,pasar
-6.726540093596303,108.56496200555505,pasar
-6.505047327273134,106.77543965339169,pasar
-6.880286404396284,107.53825933379912,pasar
-6.702247920789085,108.47800049654371,pasar
-6.56837987362397,107.75791407726052,pasar
-6.568735755209565,107.75812001254438,pasar
-6.568646574748285,107.7576119927147,pasar
-6.567962402149712,107.75771476133875,pasar
-6.5680666013328155,107.7582121657365,pasar
-6.568341558113237,107.75882544303657,pasar
-6.456889095520059,107.81794488087212,pasar
-6.678803519576797,107.68646473193867,pasar
-6.697996742827884,107.73674530853434,pasar
-6.670325252671402,107.65700189183235,pasar
-6.760654700000003,108.48758949999998,pasar
-6.760033721049273,108.48760118544284,pasar
-6.704803194942247,108.50689431702182,pasar
-6.328617209296102,106.4636634194579,pasar
-6.766296220976168,108.16883150146504,pasar
-6.248902109341651,106.62282769627356,pasar
-6.576767889597014,106.75414016604755,pasar
-6.208421151456773,106.83756013367572,pasar
-6.236763434707332,106.81847837515951,pasar
-6.185430993675241,106.85554422942228,pasar
-6.205382987544342,106.86067615037156,pasar
-6.219594149999998,106.59505669999999,pasar
-6.217684440245445,106.89476786938913,pasar
-6.144434172546426,106.81584463926337,pasar
-6.142355426000867,106.80937684782505,pasar
-6.194417627119439,106.8600902510674,pasar
-6.197498757194863,106.83931957842643,pasar
-6.215401328164179,106.81495491159448,pasar
-6.186554486364786,106.83207442052827,pasar
-6.2161164058923974,106.86484199316787,pasar
-6.2409135015882775,106.82516664636671,pasar
-6.183388489883686,106.8636013226657,pasar
-6.172942067170506,106.86318766546354,pasar
-6.179861230742383,106.86019960455731,pasar
-6.220863744202518,106.88927002499157,pasar
-6.180705881288425,106.85143465804978,pasar
-6.261965899526373,106.55931844263803,pasar
-6.261817604792842,106.55914443316155,pasar
-6.261718281952495,106.55906120085803,pasar
-6.261515333101508,106.55923077502993,pasar
-6.197672217031456,106.85767301913438,pasar
-6.213706517693848,106.82602937324069,pasar
-6.185414399178286,106.872238490906,pasar
-6.207855772810667,106.83951254769025,pasar
-6.208674454745508,106.84070739238977,pasar
-6.208207832903688,106.84179042266221,pasar
-6.487915604284244,106.88267809419568,pasar
-6.245745149999999,106.81532479999998,pasar
-6.25503805,106.8246323,pasar
-6.150421884605587,106.79727746392153,pasar
-6.2099661555219114,106.86662634385935,pasar
-6.194883392276498,106.92287748265589,pasar
-6.212757109240392,106.90197990355603,pasar
-6.143562134385782,106.79226104735628,pasar
-6.18110468859354,106.84681177004809,pasar
-6.167877899999999,106.84960929999998,pasar
-6.1369843595153,106.80674593454582,pasar
-6.268411432043073,106.86751677970494,pasar
-6.275791863973095,106.87429939663626,pasar
-6.226234368363277,106.88105614614773,pasar
-6.211562796980231,106.88721800673483,pasar
-6.184870836351045,106.84143586026917,pasar
-6.142724040538249,106.8142117117767,pasar
-6.14500955,106.80641965000001,pasar
-6.166619574083685,106.94883399288945,pasar
-6.188317607099711,106.8184750603263,pasar
-6.206968434113206,106.79081493959934,pasar
-6.1643833,106.74889940000001,pasar
-6.1853383503732005,106.75332836620827,pasar
-6.161537619920826,106.80458846032435,pasar
-6.1574479588796605,106.80169005583086,pasar
-6.186101898626454,106.80369410207963,pasar
-6.1997238169804465,106.73890751603898,pasar
-6.161048575689568,106.85530785495314,pasar
-6.57540255,106.74007410000002,pasar
-6.183213275247646,106.80972686401101,pasar
-6.196143530173001,106.88258975767387,pasar
-6.191556922209348,106.8494836437899,pasar
-6.198501952058204,106.88972294925527,pasar
-6.127239033114085,106.91746889082472,pasar
-6.1651545500000005,106.88132995000001,pasar
-6.240878074909967,106.79096283613018,pasar
-6.1149638461158675,106.89561832561174,pasar
-6.18673629392114,106.90548216215122,pasar
-6.181677489211677,106.89422402698571,pasar
-6.345060213209709,106.87274529447437,pasar
-6.175680292966648,106.69979735958123,pasar
-6.157498513463358,106.70621425191364,pasar
-6.166672484376509,106.70114203303264,pasar
-6.1656693465254255,106.70279345957498,pasar
-6.412855542150481,107.01200366286486,pasar
-6.2525,106.91644095000002,pasar
-6.267711385940604,106.86964755346834,pasar
-6.362018874145649,106.73110284579974,pasar
-6.150501696332232,106.69694507642326,pasar
-6.152507054486214,106.7037708478781,pasar
-6.278723428051111,106.80816906755082,pasar
-6.156726850000001,106.86448555,pasar
-6.1549758100258,106.68845516603331,pasar
-6.138358639987725,106.69029814817473,pasar
-6.193120561247126,106.8130968513283,pasar
-6.381925249999999,107.022893,pasar
-6.3319959,106.76663725,pasar
-6.168729625909249,107.05288676224973,pasar
-6.1687249500000005,107.05279555,pasar
-6.133553342520407,106.69440068198443,pasar
-6.151467310826367,106.83073570404514,pasar
-6.144428550000001,106.70506495000001,pasar
-6.1431252315583125,106.71083365399944,pasar
-6.137408700000001,106.71260755,pasar
-6.285024900000001,106.8447143,pasar
-6.126255786783411,106.72179658302747,pasar
-6.120623789459468,106.7295617707991,pasar
-6.4107175,106.84903485000002,pasar
-6.307440824681801,106.86322879701929,pasar
-7.004326106299886,108.44757208627514,pasar
-6.15060395,106.81829890000002,pasar
-6.227483325099042,106.90622080883887,pasar
-6.350045321425976,106.80144466624361,pasar
-6.1822861486019,106.7796189265701,pasar
-6.3866791212006975,106.82452796010251,pasar
-6.903502799999999,107.59619804999998,pasar
-6.15511432914081,106.72855897526786,pasar
-6.161596788774953,106.74131977056868,pasar
-6.113768689172981,106.89532744057205,pasar
-6.1091289582826995,106.91496539889029,pasar
-6.932410091882901,107.61551095576992,pasar
-6.255879399999995,106.79656890000001,pasar
-6.128816550000002,106.89134625000001,pasar
-6.173550642062312,106.71709515899516,pasar
-6.162739242672772,106.79724507159003,pasar
-6.17888555,106.72213085,pasar
-6.141547454406755,106.82156151177419,pasar
-6.121534525442962,106.9158714583091,pasar
-6.149318773828804,106.72142157587437,pasar
-6.126478229717621,106.89891468951362,pasar
-6.256109284366688,107.09511379415696,pasar
-6.239838042082989,107.08803297656677,pasar
-6.2664934,107.08097484999999,pasar
-6.266471649999999,107.08017530000001,pasar
-6.266689165040797,107.08091261912979,pasar
-6.266790150000002,107.08008670000001,pasar
-6.267009949999999,107.08082745,pasar
-6.0697769684090845,107.1587025275041,pasar
-6.0697714,107.15875639999999,pasar
-6.120739623674942,106.88552773307536,pasar
-6.241369073332564,106.78908706189945,pasar
-6.152223650910259,106.73623964120125,pasar
-6.4138513999999995,107.15406854999999,pasar
-6.114160699999999,106.88523304999998,pasar
-6.119067543507549,106.91048717540124,pasar
-6.126985496938184,106.91765876251047,pasar
-6.1379337849936455,106.73922753893385,pasar
-6.057620828339454,107.13056527189696,pasar
-6.18058525,107.01417060000001,pasar
-6.168718299999999,106.97303529999999,pasar
-6.8109593069478755,107.55899195373851,pasar
-6.810954250000001,107.5589183,pasar
-6.810930300000001,107.55884124999999,pasar
-6.810911938566977,107.55877176460625,pasar
-6.610576721071939,106.79490435921623,pasar
-6.582981120992396,106.8216365926103,pasar
-6.609024650000002,106.80171900000002,pasar
-6.135412401336282,106.84350836501453,pasar
-6.237003916573664,106.78092768931798,pasar
-6.233480099999998,106.77148239999998,pasar
-6.261893691680578,106.77611925915897,pasar
-6.258494318295149,106.79128691564615,pasar
-6.228846933619043,106.80796327533436,pasar
-6.160178384094816,106.77888198024527,pasar
-6.150283492309475,106.78005677460182,pasar
-6.12732244128283,106.88367979004272,pasar
-6.171239750000001,106.90224129999999,pasar
-6.175511139291391,106.90633904122842,pasar
-6.2567768627390405,106.76137851326158,pasar
-6.251905992658887,106.75597557249131,pasar
-6.115453499914534,106.87973738338381,pasar
-6.874579322361661,107.57619091285089,pasar
-6.128364249471612,106.75390428209627,pasar
-6.111233050000001,106.79930290000001,pasar
-6.1430883000000005,106.91085685000003,pasar
-6.1377294,106.7819772,pasar
-6.139098887784563,106.87050166705777,pasar
-6.134959639605281,106.84016469043928,pasar
-6.158080383314427,106.87306345225166,pasar
-6.2415891228616225,106.79178107746051,pasar
-6.152055174532505,106.72994249199814,pasar
-6.175675637452195,106.63553173065122,pasar
-6.735269923854433,108.55982340597247,pasar
-6.667852665546232,108.5405987990143,pasar
-6.713281021202084,108.56092468783808,pasar
-6.29850735,106.58861225000001,pasar
-6.1185699,106.57376370000001,pasar
-6.177867666427728,106.39160321751399,pasar
-6.156931902635745,106.42332426921669,pasar
-6.1571076709998165,106.4225999073251,pasar
-6.1912237494187545,106.46199048552205,pasar
-6.2355160574366755,106.62517217303674,pasar
-6.268943134514399,107.00464041677827,pasar
-6.35753932832395,106.69408679040079,pasar
-6.82989442654174,108.62859469130677,pasar
-6.818376674328909,108.72781253477194,pasar
-6.8320304,108.62082029999998,pasar
-6.8052645499999995,108.63359765,pasar
-6.828455077099413,108.6282349888722,pasar
-6.815017681354596,108.61578279416675,pasar
-6.867035301693512,108.49857264916577,pasar
-6.25039065,106.52484924999999,pasar
-6.320822870468197,106.64313518230568,pasar
-6.908523498043811,107.62247691797614,pasar
-6.272041988912858,107.00252128199008,pasar
-6.271714108479498,107.00255014131214,pasar
-7.348960230649726,108.12010109025867,pasar
-7.734298868879968,108.02465552376555,pasar
-7.431531496382125,108.02687867752032,pasar
-7.62147095,108.33837299999999,pasar
-7.621386499999999,108.3383227,pasar
-7.621258650000001,108.33832364999999,pasar
-7.507536128352046,108.27185609485808,pasar
-7.469968536800127,108.1270174158362,pasar
-7.542562447920316,108.17854630162017,pasar
-7.771240474197501,108.09129428971258,pasar
-7.771237025826977,108.09122041153067,pasar
-7.7712333241691915,108.09114073801022,pasar
-7.77122945,108.09105725000002,pasar
-7.771489120818285,108.09118924001523,pasar
-7.7714743335280305,108.09108948311201,pasar
-7.764311770952672,108.17305708444835,pasar
-7.3694695683157025,108.67638811488641,pasar
-7.3338170499999995,108.35774450000001,pasar
-7.333878605752738,108.35808952198889,pasar
-7.334046204110623,108.35770292162447,pasar
-7.334107774824311,108.35804799390384,pasar
-7.63864716733175,108.75123746971144,pasar
-7.638760896352674,108.75104143101993,pasar
-7.63866145,108.75120514999999,pasar
-7.6386977,108.75114705000001,pasar
-7.638731872770582,108.75108671778165,pasar
-6.343104209073653,106.56878802715505,pasar
-6.946792750000002,107.60925715,pasar
-6.943408325770199,107.28998810107193,pasar
-6.943378673812893,107.29003304850983,pasar
-6.932002366106735,107.62229329780223,pasar
-6.938698073476935,107.59716258238267,pasar
-6.928050617412019,107.5858511607402,pasar
-6.833214716081144,107.3489542193459,pasar
-6.8326465541762005,107.34844825800721,pasar
-6.944622949999999,107.35973125,pasar
-6.9759173,107.31701595,pasar
-6.975954843703494,107.31696463133888,pasar
-7.003016836868581,107.37331297823455,pasar
-6.9144909449302165,107.58741871318402,pasar
-6.987153439767575,107.4394045097783,pasar
-6.987012950831398,107.43939062165248,pasar
-6.947029241838515,107.4584510812206,pasar
-7.333210173990195,108.35828840814006,pasar
-7.33311657473765,108.35883601589727,pasar
-7.3330824761310405,108.35929959489388,pasar
-7.332459966340565,108.35901798293489,pasar
-7.332534639234732,108.35823397395332,pasar
-6.963075756957853,107.56270427801853,pasar
-6.1789885,106.62633865,pasar
-6.186153673631184,106.59804359565067,pasar
-6.4232322944986775,106.72982128439831,pasar
-7.489811800000002,108.79167765,pasar
-7.48473715,108.79003355000002,pasar
-7.696862347786055,108.65479235896409,pasar
-7.507749951083815,108.78467311759793,pasar
-6.4666020502503185,106.85561276831635,pasar
-7.537938044506945,108.34859018280075,pasar
-7.5252082000000025,108.38106105000001,pasar
-6.266497922974804,106.46782110988042,pasar
-7.612072668080139,108.72488438671839,pasar
-7.698531610722015,108.65570809431661,pasar
-7.699489682268905,108.65629569598225,pasar
-7.701928289417116,108.65809761966194,pasar
-7.527380070194931,108.41421214627707,pasar
-7.675608747442174,108.61469586338704,pasar
-7.729272523602255,108.47313178470893,pasar
-7.681194359616079,108.54843516235809,pasar
-7.695399132405643,108.50152944156164,pasar
-7.79277774162463,108.33942726437715,pasar
-6.541759622664027,107.43743333888281,pasar
-6.306098327711697,106.9345335004495,pasar
-7.484861859840461,108.79355977044284,pasar
-7.489356949999996,108.7913429,pasar
-6.275299420669137,106.70032206845808,pasar
-7.4578870945035725,107.60073987748672,pasar
-6.1664060628989805,107.04583285285197,pasar
-7.035370097254011,107.71360616099416,pasar
-7.034855929029638,107.71361146719418,pasar
-7.034910341959279,107.71382285112564,pasar
-7.0350050759227,107.71404066637828,pasar
-6.892011225324512,107.6250579080703,pasar
-7.372983526082223,108.5451925777347,pasar
-6.83525673113309,108.230033812056,pasar
-6.33840943359332,107.1207724641705,pasar
-6.338212415623839,107.12184689692272,pasar
-7.035574749999999,107.71391550000001,pasar
-7.035614762058253,107.71349125590237,pasar
-6.845454349562575,107.92700965305706,pasar
-6.94131794453986,107.64040002775059,pasar
-6.466472138312652,107.04079726868538,pasar
-6.389156236876584,106.84853741117345,pasar
-6.280976550828616,107.00828806074456,pasar
-6.280976550828616,107.00828806074456,pasar
-6.283764593496907,107.00788680708213,pasar
-6.261385307461602,107.05533427258659,pasar
-6.346455143333119,106.75626052705509,pasar
-6.41013040668654,107.46097545546844,pasar
-6.409174834548657,107.46350287571565,pasar
-6.409260138991578,107.4590792616625,pasar
-7.1990231683411166,107.66955475359849,pasar
-6.316686845512981,107.01094234762402,pasar
-6.50247226047505,108.42717829816131,pasar
-6.4997267500000016,108.40699479999999,pasar
-6.241958042217319,107.04286014051966,pasar
-6.923383285498955,107.59556567255925,pasar
-6.94331779520797,107.58238870416031,pasar
-6.977286794916519,106.84976662368427,pasar
-6.25293479142508,106.59536792575797,pasar
-6.569138596020192,107.75921697954553,pasar
-6.56904087773008,107.75886235587328,pasar
-6.569023179908335,107.75832199806636,pasar
-6.569059822819777,107.7584677837875,pasar
-6.568947872743695,107.75855617875906,pasar
-6.568939649810312,107.75910968295752,pasar
-6.56889844624138,107.75874387768582,pasar
-6.568747729347598,107.75862102382706,pasar
-6.568871604188021,107.75858167288523,pasar
-6.568968030384206,107.75790021436268,pasar
-6.56894535,107.75777344999999,pasar
-6.568754451379818,107.75779812495651,pasar
-6.568765129288213,107.7579252279036,pasar
-6.173823138555029,106.64568883786112,pasar
-6.173119652005104,106.64320289632218,pasar
-6.093095900148848,106.75097297238682,pasar
-6.341380686472546,106.72505990697343,pasar
-6.56913576957591,107.75854422611226,pasar
-6.362659019525976,106.99098250430565,pasar
-6.713478199999999,108.55010209999998,pasar
-6.165517853104601,106.56743255162439,pasar
-6.206539521363394,107.0161836690054,pasar
-6.952245791307011,107.69818819016812,pasar
-6.179744296636762,106.82478861590558,pasar
-6.903138653057515,107.65676947424059,pasar
-6.24282015,106.75196965,pasar
-7.278691187339155,106.93650110291689,pasar
-7.2788194329393,106.93637921357626,pasar
-6.231228778474957,106.86583282110844,pasar
-6.3362105607908585,107.3423314745331,pasar
-6.265520470143173,106.97063143050002,pasar
-7.030985696591563,107.54023431646222,pasar
-6.917844210403958,107.59042166566483,pasar
-7.135189851267976,108.27023204022518,pasar
-7.1957830782024415,108.50364187299031,pasar
-7.456890211685867,108.52430872100949,pasar
-6.258588414543653,106.6755103772413,pasar
-7.100081913243786,107.70497815833953,pasar
-7.237696208063787,107.83285178977962,pasar
-7.262868086843696,107.82052749665901,pasar
-6.458571923603174,106.64915199828975,pasar
-6.229679771218554,107.00050368196223,pasar
-7.490184814203088,107.34454229809592,pasar
-7.334772017364216,107.32769056548959,pasar
-7.4535474711338345,107.14215672087619,pasar
-7.105780753095869,107.11953818530658,pasar
-6.573871699105449,106.76920008365694,pasar
-6.5708338,106.75651854999998,pasar
-6.387045211330675,106.63259231126523,pasar
-6.349415415162142,107.17971780826727,pasar
-6.205266307021005,106.65370952069863,pasar
-6.441938721919967,106.59756667721818,pasar
-6.505034709085185,106.6545765044715,pasar
-7.198413932885007,107.66965923124242,pasar
-6.81720177233405,107.62298322929617,pasar
-7.338964920515549,108.2033315334024,pasar
-6.170290338605896,107.17848224107827,pasar
-6.277701982053441,107.17734570048344,pasar
-6.564392759087194,106.86175213106009,pasar
-6.602799324883674,106.76674553654873,pasar
-6.380628111367746,107.03676523385474,pasar
-6.275990651644564,107.04344801720475,pasar
-6.550922746237929,106.69294126934427,pasar
-6.5513553114720535,106.69243027270197,pasar
-6.919067514686683,107.60868017018093,pasar
-6.819441027500826,107.61852719518761,pasar
-6.952219017178916,107.69820043144304,pasar
-6.91525081698814,107.58951315465657,pasar
-6.930847216016749,107.60072896888181,pasar
-6.505075588437297,106.77548186056129,pasar
-6.932393552359752,107.61545881250301,pasar
-7.0000404403474095,107.62996897194456,pasar
-6.173918505066651,106.95376840412116,pasar
-7.26928751837399,106.62413077135575,pasar
-6.973752018017202,106.82460753629458,pasar
-6.869396047838921,107.5428778473409,pasar
-6.180403850278742,106.4941733060218,pasar
-6.309265265866858,107.29497250194426,pasar
-6.06972196462645,106.64735228763278,pasar
-6.868583069669135,107.4644414068709,pasar
-6.313451912827024,106.74625883030431,pasar
-6.312516866835289,107.31608754781494,pasar
-6.183774805968647,106.70125014092218,pasar
-6.768758010443753,108.41551788473463,pasar
-6.911354840479086,107.59702488370559,pasar
-6.9318636666391455,107.62266777237878,pasar
-6.952894786963613,107.524045413259,pasar
-6.9262524647493375,107.64506422055905,pasar
-6.913749051767952,107.70242157293443,pasar
-7.028925154659405,107.52002779115377,pasar
-6.947952184214808,107.7061716382182,pasar
-6.9471406043682595,107.70586320276384,pasar
-6.967692535093633,107.57386228435026,pasar
-6.213466400386145,106.86251744282791,pasar
-6.975029152456798,107.56148579191319,pasar
-6.327562992872475,106.7257695637353,pasar
