lat,lon,kategori
-6.8869435,107.5811614,restoran
-6.8873695,107.5816872,restoran
-6.8815495,107.5944013,restoran
-6.8807109,107.5959997,restoran
-6.8715552,107.5940509,restoran
-6.8858733,107.5962969,restoran
-6.8752093,107.5964539,restoran
-6.8843694,107.6012683,restoran
-6.9027926,107.5978878,restoran
-6.8977742,107.6036158,restoran
-6.8799127,107.5838387,restoran
-6.9058695,107.5931889,restoran
-6.9057417,107.6176217,restoran
-6.8914029,107.61281,restoran
-6.8990133,107.6195912,restoran
-6.8990098,107.6197139,restoran
-6.9018456,107.6214397,restoran
-6.9055352,107.6271646,restoran
-6.8668218,107.6090526,restoran
-6.8760243,106.7761504,restoran
-6.5305237,106.7667922,restoran
-6.2315654,106.8091207,restoran
-6.1853139,106.8292687,restoran
-6.5720007,106.8082113,restoran
-6.5911789,106.8028559,restoran
-6.6053607,106.8127067,restoran
-6.2270548,106.8188215,restoran
-6.9167625,107.6183923,restoran
-6.9027613,107.6104139,restoran
-6.9009918,107.6134343,restoran
-6.9126453,107.5983597,restoran
-6.898751,107.6030848,restoran
-6.243612,106.8112063,restoran
-6.3728137,106.8333305,restoran
-6.8867215,107.6167462,restoran
-6.8872957,107.6138988,restoran
-6.8972541,107.6147191,restoran
-6.8968401,107.6152372,restoran
-6.8982722,107.6369137,restoran
-6.1892346,106.7963777,restoran
-6.1887754,106.7966001,restoran
-6.8837407,107.6148998,restoran
-6.2216971,106.8328855,restoran
-6.2179322,106.8352926,restoran
-6.217509,106.8351981,restoran
-6.2176167,106.8352278,restoran
-6.2206146,106.8325406,restoran
-6.3609294,106.8332271,restoran
-6.8682748,107.5938519,restoran
-6.8823595,107.5758245,restoran
-6.8823742,107.5762796,restoran
-6.873753,107.5957989,restoran
-6.8744394,107.5962776,restoran
-6.8703438,107.5917527,restoran
-6.8831642,107.6025761,restoran
-6.8828983,107.6005782,restoran
-6.8938944,107.6089033,restoran
-6.8716969,107.5941246,restoran
-6.9010333,107.6016546,restoran
-6.218784,106.8342014,restoran
-6.2274971,106.8256943,restoran
-6.6070856,106.8102285,restoran
-6.6177653,106.8148144,restoran
-6.6179063,106.8202802,restoran
-6.6182362,106.8205657,restoran
-6.6166434,106.814486,restoran
-6.6175387,106.8204779,restoran
-6.6183985,106.8158036,restoran
-6.8934997,107.6050826,restoran
-6.3424744,106.7249438,restoran
-7.3442763,108.2233482,restoran
-6.256858,106.6200212,restoran
-6.6115584,106.8146393,restoran
-6.7707908,106.7779571,restoran
-6.2073613,106.8276206,restoran
-6.5961048,106.8046329,restoran
-6.3940829,106.8144184,restoran
-6.3991028,106.8206376,restoran
-6.3612849,106.8337431,restoran
-6.3611638,106.833277,restoran
-6.3618419,106.8333779,restoran
-6.3634229,106.8335068,restoran
-6.3663551,106.8334878,restoran
-6.3715716,106.8967083,restoran
-6.3680324,106.8338964,restoran
-6.3679445,106.8342609,restoran
-6.3674045,106.8351249,restoran
-6.9738431,108.5283856,restoran
-6.9735929,108.526889,restoran
-6.3470112,106.750643,restoran
-6.3471974,106.7487806,restoran
-6.1989263,106.8857661,restoran
-6.2013183,106.8857998,restoran
-6.2011358,106.8858153,restoran
-6.1970682,106.8862437,restoran
-6.2007422,106.8858317,restoran
-6.3754953,106.8973198,restoran
-6.2435573,106.9343356,restoran
-6.8825278,107.5802874,restoran
-6.9576638,106.4863037,restoran
-6.2216833,106.83293,restoran
-6.2216817,106.8330017,restoran
-6.2217055,106.832812,restoran
-6.2216769,106.8329619,restoran
-6.2216182,106.8333687,restoran
-6.2181548,106.8345863,restoran
-6.2178965,106.8345593,restoran
-6.2186576,106.835003,restoran
-6.218346,106.8352004,restoran
-6.217655,106.8347415,restoran
-6.2184859,106.8348267,restoran
-6.2176986,106.8352477,restoran
-6.2175912,106.8347584,restoran
-6.2177623,106.8349136,restoran
-6.8939367,107.6050187,restoran
-6.8959285,107.6031089,restoran
-6.8113108,107.5998908,restoran
-6.6088129,106.8165549,restoran
-6.2550113,106.8093074,restoran
-6.9009712,107.6125356,restoran
-6.2174601,106.8166673,restoran
-6.3447093,106.7577248,restoran
-6.4674901,106.8030953,restoran
-6.6117358,106.8151828,restoran
-6.4055077,106.7471636,restoran
-6.4032852,106.766631,restoran
-6.2435912,106.6177823,restoran
-6.8689658,107.5939841,restoran
-6.1346378,106.8123495,restoran
-6.2088121,106.8267782,restoran
-6.1164866,106.7620997,restoran
-6.1615105,106.8338961,restoran
-6.2239344,106.8515147,restoran
-6.1213446,106.8409451,restoran
-6.1189012,106.8477316,restoran
-6.1973908,106.8238871,restoran
-6.2505445,106.7979146,restoran
-6.4213652,106.8584883,restoran
-6.22492,106.801425,restoran
-6.1965871,106.8828857,restoran
-6.8561749,107.5958927,restoran
-6.7230684,107.0240448,restoran
-6.2790461,106.7183377,restoran
-6.2330083,106.8312451,restoran
-6.2967003,106.7114046,restoran
-6.296599,106.7120376,restoran
-6.2607344,106.7505085,restoran
-6.6311164,106.8249121,restoran
-6.6107617,106.8116489,restoran
-6.816085,107.589551,restoran
-6.9267334,107.6132906,restoran
-6.924869,107.6196988,restoran
-6.8879183,107.615515,restoran
-6.9599589,106.4877846,restoran
-6.2178927,106.8372392,restoran
-6.1346457,106.8322389,restoran
-6.9198235,107.6170063,restoran
-6.9230613,107.6131868,restoran
-6.8880195,107.6016212,restoran
-6.8936141,107.6057343,restoran
-6.8696348,107.6202679,restoran
-6.8476429,107.6275129,restoran
-6.9067229,107.6208472,restoran
-6.9069786,107.6208901,restoran
-6.907068,107.6200544,restoran
-6.9071277,107.6196671,restoran
-6.9104934,107.6184011,restoran
-6.8937286,107.6050758,restoran
-6.8931108,107.6050973,restoran
-6.9110685,107.6267052,restoran
-7.7035403,108.6562657,restoran
-6.2277225,106.8548632,restoran
-6.2275834,106.8551233,restoran
-6.2277934,106.8552056,restoran
-6.2272402,106.8548485,restoran
-6.227208,106.8549559,restoran
-6.226385,106.8549625,restoran
-6.4194846,106.7546711,restoran
-6.6216968,106.8162432,restoran
-6.4490208,106.7347991,restoran
-6.3409594,106.9449806,restoran
-6.3289632,106.9462011,restoran
-6.3172675,106.9713913,restoran
-6.2927425,106.9599661,restoran
-6.6043218,106.7960939,restoran
-6.187781,106.824934,restoran
-6.2798912,106.8156789,restoran
-6.265305,106.8203852,restoran
-6.1660637,106.791354,restoran
-6.2554347,106.8095558,restoran
-6.2330142,106.8123941,restoran
-6.2395341,106.8064072,restoran
-6.2418567,106.8101246,restoran
-6.9052749,107.5961955,restoran
-6.3291014,106.9532525,restoran
-6.5741807,106.7967775,restoran
-6.9747782,108.5152029,restoran
-6.5928925,106.7876692,restoran
-6.5933455,106.7877148,restoran
-6.5929112,106.7879053,restoran
-6.5929278,106.7868914,restoran
-6.593111,106.7875646,restoran
-6.5954035,106.7874391,restoran
-6.5956822,106.7880877,restoran
-6.9112066,107.6273321,restoran
-6.9219862,106.9240362,restoran
-6.2194937,106.8342823,restoran
-6.2442229,106.6500883,restoran
-6.2435527,106.6509757,restoran
-6.9196306,107.5935729,restoran
-6.3665657,106.8281579,restoran
-6.8942667,107.610979,restoran
-6.8903481,107.6087349,restoran
-6.8905771,107.6093626,restoran
-6.8917009,107.6116156,restoran
-6.8883084,107.6088476,restoran
-6.1114255,106.7414367,restoran
-6.1126562,106.7429026,restoran
-6.112525,106.7364994,restoran
-6.2775588,106.8274536,restoran
-6.8792672,107.6127822,restoran
-6.8898807,107.6172141,restoran
-6.9256802,107.6276337,restoran
-6.247904,106.8005381,restoran
-6.9169297,107.6093123,restoran
-6.3942559,106.7887477,restoran
-6.3737018,106.8355764,restoran
-6.2551524,106.7903093,restoran
-6.2804838,107.0870162,restoran
-6.254737,106.7908035,restoran
-6.2551887,106.7905731,restoran
-6.2554909,106.7904439,restoran
-6.2579438,106.7896952,restoran
-6.2584532,106.7895656,restoran
-6.2588271,106.7894894,restoran
-6.2587277,106.7892235,restoran
-6.2590113,106.789425,restoran
-6.2590713,106.7894112,restoran
-6.259798,106.7892358,restoran
-6.2541566,106.7910208,restoran
-6.2531902,106.7911885,restoran
-6.253142,106.7911931,restoran
-6.2525119,106.7911077,restoran
-6.2514263,106.7916422,restoran
-6.249075,106.7916336,restoran
-6.2483613,106.7920868,restoran
-6.8799982,107.7562654,restoran
-6.1912165,106.8375268,restoran
-6.8448579,107.6541334,restoran
-6.869891,107.5934101,restoran
-6.1968181,106.8226374,restoran
-6.9188476,107.6067686,restoran
-6.4256644,106.7323462,restoran
-6.3015422,106.8370555,restoran
-6.9065307,107.6146911,restoran
-6.9115054,107.6272212,restoran
-6.9167335,107.6307076,restoran
-6.9136255,107.6289496,restoran
-6.9161351,107.6304057,restoran
-6.9287447,107.6222637,restoran
-6.1222761,106.6532366,restoran
-6.0863904,106.7232094,restoran
-6.3095654,106.9327673,restoran
-6.0989064,106.6872299,restoran
-6.107678,106.7805287,restoran
-6.3855851,106.7409582,restoran
-6.6032119,106.8134231,restoran
-6.2731544,106.7234747,restoran
-6.8410552,107.9258132,restoran
-6.839925,107.9257604,restoran
-6.8444906,107.9246209,restoran
-6.8441938,107.9250245,restoran
-6.8547513,107.9224284,restoran
-6.8546963,107.9221264,restoran
-6.835968,107.9296967,restoran
-6.5141296,106.8632962,restoran
-6.5141807,106.8632472,restoran
-6.1868651,106.8266123,restoran
-6.5890661,107.4326756,restoran
-6.2272846,106.8095795,restoran
-6.3046689,106.8500032,restoran
-6.1950822,106.8202796,restoran
-6.1951302,106.8203292,restoran
-6.1952022,106.8203507,restoran
-6.1951716,106.8201241,restoran
-6.1950706,106.8201241,restoran
-6.293984,106.8158512,restoran
-6.8838733,107.6150099,restoran
-6.9686676,108.5060236,restoran
-6.9695036,108.5060315,restoran
-6.8986257,107.613195,restoran
-6.9031083,107.6154995,restoran
-6.9045738,107.6140864,restoran
-6.9045936,107.6141887,restoran
-6.9046556,107.6141388,restoran
-6.919286,107.6169434,restoran
-6.9007525,107.5970316,restoran
-6.8964177,107.595882,restoran
-6.2574201,106.8531174,restoran
-6.8782448,107.6169053,restoran
-6.878149,107.6169412,restoran
-6.8846311,107.6140131,restoran
-6.8803626,107.6163564,restoran
-6.8811193,107.6161344,restoran
-6.8786715,107.616787,restoran
-6.8804359,107.6163385,restoran
-6.8811754,107.6161217,restoran
-6.8787037,107.6167785,restoran
-6.8788817,107.6167362,restoran
-6.8845352,107.6135695,restoran
-6.8834273,107.6147436,restoran
-6.8767404,107.6179507,restoran
-6.8745715,107.6191251,restoran
-6.8745072,107.6191486,restoran
-6.8746857,107.6190813,restoran
-6.8674478,107.6209107,restoran
-6.8717491,107.620125,restoran
-6.8675629,107.6208871,restoran
-6.8698557,107.6205977,restoran
-6.8699337,107.6204523,restoran
-6.8734448,107.6196056,restoran
-7.3143973,107.7218466,restoran
-6.867961,107.620412,restoran
-6.8677746,107.6204866,restoran
-6.926744,107.6276202,restoran
-6.9027187,107.6136333,restoran
-6.9194536,107.6161559,restoran
-6.9026858,107.5973876,restoran
-6.8966337,107.5970159,restoran
-6.8967854,107.5970217,restoran
-6.2282169,106.855643,restoran
-6.2248596,106.8553326,restoran
-6.224826,106.8531475,restoran
-6.2242716,106.8528602,restoran
-6.2239976,106.8516889,restoran
-6.2413781,106.8473812,restoran
-6.8951185,107.5880348,restoran
-6.6358412,106.7938993,restoran
-6.2254253,106.8098871,restoran
-6.9492594,107.7621724,restoran
-6.1760647,106.8597668,restoran
-6.1867724,106.8235694,restoran
-6.1887788,106.8243119,restoran
-6.3009357,106.8996938,restoran
-6.893351,107.6051095,restoran
-6.8594667,107.5950246,restoran
-6.8975809,107.6121376,restoran
-6.8969429,107.5907416,restoran
-6.2731416,106.7582321,restoran
-6.2702117,106.7395226,restoran
-6.1445119,106.893057,restoran
-6.154719,106.891191,restoran
-6.1587725,106.9070687,restoran
-6.868265,107.6091207,restoran
-6.8679495,107.6073027,restoran
-6.2651474,106.885027,restoran
-6.2536255,106.8002819,restoran
-6.184055,106.8303978,restoran
-6.2240872,106.8095394,restoran
-6.1763764,106.8726097,restoran
-6.8805774,107.5942858,restoran
-6.8799945,107.5940974,restoran
-6.2005439,106.8528692,restoran
-6.2507752,106.8095649,restoran
-6.2077644,106.8284283,restoran
-6.1697786,106.78288,restoran
-6.1879102,106.8369072,restoran
-6.2094418,106.8261734,restoran
-6.2225456,106.8213808,restoran
-6.2259636,106.8585708,restoran
-6.1860453,106.8251691,restoran
-6.225605,106.8567311,restoran
-6.2412502,106.7899659,restoran
-6.1616561,106.8309996,restoran
-6.1465915,106.8156635,restoran
-6.2148543,106.8281743,restoran
-6.1769388,106.8000254,restoran
-6.2267713,106.8069544,restoran
-6.1877561,106.8297848,restoran
-6.2088213,106.8268464,restoran
-6.1927241,106.7578011,restoran
-6.2414782,106.8395348,restoran
-6.3730083,106.833266,restoran
-6.246085,106.7984528,restoran
-6.2264938,106.8068159,restoran
-6.1702835,106.9034437,restoran
-6.2327789,106.6310079,restoran
-6.1942131,106.8361732,restoran
-6.1014626,106.8000132,restoran
-6.1894626,106.8241815,restoran
-6.2476581,106.625462,restoran
-6.229573,106.5881,restoran
-6.1569411,106.8187962,restoran
-6.1769221,106.8309481,restoran
-6.8543222,107.5957541,restoran
-6.2308686,106.80762,restoran
-6.2309793,106.8083697,restoran
-6.2312486,106.8088713,restoran
-6.2310538,106.8091174,restoran
-6.2309579,106.8089263,restoran
-6.232335,106.8111315,restoran
-6.2313378,106.809081,restoran
-6.1989294,106.8397485,restoran
-6.2313546,106.8090684,restoran
-6.2311033,106.8092544,restoran
-6.2296822,106.8044217,restoran
-6.2311646,106.8093845,restoran
-6.2324926,106.811368,restoran
-6.2329819,106.812233,restoran
-6.2328099,106.8115074,restoran
-6.2305488,106.8079348,restoran
-6.232562,106.8111911,restoran
-6.2329417,106.8116828,restoran
-6.2325092,106.8111242,restoran
-6.2819345,106.7293331,restoran
-6.2329487,106.812977,restoran
-6.2329359,106.8128572,restoran
-6.9190972,107.6153692,restoran
-6.8875201,107.6127573,restoran
-6.9010104,107.6123933,restoran
-6.9173914,107.6133076,restoran
-6.9284008,107.6240018,restoran
-6.3975785,106.8066323,restoran
-6.159948,106.8168912,restoran
-6.4777937,106.839406,restoran
-6.6662221,108.06682,restoran
-6.6884624,106.9595327,restoran
-6.188837,106.824557,restoran
-7.7350713,108.4582754,restoran
-6.9049365,107.6227839,restoran
-6.9019264,107.6214808,restoran
-6.8672236,107.6060351,restoran
-6.5871937,106.8029447,restoran
-6.8856245,107.5962474,restoran
-6.8198496,107.5862634,restoran
-6.9653246,107.5794773,restoran
-6.8268358,107.607461,restoran
-6.8611951,107.5953286,restoran
-6.9205607,107.614136,restoran
-6.9084176,107.6241097,restoran
-6.9145571,107.6295973,restoran
-6.9047843,107.6165469,restoran
-6.9064702,107.615994,restoran
-6.8710838,107.6076398,restoran
-6.9055992,107.616762,restoran
-6.8742543,107.6192351,restoran
-6.905619,107.6167643,restoran
-6.8810535,107.5983139,restoran
-6.8799997,107.5981916,restoran
-6.8677255,107.5938724,restoran
-6.8755338,107.5966884,restoran
-6.9167187,107.613811,restoran
-6.924126,107.6118868,restoran
-6.914155,107.6135284,restoran
-6.8791733,107.6009453,restoran
-6.9104912,107.6306581,restoran
-6.9151627,107.5982134,restoran
-6.8321973,107.5953011,restoran
-6.8748841,107.6188318,restoran
-6.8810858,107.5986064,restoran
-6.8826195,107.5964138,restoran
-6.9039231,107.5989336,restoran
-6.9204002,107.6002017,restoran
-6.9216518,107.6003966,restoran
-6.8679701,107.6286286,restoran
-6.8631564,107.6288477,restoran
-6.9185493,107.6096852,restoran
-6.8797792,107.5984107,restoran
-6.8810021,107.5982247,restoran
-6.9097236,107.5977039,restoran
-6.9379902,107.6193999,restoran
-6.9095532,107.5976897,restoran
-6.905355,107.6104147,restoran
-6.1498173,106.8179151,restoran
-6.9153616,107.5982452,restoran
-6.9072846,107.6190397,restoran
-6.9124832,107.5992553,restoran
-6.9124458,107.5983485,restoran
-6.9123909,107.6011252,restoran
-6.9125398,107.6038437,restoran
-6.9043132,107.6237201,restoran
-6.9111906,107.6271109,restoran
-6.8775851,107.5895741,restoran
-6.9154611,107.629507,restoran
-6.8628549,107.6295709,restoran
-6.9159462,107.6678531,restoran
-6.9018086,107.5973555,restoran
-6.9211852,107.6170492,restoran
-6.889864,107.5969999,restoran
-6.9011504,107.6134266,restoran
-6.9051622,107.6095953,restoran
-6.9127336,107.6289424,restoran
-6.9000351,107.6115953,restoran
-6.9022555,107.6044599,restoran
-6.9118683,107.5779293,restoran
-6.9130997,107.6262194,restoran
-6.8999,107.611426,restoran
-6.8926493,107.6144085,restoran
-6.8959401,107.6031687,restoran
-6.8997957,107.6115847,restoran
-6.9051254,107.6223404,restoran
-6.9016748,107.6250691,restoran
-6.9268716,107.6193988,restoran
-6.8548349,107.5959097,restoran
-6.8802525,107.5806276,restoran
-6.905339,107.6135667,restoran
-6.899456,107.6106804,restoran
-6.9164865,107.6136019,restoran
-6.8869718,107.603936,restoran
-6.8815585,107.5757293,restoran
-6.9639551,107.5772567,restoran
-6.9656134,107.5763951,restoran
-6.9678738,107.575379,restoran
-6.9635574,107.5653165,restoran
-6.8768509,107.604058,restoran
-6.9639867,107.5644016,restoran
-6.9617036,107.5584851,restoran
-6.9597287,107.5605413,restoran
-6.9574629,107.5615028,restoran
-6.9568387,107.561661,restoran
-6.956099,107.5615567,restoran
-6.9538094,107.5623899,restoran
-6.9607296,107.5570812,restoran
-6.9628238,107.5558687,restoran
-6.9650043,107.5548327,restoran
-6.8816289,107.5816811,restoran
-6.8810961,107.581227,restoran
-6.8634983,107.6339147,restoran
-6.9202649,107.599052,restoran
-6.8919365,107.6175378,restoran
-6.9489967,107.6234324,restoran
-6.8958519,107.5893761,restoran
-6.9021588,107.5975823,restoran
-6.9027733,107.6026978,restoran
-6.8968528,107.6037639,restoran
-6.9330981,107.6254099,restoran
-6.9352035,107.6247857,restoran
-6.9257329,107.6201892,restoran
-6.9106044,107.5979615,restoran
-6.9104931,107.5979568,restoran
-6.9093991,107.597875,restoran
-6.908961,107.5978563,restoran
-6.9129657,107.597758,restoran
-6.9156161,107.5982369,restoran
-6.9162559,107.597541,restoran
-6.9164135,107.5968616,restoran
-6.9172755,107.5981687,restoran
-6.9173543,107.5981524,restoran
-6.9182827,107.5931426,restoran
-6.919323,107.5929285,restoran
-6.918928,107.5889867,restoran
-6.9370934,107.5954123,restoran
-6.9493489,107.6254604,restoran
-6.9204135,107.5927319,restoran
-6.9150458,107.5965701,restoran
-6.902495,107.6093707,restoran
-6.900301,107.6092063,restoran
-6.8885603,107.6137119,restoran
-6.8895762,107.5990536,restoran
-6.8810304,107.5825971,restoran
-6.96392,107.56327,restoran
-6.9641564,107.5662142,restoran
-6.9651681,107.5688564,restoran
-6.9105624,107.6276613,restoran
-6.911497,107.6276506,restoran
-6.8994995,107.63409,restoran
-6.8986559,107.6338765,restoran
-6.8980078,107.6347887,restoran
-6.8954547,107.6346062,restoran
-6.8876325,107.6154079,restoran
-6.890292,107.6079525,restoran
-6.8874739,107.6132269,restoran
-6.890525,107.6169022,restoran
-6.8922074,107.6176016,restoran
-6.8924156,107.6153131,restoran
-6.8948256,107.6173147,restoran
-6.8976182,107.6156768,restoran
-6.8981525,107.6149453,restoran
-6.8990246,107.6194663,restoran
-6.9195683,107.5927733,restoran
-6.9195066,107.5939635,restoran
-6.9198568,107.5954646,restoran
-6.9199557,107.5963305,restoran
-6.975454,107.6331073,restoran
-6.8982719,107.6435216,restoran
-6.8983404,107.6436331,restoran
-6.89895,107.6434172,restoran
-6.8991169,107.6435269,restoran
-6.8668806,107.5937278,restoran
-6.8677159,107.5936571,restoran
-6.8686153,107.5937916,restoran
-6.8689556,107.593519,restoran
-6.8713736,107.594601,restoran
-6.8707908,107.5937423,restoran
-6.8747901,107.5964663,restoran
-6.8794456,107.5964269,restoran
-6.8791683,107.5960754,restoran
-6.8809958,107.5972527,restoran
-6.91908,107.6125521,restoran
-6.9053771,107.6009336,restoran
-6.9038425,107.600752,restoran
-6.9663341,107.5757499,restoran
-6.361233,106.8253511,restoran
-6.1792228,106.8024512,restoran
-7.3007359,108.762477,restoran
-6.9039846,107.6672996,restoran
-6.7150725,108.5547178,restoran
-7.7502376,108.5024925,restoran
-6.9040985,107.5794215,restoran
-6.9104109,107.6260611,restoran
-7.305449,108.2043531,restoran
-6.8423415,107.6228747,restoran
-6.9320455,107.6252304,restoran
-6.9062252,107.6159166,restoran
-6.8939186,107.6054344,restoran
-6.9090714,107.6257541,restoran
-6.8989615,107.6050417,restoran
-6.9167985,107.6092222,restoran
-6.9092255,107.6249998,restoran
-6.8873777,107.60234,restoran
-6.9448984,107.6305201,restoran
-6.1509221,106.8168663,restoran
-6.1161546,106.7769155,restoran
-6.5650092,106.8414333,restoran
-6.8825002,107.5997553,restoran
-6.8829404,107.5992425,restoran
-6.8829031,107.6000043,restoran
-6.8937427,107.5868538,restoran
-6.9116564,107.6268819,restoran
-6.9070587,107.6237299,restoran
-6.2286897,106.6068449,restoran
-6.9045876,107.6175664,restoran
-6.9001488,107.6094398,restoran
-6.9043768,107.6119068,restoran
-6.1458525,106.5929305,restoran
-6.1110769,106.7373337,restoran
-6.1112607,106.7381818,restoran
-6.1469677,106.5903672,restoran
-6.1482503,106.591167,restoran
-6.2455555,106.6238488,restoran
-6.2778592,106.990893,restoran
-6.2761439,106.9882017,restoran
-6.275668,106.9875335,restoran
-6.2766703,106.9890185,restoran
-6.2769531,106.9894926,restoran
-6.8979509,107.6137089,restoran
-6.897885,107.6138041,restoran
-6.9190188,107.6078605,restoran
-6.9207251,107.5984722,restoran
-6.9229988,107.5985499,restoran
-6.1671634,106.8275122,restoran
-6.1081021,106.780416,restoran
-6.2278731,106.6076719,restoran
-6.2293443,106.8532139,restoran
-6.3213575,107.0158347,restoran
-6.3096197,107.0226203,restoran
-6.3099573,107.0222423,restoran
-6.2903261,106.8179033,restoran
-6.2863293,106.8188396,restoran
-6.28738,106.8184534,restoran
-6.3143264,107.0214921,restoran
-6.3094622,107.0228867,restoran
-6.308276,107.027134,restoran
-6.417661,106.8271407,restoran
-6.2850804,106.8184911,restoran
-6.2864637,106.8188982,restoran
-6.5626863,106.7322137,restoran
-6.5627784,106.7323636,restoran
-6.5615504,106.7319764,restoran
-6.2874105,106.8186375,restoran
-6.974414,107.6326913,restoran
-6.97448,107.633288,restoran
-6.1904005,106.8379625,restoran
-6.1462193,106.8146949,restoran
-6.1530577,106.8536545,restoran
-6.9052744,107.6141365,restoran
-6.7191832,108.5594807,restoran
-6.7178597,108.5585757,restoran
-6.721655,108.5623559,restoran
-6.759273,108.5324991,restoran
-6.7770214,108.5205807,restoran
-6.7791801,108.5229827,restoran
-6.781544,108.521215,restoran
-6.7908069,108.522147,restoran
-6.9073948,107.5833286,restoran
-6.7110003,108.5383609,restoran
-6.7104513,108.5388282,restoran
-6.7238676,108.5506737,restoran
-6.3178642,106.9375205,restoran
-6.9084123,107.6181452,restoran
-6.2920208,106.8813688,restoran
-6.9248012,107.6199116,restoran
-6.9058067,107.5968488,restoran
-6.9064034,107.6143573,restoran
-6.8933618,107.6057065,restoran
-6.3553966,106.8485253,restoran
-6.9202633,107.6017398,restoran
-6.887541,107.5968379,restoran
-6.8999911,107.6039898,restoran
-6.9021861,107.6247453,restoran
-6.8939783,107.586321,restoran
-7.5221475,108.2685638,restoran
-7.2145038,108.1907837,restoran
-6.148248,106.8302009,restoran
-6.1491304,106.8222,restoran
-6.2290705,106.6336872,restoran
-6.2399756,106.6291016,restoran
-6.2381494,106.6299035,restoran
-6.2456388,106.6279348,restoran
-6.2433053,106.6155872,restoran
-6.232621,106.6320085,restoran
-6.2517638,106.6250618,restoran
-6.2346319,106.8673898,restoran
-6.9185448,107.6155488,restoran
-6.2708337,106.9716124,restoran
-6.164088,106.7954321,restoran
-6.1505904,106.7858957,restoran
-6.6525953,106.908626,restoran
-6.3919751,107.0012017,restoran
-6.6065947,106.8103853,restoran
-6.2278246,106.8095501,restoran
-6.1216787,106.6526132,restoran
-6.1217313,106.6527967,restoran
-6.2857629,106.9044948,restoran
-6.1507078,106.7141138,restoran
-6.1509484,106.7141812,restoran
-6.1976182,106.8366989,restoran
-6.3665593,106.8343005,restoran
-6.8952024,107.6022782,restoran
-6.0976361,106.7909354,restoran
-6.0974931,106.7909426,restoran
-6.2415674,106.8135115,restoran
-7.1950664,107.8808192,restoran
-6.418102,107.0296185,restoran
-6.194264,106.8205525,restoran
-6.2221557,106.8694858,restoran
-6.2329667,106.8568241,restoran
-6.1108335,106.7375616,restoran
-6.209985,106.8197333,restoran
-7.2155923,107.9000416,restoran
-7.7011455,108.657896,restoran
-7.6914825,108.6478526,restoran
-7.6913744,108.6477725,restoran
-6.195348,106.8400263,restoran
-6.1216134,106.7884894,restoran
-6.1392897,106.8253134,restoran
-6.4717694,107.4804409,restoran
-6.8780412,107.5773986,restoran
-6.9980342,108.4582683,restoran
-6.3187256,107.0141695,restoran
-6.9528421,107.6277228,restoran
-6.0987084,106.9640543,restoran
-6.607045,106.8016673,restoran
-6.8982686,107.6173956,restoran
-6.9023115,107.6135993,restoran
-6.1470612,106.8183174,restoran
-6.1874979,106.8305465,restoran
-6.1871799,106.8309693,restoran
-6.329031,106.9191729,restoran
-6.5888826,106.8026789,restoran
-6.2255888,106.807934,restoran
-6.8903288,107.5961947,restoran
-6.8903231,107.5963214,restoran
-6.889655,107.5960529,restoran
-6.8890381,107.5960491,restoran
-6.8884652,107.5960213,restoran
-6.8903255,107.5962561,restoran
-6.8903206,107.5963924,restoran
-6.889791,107.5960614,restoran
-6.8887545,107.5960331,restoran
-6.8903808,107.5964328,restoran
-6.8883223,107.5961745,restoran
-6.888838,107.5960375,restoran
-6.8902714,107.5960569,restoran
-6.1194294,106.6642867,restoran
-6.1186428,106.6654426,restoran
-6.1185582,106.6656506,restoran
-6.118267,106.6663241,restoran
-6.1186707,106.6653758,restoran
-6.1185065,106.665774,restoran
-6.1180995,106.667765,restoran
-6.1942098,106.8685064,restoran
-6.1631371,106.8266168,restoran
-6.9195711,107.6157894,restoran
-6.8917426,107.6044205,restoran
-6.8846654,107.6073974,restoran
-6.8914629,107.6043639,restoran
-6.8650516,107.5942055,restoran
-6.8168414,107.6127033,restoran
-6.818246,107.6194735,restoran
-6.885523,108.4999329,restoran
-6.8845688,108.4996664,restoran
-6.1868555,106.8252421,restoran
-6.4210998,106.8616993,restoran
-6.3018561,106.6714538,restoran
-6.2997159,106.6694094,restoran
-6.2023726,106.8014933,restoran
-6.2416411,106.8102194,restoran
-6.2384342,106.8141246,restoran
-6.2408475,106.8102759,restoran
-6.2429134,106.8097437,restoran
-6.2429628,106.8097088,restoran
-7.6920566,108.6491489,restoran
-6.2513497,106.7916688,restoran
-6.8347633,108.2267445,restoran
-6.9468855,107.6384563,restoran
-6.94702,107.6382191,restoran
-6.1227611,106.8889888,restoran
-6.285436,107.2815549,restoran
-6.1438323,106.7343591,restoran
-6.1404387,106.8573009,restoran
-6.1371377,106.7326699,restoran
-6.192862,106.8215615,restoran
-6.3917161,106.8210002,restoran
-6.188393,106.7379928,restoran
-6.9045335,107.5993145,restoran
-6.1442494,106.6311423,restoran
-6.2212432,106.8267116,restoran
-6.2210934,106.8236427,restoran
-6.1467403,106.7320455,restoran
-6.3724187,106.8494157,restoran
-6.3723396,106.8492967,restoran
-7.6917207,108.6515866,restoran
-6.1902268,106.8587515,restoran
-6.1166622,106.7786307,restoran
-6.2051847,106.8169863,restoran
-6.971242,107.7609744,restoran
-6.4816473,106.8111818,restoran
-6.1109982,106.7373982,restoran
-7.6891868,108.6460896,restoran
-7.6929261,108.6549187,restoran
-6.1860529,106.8250799,restoran
-6.1368609,106.8115175,restoran
-6.1512736,106.8256801,restoran
-6.1698464,106.8299021,restoran
-6.1650995,106.7812353,restoran
-6.2653277,106.8851529,restoran
-6.1550342,106.8177241,restoran
-6.7145538,108.5028056,restoran
-6.7147137,108.5031597,restoran
-6.7180636,108.5021373,restoran
-6.7178771,108.5019764,restoran
-6.1871338,106.8212355,restoran
-6.1930442,106.8039753,restoran
-6.1981857,106.782401,restoran
-6.8926072,107.5852302,restoran
-6.9085032,107.5984194,restoran
-6.8783734,107.5963943,restoran
-7.6822131,108.6036498,restoran
-6.1415848,106.8130708,restoran
-6.1715963,106.7764827,restoran
-6.1733524,106.7835065,restoran
-6.1403109,106.8324375,restoran
-6.9016624,107.597561,restoran
-6.9044343,107.597659,restoran
-6.893814,107.6057222,restoran
-6.8942378,107.6056125,restoran
-6.8939722,107.6057199,restoran
-6.8941224,107.6056536,restoran
-6.9084924,107.6225601,restoran
-6.9086216,107.6247886,restoran
-6.8948961,107.5891041,restoran
-6.9105912,107.6261648,restoran
-6.9005394,107.6030518,restoran
-6.9227199,107.6077303,restoran
-6.8662192,107.609991,restoran
-6.9183508,107.6138211,restoran
-6.1413553,106.8134157,restoran
-6.8970431,107.5914757,restoran
-6.1444214,106.8674778,restoran
-6.3017861,106.6538128,restoran
-6.3018483,106.6539512,restoran
-6.1834457,106.8236983,restoran
-7.6950169,108.6578815,restoran
-6.1357786,106.805866,restoran
-6.6796502,106.9311443,restoran
-6.1834966,106.8207216,restoran
-6.1423544,106.8135957,restoran
-6.2581698,106.7364036,restoran
-6.2590723,106.7366154,restoran
-6.2610799,106.7388631,restoran
-6.2599602,106.7405838,restoran
-6.2601881,106.7474234,restoran
-6.2597909,106.7454748,restoran
-7.2169454,107.9061744,restoran
-7.2156768,107.9056043,restoran
-6.2363521,106.8470975,restoran
-7.2660128,107.9124207,restoran
-7.3118237,107.7824746,restoran
-7.7502824,108.5025517,restoran
-6.3998165,106.9761481,restoran
-6.6616487,107.1969968,restoran
-7.7502564,108.5024201,restoran
-7.4402976,108.1951607,restoran
-7.7469141,108.4973798,restoran
-7.750288,108.5022825,restoran
-6.1842447,106.8111636,restoran
-7.6487616,108.5380219,restoran
-7.6713021,108.5576805,restoran
-7.6848468,108.6230416,restoran
-6.118406,106.6660077,restoran
-6.2544272,106.8025946,restoran
-6.9062762,107.590788,restoran
-6.3459065,107.165363,restoran
-6.1494667,106.8185575,restoran
-6.9570164,106.486083,restoran
-6.1744639,106.7782489,restoran
-6.1866519,106.821187,restoran
-6.9174178,107.6092353,restoran
-6.9169772,107.608836,restoran
-6.9170955,107.6087448,restoran
-6.9171422,107.6085855,restoran
-6.917202,107.608385,restoran
-6.91746,107.6094194,restoran
-6.9176115,107.6092962,restoran
-6.9173678,107.6093892,restoran
-6.9171028,107.6083528,restoran
-6.9169993,107.6087546,restoran
-6.9382735,107.7344244,restoran
-7.0163893,107.8814875,restoran
-6.9661835,107.8108961,restoran
-7.012065,107.873956,restoran
-6.9266622,107.7105839,restoran
-6.887513,107.612487,restoran
-6.841072,108.6371048,restoran
-6.8383747,108.6407822,restoran
-6.8993196,107.6133452,restoran
-6.1742307,106.7881714,restoran
-6.8311349,107.6564139,restoran
-6.83078,107.6548715,restoran
-6.9045127,107.6755431,restoran
-6.1725004,106.7831212,restoran
-6.1931291,106.803974,restoran
-6.2167432,106.7699275,restoran
-6.1831412,106.8299216,restoran
-6.1979585,106.8286621,restoran
-6.1743824,106.7782404,restoran
-6.1421275,106.8130154,restoran
-6.6106912,106.8054301,restoran
-6.2176651,106.819599,restoran
-6.2382232,106.8473147,restoran
-6.237625,106.8471722,restoran
-6.2356308,106.8469627,restoran
-6.2348147,106.846792,restoran
-6.2348113,106.846444,restoran
-6.1751099,106.788584,restoran
-6.1748958,106.7888992,restoran
-6.1920222,106.7851514,restoran
-6.1873589,106.7387752,restoran
-6.1771699,106.7904063,restoran
-6.4280897,107.4278317,restoran
-6.3667391,106.8341952,restoran
-6.1984537,106.8374881,restoran
-6.1772791,106.7889503,restoran
-6.3070571,106.7547793,restoran
-6.1884107,106.8187995,restoran
-6.1750811,106.7905235,restoran
-6.2090321,106.8198016,restoran
-6.2442661,106.8014508,restoran
-6.1879067,106.7688907,restoran
-6.1896285,106.764412,restoran
-6.8133308,107.1450204,restoran
-6.812626,107.1453184,restoran
-6.8132562,107.1364993,restoran
-6.2385955,106.8069613,restoran
-6.2258943,106.8002406,restoran
-6.2916352,106.8006037,restoran
-6.2255589,106.7989238,restoran
-6.4087683,108.287002,restoran
-6.2516188,106.8615072,restoran
-6.251259,106.861775,restoran
-6.8844734,107.6063465,restoran
-6.3501075,107.2969334,restoran
-6.2183553,106.8685541,restoran
-6.9041234,107.5973403,restoran
-6.9056495,107.5965298,restoran
-6.1176353,106.7829047,restoran
-6.917021,107.6084609,restoran
-6.9056577,107.5973527,restoran
-6.1728879,106.8116773,restoran
-6.1661066,106.8086353,restoran
-6.1720189,106.8214531,restoran
-6.1608074,106.8131382,restoran
-6.160409,106.8158659,restoran
-6.168346,106.8142939,restoran
-6.1792221,106.8179013,restoran
-6.1794317,106.8139422,restoran
-6.1400081,106.8152302,restoran
-6.1879759,106.8186783,restoran
-6.1649052,106.7915588,restoran
-6.1618774,106.7945793,restoran
-6.1530424,106.7973423,restoran
-6.1584809,106.7966425,restoran
-6.1658416,106.7956268,restoran
-6.1744305,106.7920764,restoran
-6.1742302,106.788684,restoran
-6.1742274,106.7887617,restoran
-6.1736671,106.8119064,restoran
-6.1772796,106.7835279,restoran
-6.1783787,106.7975649,restoran
-6.1762035,106.8018232,restoran
-6.1993803,106.8016192,restoran
-6.204811,106.8573866,restoran
-6.1973461,106.8522457,restoran
-6.1958463,106.8403972,restoran
-6.1970181,106.8487441,restoran
-6.2000467,106.8438913,restoran
-6.1883146,106.8363443,restoran
-6.1881024,106.8366754,restoran
-6.1874543,106.8278111,restoran
-6.1839163,106.8247027,restoran
-6.1850819,106.8328065,restoran
-6.1872928,106.8273363,restoran
-6.1857828,106.8249624,restoran
-6.1698052,106.765409,restoran
-6.1696226,106.7666508,restoran
-6.169536,106.7681176,restoran
-6.1699214,106.7685654,restoran
-6.1698571,106.7687644,restoran
-6.1659735,106.762791,restoran
-6.1699509,106.7666568,restoran
-6.1762014,106.8611001,restoran
-6.1833809,106.8271768,restoran
-6.1827933,106.8263267,restoran
-6.5766866,106.8080822,restoran
-6.2528846,106.8428878,restoran
-6.2675089,106.8455558,restoran
-6.2935473,106.9606363,restoran
-6.1561766,106.8078794,restoran
-6.1534601,106.8081715,restoran
-6.2011535,106.8223375,restoran
-6.2019682,106.8234076,restoran
-6.2143468,106.8199651,restoran
-6.2165328,106.8193039,restoran
-6.2253933,106.8290204,restoran
-6.2065413,106.8172919,restoran
-6.24227,106.8445463,restoran
-6.2116566,106.8440752,restoran
-6.2327115,106.8441283,restoran
-6.23326,106.8448619,restoran
-6.2159937,106.8435074,restoran
-6.1737865,106.8438472,restoran
-6.1673293,106.8281487,restoran
-6.1672892,106.8277904,restoran
-6.1629228,106.8247644,restoran
-6.1628716,106.8248866,restoran
-6.1629623,106.8246395,restoran
-6.163368,106.8247716,restoran
-6.1958641,106.8248134,restoran
-6.1750487,106.8395728,restoran
-6.1617348,106.8446468,restoran
-6.1624495,106.8405858,restoran
-6.2246953,106.8236278,restoran
-6.2280133,106.8253491,restoran
-6.1829194,106.6001589,restoran
-6.1866652,106.6070392,restoran
-6.184013,106.6000089,restoran
-6.3200305,106.6635346,restoran
-6.1892714,106.8357703,restoran
-6.1928739,106.8364946,restoran
-6.1942127,106.836767,restoran
-6.1993854,106.8375312,restoran
-6.1973135,106.8283363,restoran
-6.1966387,106.82846,restoran
-6.1963367,106.8285096,restoran
-6.2818943,106.7963804,restoran
-6.2809637,106.7961075,restoran
-6.2767993,106.7973911,restoran
-6.7650255,108.1271856,restoran
-6.1216409,106.7880242,restoran
-6.1179649,106.7884244,restoran
-6.1175538,106.7899829,restoran
-6.1198697,106.7879426,restoran
-6.1207534,106.7879539,restoran
-6.110973,106.7923099,restoran
-6.1154681,106.792288,restoran
-6.105474,106.7907595,restoran
-6.1123982,106.7378636,restoran
-6.1110278,106.7386613,restoran
-6.1119877,106.7431129,restoran
-6.1034593,106.7402225,restoran
-6.1088047,106.8811879,restoran
-6.5815765,106.813067,restoran
-6.5890946,106.8168516,restoran
-6.3413233,106.9235159,restoran
-6.9306467,107.1219789,restoran
-6.1493077,106.8196677,restoran
-6.9176786,106.9737329,restoran
-6.187412,106.828973,restoran
-6.8244748,107.1450762,restoran
-6.8232496,107.1645121,restoran
-6.2080213,106.8178284,restoran
-6.1325301,106.8151035,restoran
-6.2242593,106.8235618,restoran
-6.224502,106.8235832,restoran
-6.1762667,106.8105857,restoran
-6.2243152,106.8236878,restoran
-6.229473,106.852985,restoran
-6.2284778,106.8558918,restoran
-6.1101122,106.80161,restoran
-6.1013045,106.7999763,restoran
-6.1000388,106.8000638,restoran
-6.1733529,106.7834606,restoran
-6.2729238,106.741831,restoran
-6.1748096,106.7888971,restoran
-6.9125227,107.6286872,restoran
-7.1632699,107.8977753,restoran
-7.1001828,107.8984831,restoran
-7.2187592,107.9046564,restoran
-6.8780483,107.5922348,restoran
-7.3011735,107.800773,restoran
-6.9119898,107.6281614,restoran
-6.1726799,106.7773344,restoran
-6.1724576,106.7771699,restoran
-7.3311405,108.4000397,restoran
-6.2520383,106.8613642,restoran
-6.1893544,106.7965986,restoran
-6.2938878,106.6657323,restoran
-6.2940601,106.6657664,restoran
-6.1744009,106.783442,restoran
-6.1452232,106.876873,restoran
-6.1760823,106.8596111,restoran
-6.1702519,106.8212042,restoran
-7.6930076,108.6524272,restoran
-6.2549466,106.4690181,restoran
-6.2555773,106.4686467,restoran
-6.169494,106.7729811,restoran
-6.1691883,106.7721681,restoran
-6.1695327,106.7723341,restoran
-6.1695235,106.772435,restoran
-6.1693922,106.7781837,restoran
-6.1694971,106.772931,restoran
-6.1691814,106.7722456,restoran
-6.1745361,106.7888788,restoran
-6.173975,106.7878593,restoran
-6.2651029,106.7658092,restoran
-6.1409384,106.8126198,restoran
-6.1122057,106.7436992,restoran
-6.1127851,106.743268,restoran
-6.1127305,106.7430501,restoran
-6.9432469,107.7540622,restoran
-6.9424346,107.7550461,restoran
-6.9428475,107.7540511,restoran
-6.9428054,107.7542049,restoran
-6.9430906,107.7541785,restoran
-6.9431518,107.7540863,restoran
-6.9434844,107.7539983,restoran
-6.175525,106.8446328,restoran
-6.1999935,106.8226473,restoran
-6.9504623,107.7514167,restoran
-6.9520881,107.7498939,restoran
-6.9521936,107.7497306,restoran
-6.9521419,107.7500167,restoran
-6.1709442,106.9039812,restoran
-6.1485445,106.9106984,restoran
-6.2336931,106.6321459,restoran
-6.2421299,106.8521148,restoran
-6.2419056,106.8509258,restoran
-6.2402911,106.8476133,restoran
-6.2398272,106.8483375,restoran
-6.9058346,107.6168509,restoran
-6.906393,107.6173966,restoran
-6.910716,107.5977589,restoran
-6.2542279,106.4680777,restoran
-6.7289197,107.0145316,restoran
-6.1827814,106.7836961,restoran
-6.8913214,107.5718325,restoran
-6.8886687,107.6189787,restoran
-6.223597,106.8108268,restoran
-6.233564,106.8120271,restoran
-6.2163321,106.770354,restoran
-6.2167055,106.7703983,restoran
-6.2023116,106.8008089,restoran
-6.9058303,107.5973504,restoran
-6.1490549,106.8330858,restoran
-6.9145711,107.6021311,restoran
-6.2660997,106.7850823,restoran
-6.2661599,106.7850605,restoran
-6.266038,106.78508,restoran
-6.265926,106.784983,restoran
-6.2658991,106.7848805,restoran
-6.2659138,106.7848323,restoran
-6.2659462,106.7847891,restoran
-6.2659786,106.7847542,restoran
-6.2660138,106.7847252,restoran
-6.2666124,106.7845879,restoran
-6.2660547,106.7846905,restoran
-6.266246,106.7845592,restoran
-6.2659154,106.7851198,restoran
-6.26512,106.7842132,restoran
-6.487513,106.8351441,restoran
-6.8808327,107.5819186,restoran
-6.8970234,107.5912071,restoran
-6.1488372,106.8290725,restoran
-6.1783536,106.6434886,restoran
-6.178174,106.6434772,restoran
-6.3892685,107.3953829,restoran
-6.3888111,107.3947747,restoran
-6.1998884,106.801317,restoran
-6.1400275,106.8169062,restoran
-6.3318166,106.7491019,restoran
-6.3316332,106.7492186,restoran
-6.2847566,106.9369918,restoran
-6.1762253,106.7834808,restoran
-6.1883299,106.7854974,restoran
-6.1892893,106.7966004,restoran
-6.9040399,107.6664854,restoran
-6.9029451,107.6655565,restoran
-6.2278203,106.7740977,restoran
-6.1938702,106.7690915,restoran
-6.1939076,106.7690902,restoran
-6.1725142,106.7768335,restoran
-7.5726246,108.4990173,restoran
-6.1951254,106.817454,restoran
-6.9226022,107.6119813,restoran
-6.2100186,106.8452888,restoran
-6.2279847,106.8255343,restoran
-6.2104356,106.8045777,restoran
-6.2290703,106.8252901,restoran
-6.2289785,106.8219622,restoran
-6.2289837,106.8228134,restoran
-6.352146,106.9385114,restoran
-6.3525319,106.9367277,restoran
-6.2298232,106.8275266,restoran
-6.2297207,106.8276081,restoran
-6.352464,106.9374935,restoran
-6.227206,106.8271368,restoran
-6.2273436,106.8275197,restoran
-6.227252,106.8275178,restoran
-6.2223368,106.821277,restoran
-6.1137433,106.6863764,restoran
-6.2275512,106.8265796,restoran
-6.1683801,106.7866549,restoran
-6.2280135,106.8270599,restoran
-6.1281101,106.657951,restoran
-6.1292175,106.6577894,restoran
-6.196093,106.8209546,restoran
-6.195867,106.8208112,restoran
-6.217034,106.8193875,restoran
-6.2255173,106.8223656,restoran
-6.2274362,106.8262225,restoran
-6.2274495,106.8255704,restoran
-6.2266575,106.8254979,restoran
-6.3030398,106.8852452,restoran
-6.2906823,106.881118,restoran
-6.2898544,106.8809168,restoran
-6.3029042,106.8850597,restoran
-6.3029744,106.8851559,restoran
-6.19978,106.7877017,restoran
-6.1950087,106.822019,restoran
-6.1931567,106.815344,restoran
-6.1980955,106.8142702,restoran
-6.1949217,106.8171461,restoran
-6.2042101,106.8165546,restoran
-6.2208509,106.8208179,restoran
-6.2219374,106.8214827,restoran
-6.2246883,106.8290502,restoran
-6.1295586,106.6333105,restoran
-6.1293605,106.6333195,restoran
-6.8202931,107.6106819,restoran
-6.2279907,106.8252535,restoran
-6.1340088,106.6330939,restoran
-6.1483997,106.6324097,restoran
-6.1370236,106.6638668,restoran
-6.1194696,106.6734763,restoran
-6.1136036,106.6867169,restoran
-6.2277768,106.8253411,restoran
-6.2232304,106.6201285,restoran
-6.2278142,106.8253106,restoran
-6.2216621,106.8206998,restoran
-6.2167875,106.8192424,restoran
-6.1762461,106.6377842,restoran
-6.1714019,106.6370438,restoran
-6.1562975,106.6322595,restoran
-6.1700744,106.6338745,restoran
-6.2277172,106.8256356,restoran
-6.140927,106.6324219,restoran
-6.1745533,106.7782479,restoran
-6.1646183,106.8205813,restoran
-6.1280213,106.7924824,restoran
-6.1193746,106.6737069,restoran
-6.1266225,106.7914084,restoran
-6.1266645,106.791673,restoran
-6.1645496,106.7897438,restoran
-6.1914877,106.8233156,restoran
-6.1057298,106.6826713,restoran
-6.1119355,106.6857718,restoran
-6.1122994,106.6859146,restoran
-6.1113881,106.684231,restoran
-6.110867,106.6840108,restoran
-6.2672112,106.7839004,restoran
-6.2018156,106.7810574,restoran
-6.2019363,106.7809093,restoran
-6.2040403,106.7901834,restoran
-6.2020791,106.7837019,restoran
-6.2022307,106.7828243,restoran
-6.2020915,106.7891827,restoran
-6.2041858,106.7934737,restoran
-6.2019762,106.7864586,restoran
-6.201745,106.7881372,restoran
-6.1668606,106.7864443,restoran
-6.1219571,106.6338077,restoran
-6.1172185,106.6341764,restoran
-6.1257069,106.6335528,restoran
-6.1132988,106.6801881,restoran
-6.2006318,106.7827116,restoran
-6.2024787,106.7805384,restoran
-6.2276673,106.8255581,restoran
-6.2276322,106.8256035,restoran
-6.2277684,106.8256597,restoran
-6.2272779,106.8247728,restoran
-6.2165843,106.8191467,restoran
-6.2276183,106.8255093,restoran
-6.2227744,106.8218347,restoran
-7.6871988,108.6491257,restoran
-6.200914,106.7832156,restoran
-6.2008156,106.7831921,restoran
-6.2007771,106.783278,restoran
-6.2007727,106.783353,restoran
-6.200778,106.7832445,restoran
-6.2190995,106.814303,restoran
-6.2169643,106.8193691,restoran
-6.2425289,106.7960271,restoran
-6.2432448,106.7964226,restoran
-6.2430809,106.7963087,restoran
-6.2423681,106.7959221,restoran
-6.2278009,106.8253684,restoran
-6.2018646,106.7809348,restoran
-6.2302893,106.8257931,restoran
-6.2323137,106.8283991,restoran
-6.2148252,106.8298851,restoran
-6.1930949,106.8151758,restoran
-6.1989928,106.8226681,restoran
-6.2184769,106.8198723,restoran
-6.2193456,106.8200854,restoran
-6.2218627,106.8213904,restoran
-6.2079559,106.8178728,restoran
-6.2243138,106.8249996,restoran
-6.2023481,106.800845,restoran
-6.2000587,106.799354,restoran
-6.2288416,106.8198995,restoran
-6.230312,106.8215053,restoran
-6.2295186,106.8277872,restoran
-6.229616,106.8219259,restoran
-6.2296179,106.8276956,restoran
-6.2080583,106.8188186,restoran
-6.2089353,106.8181427,restoran
-6.2012262,106.8223197,restoran
-6.1936685,106.6334447,restoran
-6.1921623,106.6344317,restoran
-6.1422807,106.8145865,restoran
-6.178532,106.6735456,restoran
-6.2539901,106.8274383,restoran
-6.2005303,106.7875031,restoran
-6.2018122,106.7811084,restoran
-6.2018065,106.7811415,restoran
-6.201892,106.785156,restoran
-6.2018179,106.7810099,restoran
-6.2007861,106.7826846,restoran
-6.2006183,106.7845822,restoran
-6.2008138,106.7845053,restoran
-6.2008515,106.7840106,restoran
-6.200813,106.7845271,restoran
-6.200759,106.7836877,restoran
-6.2007565,106.7837145,restoran
-6.2046685,106.7828805,restoran
-6.1739759,106.7801545,restoran
-6.2046199,106.7828802,restoran
-6.1764285,106.7878292,restoran
-6.2012129,106.7827193,restoran
-6.2012552,106.7826397,restoran
-6.2022773,106.78234,restoran
-6.2452249,106.7835399,restoran
-6.1749643,106.790419,restoran
-6.2400119,106.8045856,restoran
-6.5905374,106.7972451,restoran
-6.6073119,106.8104572,restoran
-6.6073555,106.8104171,restoran
-6.2023001,106.7832706,restoran
-6.2024674,106.783226,restoran
-6.2021196,106.7834102,restoran
-6.209065,106.8181847,restoran
-6.1949624,106.7877296,restoran
-6.19464,106.7876893,restoran
-6.1946862,106.7875869,restoran
-6.1941381,106.7866099,restoran
-6.1944201,106.7872802,restoran
-6.1947386,106.7876837,restoran
-6.1972334,106.8174151,restoran
-6.1971015,106.8174182,restoran
-6.1969925,106.8174213,restoran
-6.2460974,106.7991551,restoran
-6.256766,106.9665492,restoran
-6.2498195,106.8001044,restoran
-6.2005009,106.7865626,restoran
-6.2276722,106.7976222,restoran
-6.2494894,106.7986113,restoran
-6.1946348,106.8392244,restoran
-6.1944716,106.839265,restoran
-6.1929245,106.8401853,restoran
-6.5921622,106.8022709,restoran
-6.2006991,106.7857108,restoran
-6.200754,106.7854641,restoran
-6.2022642,106.7821006,restoran
-6.2007847,106.7849294,restoran
-6.2008233,106.7829285,restoran
-6.2007005,106.785688,restoran
-6.2007711,106.7834033,restoran
-6.2006761,106.785954,restoran
-6.2019167,106.7805113,restoran
-6.201909,106.7806085,restoran
-6.9249539,107.6183981,restoran
-6.9313423,107.6125525,restoran
-6.9000896,107.6040806,restoran
-6.9041311,107.624076,restoran
-7.7498736,108.5006385,restoran
-6.893725,107.6057251,restoran
-6.2037289,106.7828344,restoran
-6.9692594,107.7038804,restoran
-6.1930939,106.8039748,restoran
-6.1862886,106.8250475,restoran
-6.8742007,107.5609404,restoran
-6.1494903,106.8210609,restoran
-6.7127359,107.0228634,restoran
-6.1932605,106.8047137,restoran
-6.2386987,106.8154342,restoran
-6.1359732,106.8140146,restoran
-6.1999118,106.7869034,restoran
-6.2001792,106.7840479,restoran
-6.2001768,106.7841228,restoran
-6.2002525,106.784095,restoran
-6.2002523,106.7838749,restoran
-6.2002485,106.7839453,restoran
-6.9827875,108.3154846,restoran
-6.2004949,106.7836045,restoran
-6.2007634,106.7834954,restoran
-6.2001591,106.7836054,restoran
-6.2001579,106.7835747,restoran
-6.200281,106.7834917,restoran
-6.2005716,106.7836004,restoran
-6.2002419,106.7836256,restoran
-6.2006153,106.7824551,restoran
-6.2019135,106.7805623,restoran
-6.4781318,106.8130195,restoran
-6.4821241,106.8008101,restoran
-6.2030368,106.7827774,restoran
-6.2065278,106.7830897,restoran
-6.206632,106.7830904,restoran
-6.202443,106.7826912,restoran
-6.206632,106.7830356,restoran
-6.203418,106.7827958,restoran
-6.168939,106.7782706,restoran
-6.1688769,106.7781569,restoran
-6.1688742,106.77827,restoran
-6.2022841,106.7818671,restoran
-6.2023313,106.7814882,restoran
-6.2023324,106.7815637,restoran
-6.202329,106.7816011,restoran
-6.2019112,106.7805858,restoran
-6.202285,106.7818523,restoran
-6.2007885,106.7848291,restoran
-6.2024826,106.7802989,restoran
-6.2079612,106.7897654,restoran
-6.2053679,106.7830249,restoran
-6.1891675,106.8017439,restoran
-6.1859082,106.7984288,restoran
-6.18593,106.7974106,restoran
-6.1897323,106.7915352,restoran
-6.1739573,106.7811529,restoran
-6.1861159,106.8014687,restoran
-6.1859278,106.7975561,restoran
-6.2060988,106.8077178,restoran
-6.2660386,106.784718,restoran
-6.2211267,106.8334766,restoran
-6.2452375,106.7838518,restoran
-6.2212041,106.8333991,restoran
-6.2214878,106.8334062,restoran
-6.1689525,106.7785906,restoran
-6.1690801,106.7784369,restoran
-6.2461674,106.6229773,restoran
-6.1736112,106.783033,restoran
-6.1736721,106.7830348,restoran
-6.2023858,106.7828063,restoran
-6.2004844,106.7825676,restoran
-6.206246,106.7830633,restoran
-6.1933361,106.7823197,restoran
-6.2017364,106.7884454,restoran
-6.7057868,106.7969714,restoran
-6.6092274,106.8037889,restoran
-6.201915,106.7805442,restoran
-6.1949018,106.7822205,restoran
-6.1998799,106.7823843,restoran
-6.2269034,106.7980075,restoran
-6.2421409,106.6518522,restoran
-6.242416,106.6518546,restoran
-6.2426953,106.6518321,restoran
-6.2422568,106.6518559,restoran
-6.2425936,106.6518616,restoran
-6.242019,106.6518503,restoran
-6.2423588,106.6518533,restoran
-6.2427808,106.6517985,restoran
-6.1938543,106.7864321,restoran
-6.2024511,106.7802905,restoran
-6.6071428,106.7952552,restoran
-6.3883909,106.9387453,restoran
-6.2022722,106.7828259,restoran
-6.9107444,107.5977119,restoran
-6.1762187,106.8306059,restoran
-6.227422,106.8095434,restoran
-6.2286459,106.8093207,restoran
-6.2915424,106.8003688,restoran
-6.2916664,106.8004467,restoran
-6.2915192,106.8007117,restoran
-6.2667013,106.7831293,restoran
-6.2654748,106.7824212,restoran
-6.2672545,106.7839903,restoran
-6.2424096,107.02639,restoran
-6.1045901,106.7400966,restoran
-6.1048941,106.7411319,restoran
-6.1094732,106.7401864,restoran
-6.1096598,106.7403849,restoran
-6.1092891,106.7403098,restoran
-6.1127681,106.7524987,restoran
-6.1127627,106.7526596,restoran
-6.1128107,106.7525845,restoran
-6.1105117,106.7412126,restoran
-6.1109677,106.7417748,restoran
-6.1119127,106.752652,restoran
-6.16969,106.7917855,restoran
-6.16957,106.7901547,restoran
-6.5617477,106.7927326,restoran
-6.1694113,106.7912784,restoran
-6.1694567,106.7908117,restoran
-6.1694487,106.7909002,restoran
-6.169294,106.7913991,restoran
-6.1703849,106.7873159,restoran
-6.170325,106.7863421,restoran
-6.170437,106.7853765,restoran
-7.3697973,108.5388187,restoran
-7.3710974,108.5414982,restoran
-7.3697333,108.5363962,restoran
-7.3700743,108.5764334,restoran
-7.3700796,108.5762305,restoran
-6.9989805,107.6005708,restoran
-6.1870303,106.8313831,restoran
-6.5760803,106.8931568,restoran
-6.1378557,106.8151494,restoran
-6.2470921,106.7862318,restoran
-6.2469176,106.7879135,restoran
-6.6134525,108.0185532,restoran
-7.330086,108.3644844,restoran
-7.3298803,108.3648646,restoran
-6.2164275,106.8196072,restoran
-6.2240159,106.8211046,restoran
-6.2261006,106.8546761,restoran
-7.2154436,107.785304,restoran
-7.2169134,107.7383342,restoran
-6.217481,106.8443653,restoran
-6.2175281,106.8443728,restoran
-6.218069,106.8448179,restoran
-6.2258035,106.6504562,restoran
-6.3005101,106.6901216,restoran
-6.3006315,106.6870342,restoran
-6.3006313,106.6874638,restoran
-6.3005917,106.6883862,restoran
-6.3006462,106.6851417,restoran
-6.3003942,106.6847093,restoran
-6.3010693,106.6842402,restoran
-6.2386701,106.6595225,restoran
-6.242723,106.6549972,restoran
-6.2949087,106.7145687,restoran
-6.2867925,106.6658169,restoran
-6.2825836,106.6375447,restoran
-6.2822393,106.6373184,restoran
-6.2821062,106.6372531,restoran
-6.2819553,106.6372086,restoran
-6.2851401,106.6372051,restoran
-6.2346412,106.8156438,restoran
-7.061534,108.7074007,restoran
-6.3760704,106.9063953,restoran
-6.21272,106.8035956,restoran
-6.2122847,106.8038939,restoran
-6.7124723,108.5507155,restoran
-6.9230891,106.9373812,restoran
-6.9229894,106.9397728,restoran
-6.9188238,106.9142215,restoran
-6.919839,106.918642,restoran
-6.9226931,106.9313549,restoran
-6.9225408,106.9321007,restoran
-6.9229812,106.9336713,restoran
-6.9188653,106.9368432,restoran
-6.9169706,106.9359301,restoran
-6.9187301,106.9362237,restoran
-6.9114928,106.9353818,restoran
-6.9122774,106.9349713,restoran
-6.9213421,106.9309565,restoran
-6.9201842,106.9293436,restoran
-6.9189896,106.928657,restoran
-6.9169641,106.9301361,restoran
-6.9162061,106.9325476,restoran
-6.9147057,106.9331876,restoran
-6.9155937,106.9326843,restoran
-6.2063389,106.6496772,restoran
-6.2065571,106.6495593,restoran
-6.2063207,106.6498683,restoran
-6.2062747,106.6496741,restoran
-6.2066157,106.6494902,restoran
-6.2061037,106.6492798,restoran
-6.2062027,106.649977,restoran
-6.2058026,106.6491517,restoran
-6.2064331,106.6502538,restoran
-6.2060512,106.6497372,restoran
-6.2060067,106.6495583,restoran
-6.2071109,106.6493735,restoran
-6.2063426,106.6500857,restoran
-6.2062108,106.6500909,restoran
-6.2063588,106.650137,restoran
-6.2064145,106.6501814,restoran
-6.2069392,106.6494856,restoran
-6.2080783,106.6490683,restoran
-6.2072688,106.6494295,restoran
-6.2071945,106.6493338,restoran
-6.2081967,106.6490263,restoran
-6.2081085,106.6491944,restoran
-6.2078787,106.6492738,restoran
-6.2082872,106.6490519,restoran
-6.2091391,106.6488885,restoran
-6.2078229,106.6493158,restoran
-6.2080017,106.6492317,restoran
-6.2083963,106.6490029,restoran
-6.2085379,106.649073,restoran
-6.2088397,106.6489352,restoran
-6.2087422,106.6490706,restoran
-6.2088583,106.6491734,restoran
-6.2089441,106.6488885,restoran
-6.2086911,106.6486527,restoran
-6.2093109,106.6485009,restoran
-6.2086331,106.6479031,restoran
-6.2093991,106.6483561,restoran
-6.2086493,106.6480059,restoran
-6.2091229,106.6480969,restoran
-6.2095779,106.6484285,restoran
-6.2094896,106.6481063,restoran
-6.2098077,106.6485709,restoran
-6.2100491,106.6485546,restoran
-6.2100421,106.6484075,restoran
-6.209622,106.6484752,restoran
-6.2100096,106.64823,restoran
-6.210186,106.6482744,restoran
-6.2103091,106.648209,restoran
-6.1866989,106.6608518,restoran
-6.2412494,106.9966041,restoran
-6.8685855,107.5231221,restoran
-6.9288257,107.6250214,restoran
-6.8772699,107.6172128,restoran
-7.2161924,107.9150302,restoran
-7.2167581,107.9151808,restoran
-6.1117199,106.7474863,restoran
-6.1831778,106.6767478,restoran
-6.300848,106.684581,restoran
-6.3005867,106.6843697,restoran
-6.1175984,106.7828219,restoran
-7.001714,107.7486808,restoran
-6.4186613,106.7389293,restoran
-6.5876277,107.8591708,restoran
-6.1605477,106.8230159,restoran
-6.6042865,106.7970607,restoran
-7.0554136,107.9784246,restoran
-6.851575,107.6137911,restoran
-6.9184679,107.6101923,restoran
-6.1040597,106.7401845,restoran
-6.763706,108.4826236,restoran
-6.2950017,106.9967563,restoran
-6.2950084,106.996704,restoran
-6.2945391,106.9963846,restoran
-6.2950775,106.9983197,restoran
-6.2650762,107.0106743,restoran
-6.2650949,107.0106327,restoran
-6.2973668,107.0174062,restoran
-6.2813283,106.9988901,restoran
-6.2810361,106.9985955,restoran
-6.2809746,106.9983234,restoran
-6.2809873,106.998369,restoran
-6.2950969,106.9973912,restoran
-6.2950323,106.9974301,restoran
-6.2811453,107.006229,restoran
-6.2698823,107.0036885,restoran
-6.270619,107.006168,restoran
-6.298076,106.9999536,restoran
-6.2982093,107.0001125,restoran
-6.298188,107.0000294,restoran
-6.2729667,107.0179149,restoran
-6.2400006,106.6524597,restoran
-6.200562,106.786438,restoran
-6.2630447,106.9461635,restoran
-7.3967844,108.6607933,restoran
-6.4191303,106.8138559,restoran
-6.2087376,106.8184128,restoran
-6.7589439,107.6692989,restoran
-6.7421396,107.6459505,restoran
-6.2230195,106.8575251,restoran
-6.39655,106.9432321,restoran
-6.1696111,106.633655,restoran
-6.2002076,106.7187736,restoran
-6.6115548,106.8009026,restoran
-6.3445249,106.8338005,restoran
-6.1371438,106.7721459,restoran
-6.2751561,106.9749104,restoran
-6.2388805,106.8105737,restoran
-6.2483214,106.9573409,restoran
-7.3696644,108.5407826,restoran
-6.3025635,106.6547484,restoran
-6.3027319,106.6547007,restoran
-6.3020326,106.6541296,restoran
-6.3018606,106.653596,restoran
-6.3019487,106.6538263,restoran
-6.3028281,106.6546952,restoran
-6.3017834,106.6542802,restoran
-6.3016108,106.6542661,restoran
-6.3005335,106.6531466,restoran
-6.3004977,106.6536752,restoran
-6.3031518,106.655582,restoran
-6.2843104,106.7885809,restoran
-6.3671067,107.3687252,restoran
-6.2447349,106.958393,restoran
-6.8902387,107.5955503,restoran
-6.8731826,107.6053069,restoran
-6.3989248,107.4616547,restoran
-6.8730196,107.6051703,restoran
-6.1458323,106.8963381,restoran
-6.4815296,106.8104534,restoran
-6.6509159,106.8907014,restoran
-6.2724198,106.9125508,restoran
-6.680073,106.9320313,restoran
-6.6803586,106.9322823,restoran
-6.6059573,106.8097662,restoran
-7.0194679,107.5903839,restoran
-6.2637966,106.9504401,restoran
-6.3416094,107.120366,restoran
-6.258751,106.6200882,restoran
-6.2581938,106.6194861,restoran
-6.2705051,106.9868953,restoran
-6.1921891,106.8419475,restoran
-6.1922134,106.8419076,restoran
-6.1932014,106.8410053,restoran
-6.5516786,106.733518,restoran
-6.5511997,106.7365581,restoran
-6.2563252,106.9346905,restoran
-6.2668228,106.9113609,restoran
-6.2565784,106.942648,restoran
-6.2235017,107.0022006,restoran
-6.2714661,106.9713188,restoran
-6.2558388,106.9696525,restoran
-6.2596629,106.971471,restoran
-6.5950113,106.7897838,restoran
-6.5955308,106.7896578,restoran
-6.6018549,106.8071477,restoran
-6.6120903,106.8140263,restoran
-6.2177696,106.8239059,restoran
-6.4958571,106.7957337,restoran
-6.4943385,106.7948124,restoran
-6.2088643,106.8268226,restoran
-6.2023924,106.8245405,restoran
-6.5298599,106.8005018,restoran
-6.1973936,106.8238585,restoran
-6.5914778,106.7924939,restoran
-6.2246828,106.847079,restoran
-6.4855058,106.8735273,restoran
-6.2061226,106.8486544,restoran
-6.2157499,106.8703912,restoran
-6.2117156,106.8670998,restoran
-6.3689269,106.7352315,restoran
-6.2253344,106.9318736,restoran
-6.6526967,106.9095858,restoran
-6.393728,106.8232819,restoran
-6.1769064,106.7899421,restoran
-6.1775372,106.8055916,restoran
-6.1921625,106.8240444,restoran
-6.1943769,106.8206143,restoran
-6.2003504,106.4807775,restoran
-6.1839299,106.8249487,restoran
-6.1655999,106.791381,restoran
-6.1579886,106.8032438,restoran
-6.2408449,106.6241897,restoran
-6.1580597,106.8117541,restoran
-6.1537505,106.8180526,restoran
-6.2347286,106.6463345,restoran
-6.1761122,106.6312157,restoran
-6.1828544,106.8618755,restoran
-6.2457633,106.815425,restoran
-6.2246262,106.944556,restoran
-6.2385873,106.7359232,restoran
-6.2541178,106.9092996,restoran
-6.2540206,106.9092796,restoran
-6.2589601,106.9279629,restoran
-6.2584755,106.9280495,restoran
-6.2584771,106.9278861,restoran
-6.241668,106.8104485,restoran
-6.1430759,106.7867243,restoran
-6.127913,106.726337,restoran
-6.1166248,106.7578378,restoran
-6.1243999,106.745233,restoran
-6.1222307,106.7846617,restoran
-6.120546,106.7751042,restoran
-6.1113677,106.7772498,restoran
-6.0898434,106.7438799,restoran
-6.0893257,106.7441966,restoran
-6.0904789,106.7443007,restoran
-6.1452559,106.7953602,restoran
-6.1383429,106.8005209,restoran
-6.1689865,106.6177242,restoran
-6.1562042,106.5822028,restoran
-6.2796703,106.738946,restoran
-6.2009062,106.7854323,restoran
-6.1382894,106.8654445,restoran
-6.2790634,106.8131129,restoran
-6.2955917,106.920955,restoran
-6.29633,106.9593267,restoran
-6.2725382,106.9234872,restoran
-6.2414842,106.9846061,restoran
-6.245056,106.9758601,restoran
-6.2593925,106.9953038,restoran
-6.274169,106.9739369,restoran
-6.2740234,106.9743794,restoran
-6.1481698,106.910508,restoran
-6.1464557,106.8913272,restoran
-6.2290681,106.8240651,restoran
-6.2054715,106.7936496,restoran
-6.2691164,106.8311256,restoran
-6.2398502,106.8309659,restoran
-6.2441074,106.7965955,restoran
-6.2239308,106.8982754,restoran
-6.2181383,106.9394402,restoran
-6.1987673,106.8280017,restoran
-6.2459486,106.7962978,restoran
-6.1801112,106.7838231,restoran
-6.2193044,106.8379643,restoran
-6.1850313,106.7679435,restoran
-6.2555303,106.8141016,restoran
-6.2689961,106.8699218,restoran
-6.2804863,106.8552792,restoran
-6.2543805,106.8324378,restoran
-6.2579575,106.8694515,restoran
-6.2285003,106.8556056,restoran
-6.2103392,106.8508574,restoran
-6.1899081,106.7959539,restoran
-6.3274116,107.2922211,restoran
-6.175548,106.7881773,restoran
-6.1935852,106.8186058,restoran
-6.1993257,106.7273659,restoran
-6.1751761,106.7152166,restoran
-6.1672448,106.8308554,restoran
-6.154551,106.8261125,restoran
-6.1803704,106.8427721,restoran
-6.1611767,106.8331001,restoran
-6.3104688,106.7430996,restoran
-6.1385877,106.6902874,restoran
-6.1864767,106.7353087,restoran
-6.1917635,106.7514119,restoran
-6.1633681,106.7239473,restoran
-6.1911525,106.7580734,restoran
-6.1853223,106.7532951,restoran
-6.1907403,106.7615261,restoran
-6.22515,106.9795798,restoran
-6.3193464,107.1419019,restoran
-6.2251327,107.0032476,restoran
-6.2632204,107.0826558,restoran
-6.2166336,106.7975253,restoran
-6.2894214,106.7753421,restoran
-6.136745,106.7161546,restoran
-6.1320801,106.7093917,restoran
-6.1318292,106.7787802,restoran
-6.2185309,106.8338541,restoran
-6.1526073,106.8926453,restoran
-6.1627956,106.5604466,restoran
-6.160098,106.7604202,restoran
-6.2618425,106.4191519,restoran
-6.2479596,106.9567414,restoran
-6.3499377,106.7314472,restoran
-6.1841851,106.8262002,restoran
-6.4946291,106.7670237,restoran
-6.1206844,106.6724723,restoran
-6.8162263,107.1306977,restoran
-6.8825712,107.580079,restoran
-6.2429186,106.8480486,restoran
-6.9148453,107.6811293,restoran
-6.2018764,106.8604935,restoran
-6.2915913,106.8001923,restoran
-6.5194052,106.8369294,restoran
-6.9249268,107.6236929,restoran
-6.904474,107.6046209,restoran
-6.8581104,107.6308839,restoran
-6.8844363,107.59674,restoran
-6.2554169,106.7818697,restoran
-6.347054,107.1818384,restoran
-6.5743273,106.8370313,restoran
-6.2261011,107.0004539,restoran
-6.2252698,107.0021986,restoran
-6.242723,106.7961142,restoran
-6.189897,107.0254397,restoran
-7.3709546,108.5403182,restoran
-6.2137973,107.0221721,restoran
-6.3267438,106.9744786,restoran
-6.2748609,106.816123,restoran
-6.5938698,106.7527295,restoran
-6.1455482,106.8127105,restoran
-6.2529801,106.8016624,restoran
-7.7487316,108.4967866,restoran
-7.7503258,108.5036387,restoran
-6.9003961,107.6142255,restoran
-6.2790607,106.8145313,restoran
-6.9051142,107.6015846,restoran
-6.894676,107.5885194,restoran
-6.9007356,107.5969384,restoran
-6.9028428,107.6135049,restoran
-6.9162226,107.6416342,restoran
-6.9165173,107.6417667,restoran
-6.9041351,107.6280099,restoran
-6.274026,106.8163051,restoran
-6.8940427,107.605689,restoran
-6.2958623,106.6669961,restoran
-6.3575807,106.8812209,restoran
-6.181464,106.8948105,restoran
-6.2861811,106.8632848,restoran
-6.1455455,106.7394874,restoran
-6.885306,107.5777699,restoran
-6.2086153,106.8281631,restoran
-6.2795608,106.9691195,restoran
-6.2951251,106.9983632,restoran
-6.838461,107.1298758,restoran
-6.1320455,106.7007129,restoran
-6.2951913,106.9990652,restoran
-6.1125631,106.7745671,restoran
-6.2912444,106.7787452,restoran
-6.2388638,106.8452934,restoran
-6.0886103,106.7435657,restoran
-6.2373163,106.8536555,restoran
-6.2381724,106.8568949,restoran
-6.2381439,106.8569012,restoran
-6.2203524,106.8206395,restoran
-6.1447063,106.8634404,restoran
-6.2166745,106.8141262,restoran
-6.2344478,106.8569836,restoran
-6.2344307,106.8569824,restoran
-6.1902131,106.8588206,restoran
-6.8936402,106.7855318,restoran
-6.2425668,106.848477,restoran
-6.2428168,106.8481404,restoran
-6.2427001,106.8482342,restoran
-6.2429281,106.847903,restoran
-6.2429872,106.8366968,restoran
-6.397826,106.7975711,restoran
-6.2734636,106.641586,restoran
-6.4422555,106.7918729,restoran
-6.2790838,106.8156626,restoran
-6.4415541,106.7979784,restoran
-6.2797481,106.8196136,restoran
-6.4482356,106.7992048,restoran
-6.9094781,107.6321409,restoran
-6.3189242,107.2925958,restoran
-6.1456429,106.8117747,restoran
-6.1445699,106.8118115,restoran
-6.2110976,106.8212704,restoran
-6.2112946,106.821133,restoran
-6.1855541,106.8292097,restoran
-6.3533494,106.7130876,restoran
-6.0930646,106.7508692,restoran
-6.092543,106.7489376,restoran
-6.3221652,106.6753352,restoran
-7.3544297,106.424899,restoran
-6.2477707,106.9138602,restoran
-6.3739834,106.7768431,restoran
-6.363257,106.771714,restoran
-7.3670668,108.561569,restoran
-6.3206574,107.0162206,restoran
-6.225985,106.8261654,restoran
-6.2261674,106.8262112,restoran
-6.226431,106.8261977,restoran
-6.1452398,106.6669991,restoran
-6.9511688,107.4618161,restoran
-6.3606592,106.8358948,restoran
-6.3608504,106.8349494,restoran
-6.3608567,106.8348973,restoran
-6.93388,107.7166266,restoran
-6.2664554,106.7975334,restoran
-6.2025016,106.7832268,restoran
-6.2025252,106.7832312,restoran
-6.1468161,106.7348496,restoran
-6.9172988,107.6596812,restoran
-6.3603893,106.8366518,restoran
-6.3602805,106.8364579,restoran
-6.1844878,106.8252428,restoran
-6.343555,106.7040745,restoran
-6.6105124,106.8197807,restoran
-6.2896827,107.0000454,restoran
-6.3468931,106.7066356,restoran
-6.3376912,106.7009883,restoran
-6.3427899,106.7022735,restoran
-6.3442113,106.7042139,restoran
-6.4523871,106.7991246,restoran
-6.572015,106.7363127,restoran
-6.1470432,106.7363408,restoran
-6.1466816,106.732767,restoran
-6.5758016,106.8381136,restoran
-6.5755579,106.8381964,restoran
-6.1518877,106.7307014,restoran
-6.1818229,107.1830646,restoran
-6.5745158,106.7372698,restoran
-6.2214465,106.8214619,restoran
-6.2948025,106.9997253,restoran
-6.5798811,106.7435493,restoran
-6.3209766,106.6843796,restoran
-6.1959937,106.8679314,restoran
-6.2026039,106.8637747,restoran
-6.2026639,106.8637948,restoran
-6.203084,106.8638924,restoran
-6.2049037,106.9349763,restoran
-6.2253353,106.8908887,restoran
-6.2070335,106.8615638,restoran
-6.2054279,106.8563842,restoran
-6.2056345,106.8559067,restoran
-6.2054278,106.8562288,restoran
-6.2320312,106.8978693,restoran
-6.2251227,106.8664568,restoran
-6.2255935,106.866532,restoran
-6.2251593,106.866248,restoran
-6.2141727,106.8629785,restoran
-6.3295947,106.6976246,restoran
-6.2912498,106.6530023,restoran
-6.2739149,106.6401805,restoran
-6.2265156,106.880231,restoran
-6.1915676,106.7851596,restoran
-6.2934534,106.6333947,restoran
-6.2027025,106.788213,restoran
-6.9553972,107.6122622,restoran
-6.2409457,106.6565408,restoran
-6.2326267,106.660139,restoran
-6.2280699,106.6590191,restoran
-6.2278206,106.6591707,restoran
-6.2426468,106.6479242,restoran
-6.2719012,106.7557061,restoran
-6.2725412,106.7266997,restoran
-6.3128815,106.7290672,restoran
-6.9177994,107.5932634,restoran
-6.2597407,106.7640604,restoran
-6.3983292,106.8097351,restoran
-6.5925341,106.8171423,restoran
-6.2967272,106.6817475,restoran
-6.2976161,106.682144,restoran
-6.297959,106.6823439,restoran
-6.2946261,106.6830934,restoran
-6.9069909,107.5883826,restoran
-6.2098661,106.829025,restoran
-6.209727,106.8272985,restoran
-6.9052088,107.6286944,restoran
-6.898016,107.654862,restoran
-6.9242587,107.6452348,restoran
-6.1448141,106.8919569,restoran
-6.2214976,106.8332304,restoran
-6.2056653,107.010718,restoran
-6.2062311,107.0141233,restoran
-6.2041484,107.0154312,restoran
-6.1288551,106.8892617,restoran
-6.1272835,106.8903784,restoran
-6.1271687,106.8905842,restoran
-6.1270208,106.8932628,restoran
-6.3544876,106.7759338,restoran
-6.419992,106.7961383,restoran
-6.4533043,106.7990814,restoran
-6.4414432,106.7921308,restoran
-6.2946243,106.6860873,restoran
-6.2946251,106.6861249,restoran
-6.227596,106.8550419,restoran
-6.2283603,106.8552796,restoran
-6.2578219,106.6161977,restoran
-6.9389573,107.6249953,restoran
-6.9394675,107.6253284,restoran
-6.2946076,106.6850592,restoran
-6.2946059,106.684982,restoran
-6.3235329,106.6836562,restoran
-6.2947848,106.6851241,restoran
-6.4553859,106.7982529,restoran
-6.4482225,106.8029058,restoran
-6.9144819,107.6362137,restoran
-6.3434474,106.7333284,restoran
-6.9470408,107.6627296,restoran
-6.4824122,106.8558091,restoran
-6.2417481,106.7517775,restoran
-6.2416275,106.7517778,restoran
-6.2413708,106.7519511,restoran
-6.43733,106.7968845,restoran
-6.4559826,106.7981389,restoran
-6.2411623,106.7519396,restoran
-6.2412763,106.7523204,restoran
-6.2863609,107.0025027,restoran
-6.8693199,107.675126,restoran
-6.284776,107.0024605,restoran
-6.9083222,107.6291177,restoran
-6.8934069,107.6050563,restoran
-6.2805653,106.9980336,restoran
-6.2806653,106.9979937,restoran
-6.9669793,107.6387895,restoran
-6.9672684,107.6388601,restoran
-6.9670754,107.6387289,restoran
-6.301912,106.6537375,restoran
-6.2732882,106.6381997,restoran
-6.2213296,106.8194091,restoran
-6.9048976,107.6284471,restoran
-6.9044402,107.5800838,restoran
-6.9040791,107.5802488,restoran
-6.9068088,107.6134529,restoran
-6.906687,107.6132854,restoran
-6.8901476,107.6162257,restoran
-6.9040033,107.620462,restoran
-6.9053582,107.6270058,restoran
-6.4156014,106.8152629,restoran
-6.8947462,107.6047328,restoran
-6.8936666,107.6050894,restoran
-6.302136,106.6549689,restoran
-6.3020895,106.6553275,restoran
-6.3021612,106.6547919,restoran
-6.301558,106.6540202,restoran
-6.3016118,106.6533508,restoran
-6.2896136,106.650842,restoran
-6.2385401,106.6581973,restoran
-6.2384515,106.6581081,restoran
-6.2381793,106.657923,restoran
-6.2383711,106.6580441,restoran
-6.9173701,107.6092183,restoran
-6.9058136,107.6188161,restoran
-6.8983318,107.6374414,restoran
-6.9087814,107.648662,restoran
-6.923578,107.6167183,restoran
-6.2853306,106.936261,restoran
-6.2853613,106.9362429,restoran
-6.1068111,106.6853804,restoran
-6.5197196,106.8302695,restoran
-6.9156425,107.6028187,restoran
-6.8797728,107.6121146,restoran
-6.8918986,107.6167681,restoran
-6.279397,106.7190927,restoran
-6.2953261,106.9991334,restoran
-6.159886,106.902129,restoran
-6.9024389,107.6088905,restoran
-6.2492185,106.9844682,restoran
-6.885158,107.6139102,restoran
-6.9809135,107.6349699,restoran
-6.2688919,107.0371436,restoran
-6.2687853,107.0366326,restoran
-6.268612,107.0365857,restoran
-6.2713851,107.0391917,restoran
-6.2949779,106.9968784,restoran
-6.2585921,106.9955279,restoran
-6.1131072,106.6893016,restoran
-6.2645286,106.8087733,restoran
-6.2539817,106.8018144,restoran
-6.2528667,106.8016483,restoran
-6.2527067,106.8016106,restoran
-6.2532566,106.8017368,restoran
-6.2538287,106.8012348,restoran
-6.2523948,106.8002619,restoran
-6.3571225,106.5712536,restoran
-6.2913622,106.7959912,restoran
-6.2936783,106.8024512,restoran
-6.2914243,106.7989813,restoran
-6.2397711,106.8309204,restoran
-6.2397293,106.8308817,restoran
-6.2262613,106.8191679,restoran
-6.224579,106.8234792,restoran
-6.2141134,106.8019235,restoran
-6.2403211,106.6325629,restoran
-6.1185364,106.6649392,restoran
-6.1157984,106.8584297,restoran
-6.1153779,106.8588132,restoran
-6.1169476,106.8566987,restoran
-6.1219841,106.843814,restoran
-6.1224761,106.8395385,restoran
-6.2019068,106.7806524,restoran
-6.1769018,106.7912868,restoran
-6.317816,106.8782809,restoran
-6.3184493,106.8778561,restoran
-6.3185579,106.8777716,restoran
-6.3171446,106.8788462,restoran
-6.3189141,106.8778554,restoran
-6.3182267,106.8781341,restoran
-6.3170265,106.8790566,restoran
-6.3169518,106.8791585,restoran
-6.3169212,106.8791956,restoran
-6.807269,107.6490864,restoran
-6.1411461,106.8544419,restoran
-6.1521531,106.9059748,restoran
-6.2303572,106.8215019,restoran
-6.2606783,106.6307294,restoran
-6.4479392,106.8031436,restoran
-6.1125531,106.7427849,restoran
-6.2245376,106.9372701,restoran
-6.178857,106.7927695,restoran
-6.1776563,106.793247,restoran
-6.2682025,107.0067936,restoran
-6.2295188,106.8215798,restoran
-6.2728765,106.6977422,restoran
-6.2728912,106.6978776,restoran
-6.2729098,106.6980426,restoran
-6.541319,106.6987136,restoran
-6.2000259,107.0072808,restoran
-6.9176973,107.5981544,restoran
-6.1756359,106.7817377,restoran
-6.2854979,106.7286265,restoran
-6.285042,106.7282107,restoran
-6.284866,106.7282537,restoran
-6.2853059,106.7292219,restoran
-6.2207572,106.7918441,restoran
-6.294691,106.7850769,restoran
-6.1561885,106.7339036,restoran
-6.1442002,106.8656286,restoran
-6.542439,106.8911794,restoran
-6.246263,106.7956544,restoran
-6.8901223,107.6043047,restoran
-6.2929104,106.736219,restoran
-6.5542555,106.6962647,restoran
-6.2513947,106.7374822,restoran
-6.194512,106.7978262,restoran
-6.7103474,106.9981917,restoran
-6.8361317,107.6003611,restoran
-6.955314,107.6972429,restoran
-6.955032,107.6973546,restoran
-6.9547018,107.6970904,restoran
-6.9548709,107.6969053,restoran
-6.9550413,107.6968302,restoran
-6.9548656,107.6973881,restoran
-6.9556068,107.6971404,restoran
-6.9553909,107.6971672,restoran
-6.95507,107.697276,restoran
-6.9546177,107.6976176,restoran
-6.9543572,107.698036,restoran
-6.9541148,107.698342,restoran
-6.95524,107.6974483,restoran
-6.9551033,107.6975077,restoran
-6.9551449,107.6973058,restoran
-6.3107526,106.7232364,restoran
-6.9439022,107.630798,restoran
-6.2278313,106.8098813,restoran
-6.2275566,106.809542,restoran
-6.3705475,106.6855733,restoran
-6.1159826,106.9097306,restoran
-6.2256342,106.8131912,restoran
-6.1873507,106.8261239,restoran
-6.1873332,106.8266443,restoran
-6.2692176,106.7242045,restoran
-6.2732952,106.6384729,restoran
-6.918186,107.5983421,restoran
-6.300604,106.6885973,restoran
-6.300492,106.6893483,restoran
-6.300504,106.6900171,restoran
-6.3039322,106.6924308,restoran
-6.3051335,106.6930251,restoran
-6.3005767,106.6882957,restoran
-6.3004866,106.6829726,restoran
-6.5702009,108.3132516,restoran
-6.3687958,106.8544834,restoran
-6.2568593,106.7897489,restoran
-6.4297673,106.9291696,restoran
-7.6963067,108.6576401,restoran
-6.1554959,106.7801519,restoran
-6.2495477,106.5287084,restoran
-6.9791522,108.469928,restoran
-6.2730998,107.0007997,restoran
-6.5708542,106.6738235,restoran
-6.3825809,106.9241483,restoran
-6.2244291,106.686435,restoran
-6.3309058,106.9455313,restoran
-6.2675318,106.7839163,restoran
-6.2443749,106.8029194,restoran
-6.2440937,106.8023853,restoran
-6.3256479,106.7479968,restoran
-6.3265517,106.8525597,restoran
-6.9035798,107.6007649,restoran
-6.9552762,107.699168,restoran
-6.895995,107.6352498,restoran
-6.0887317,106.7444727,restoran
-6.3218465,106.8579059,restoran
-6.2363652,106.7484718,restoran
-6.2472702,106.7452627,restoran
-6.2432672,106.7461806,restoran
-6.2509685,106.7378415,restoran
-6.2441579,106.8161794,restoran
-6.2468151,106.8162207,restoran
-6.1557436,106.9232036,restoran
-6.218762,106.9239532,restoran
-6.2206685,106.9990381,restoran
-6.2777606,106.8702368,restoran
-6.27761,106.8703827,restoran
-6.2785406,106.8700185,restoran
-6.5826561,106.7903133,restoran
-6.2608117,106.8331396,restoran
-6.2861946,107.0020036,restoran
-7.1974701,108.504492,restoran
-7.1974191,108.5039834,restoran
-7.1975938,108.5045969,restoran
-6.7010964,108.5079356,restoran
-6.2790413,106.7211819,restoran
-6.2783172,106.7212296,restoran
-6.2790579,106.7210801,restoran
-6.2766202,106.7404902,restoran
-6.169393,106.7897914,restoran
-6.2890119,106.8656528,restoran
-6.2454615,107.0081393,restoran
-6.908369,107.5981989,restoran
-6.3437011,106.7348789,restoran
-6.1897927,106.7597844,restoran
-6.2745175,106.8307221,restoran
-6.2716694,106.8310674,restoran
-6.1781596,106.6639973,restoran
-6.8825421,107.5794318,restoran
-6.5699169,106.7395525,restoran
-6.5701447,106.7396343,restoran
-6.5623041,106.732047,restoran
-6.1967017,106.8284581,restoran
-6.5732037,106.750805,restoran
-6.5725016,106.7489731,restoran
-6.5726634,106.7456961,restoran
-6.5725122,106.7489301,restoran
-6.5728193,106.745568,restoran
-6.5726455,106.7497878,restoran
-6.5669581,106.7367243,restoran
-6.5710249,106.739769,restoran
-6.5659986,106.7357478,restoran
-6.5726906,106.7422703,restoran
-6.5798809,106.7434876,restoran
-6.5764511,106.7360516,restoran
-6.5792315,106.7421448,restoran
-6.5758056,106.7377026,restoran
-6.5757998,106.7377299,restoran
-6.5728107,106.7427765,restoran
-6.579521,106.7426011,restoran
-6.5798525,106.7438037,restoran
-6.5798857,106.7436569,restoran
-6.5692834,106.7420985,restoran
-6.574929,106.7408822,restoran
-6.8263737,108.6192856,restoran
-6.5723044,106.7429448,restoran
-6.5748451,106.7408781,restoran
-6.8628655,108.6210977,restoran
-6.8173232,108.6170477,restoran
-6.5661945,106.7506984,restoran
-6.5694593,106.7552447,restoran
-6.5603996,106.7494626,restoran
-6.5617383,106.7498565,restoran
-6.5711713,106.7548062,restoran
-6.5763479,106.7540713,restoran
-6.5744367,106.7522708,restoran
-6.5770313,106.7573275,restoran
-6.5758156,106.7529447,restoran
-6.5806558,106.7641751,restoran
-6.5682462,106.765537,restoran
-6.5652618,106.7637017,restoran
-6.5696991,106.7669378,restoran
-6.5664956,106.7640142,restoran
-6.5695146,106.7663497,restoran
-6.5773871,106.7726281,restoran
-6.5693327,106.7666374,restoran
-6.5692521,106.766564,restoran
-6.5731051,106.7693076,restoran
-6.5723377,106.7687027,restoran
-6.5807724,106.7771812,restoran
-6.5809043,106.7773716,restoran
-6.584175,106.773583,restoran
-6.582415,106.7690608,restoran
-6.6023426,106.7635918,restoran
-6.6015233,106.7612167,restoran
-6.6013481,106.7527429,restoran
-6.612917,106.7514541,restoran
-6.5544121,106.7612763,restoran
-6.5451409,106.6931972,restoran
-6.541247,106.7154394,restoran
-6.5605981,106.7145234,restoran
-6.5721724,106.7464221,restoran
-6.5722243,106.7464081,restoran
-6.5723221,106.7464361,restoran
-6.5649619,106.7429013,restoran
-6.5722769,106.7464449,restoran
-6.5849898,106.7713075,restoran
-6.5859507,106.7716417,restoran
-6.5621163,106.729171,restoran
-6.8718782,108.6402059,restoran
-6.5561048,106.7757449,restoran
-6.55811,106.7711757,restoran
-6.5561634,106.7757864,restoran
-6.5561767,106.7755719,restoran
-6.5561741,106.7755061,restoran
-6.5560395,106.7758495,restoran
-6.5562434,106.7756402,restoran
-6.5560209,106.7756966,restoran
-6.5564972,106.7816263,restoran
-6.5585163,106.7851433,restoran
-6.5589693,106.784112,restoran
-6.5581979,106.7711878,restoran
-6.5530844,106.7661157,restoran
-6.5592737,106.77893,restoran
-6.557669,106.7776734,restoran
-6.5607993,106.7799995,restoran
-6.5614807,106.7805259,restoran
-6.5616693,106.7808531,restoran
-6.5623647,106.7813225,restoran
-6.5630202,106.781688,restoran
-6.5623154,106.7810529,restoran
-6.5632227,106.7816437,restoran
-6.5651819,106.7832269,restoran
-6.5627291,106.7814794,restoran
-6.5639748,106.7824021,restoran
-6.5651693,106.7828862,restoran
-6.5633393,106.7819133,restoran
-6.5658467,106.7834374,restoran
-6.5659307,106.7834951,restoran
-6.5671884,106.7844701,restoran
-6.5673229,106.7845452,restoran
-6.5693187,106.7819213,restoran
-6.5694519,106.7860942,restoran
-6.5693587,106.7823713,restoran
-6.5702173,106.7675594,restoran
-6.5701474,106.7676982,restoran
-6.5600285,106.7840785,restoran
-6.5625533,106.7799667,restoran
-6.562891,106.7801048,restoran
-6.5627971,106.7787302,restoran
-6.5593797,106.7844701,restoran
-6.5591732,106.7844439,restoran
-6.5872924,106.7717591,restoran
-6.591487,106.7749898,restoran
-6.5891749,106.7733926,restoran
-6.5874483,106.772081,restoran
-6.5904205,106.7746197,restoran
-6.5882157,106.7722969,restoran
-6.5896185,106.7737855,restoran
-6.5925794,106.7764268,restoran
-6.5914291,106.7749429,restoran
-6.5916382,106.7752567,restoran
-6.5922404,106.7761351,restoran
-6.593931,106.777662,restoran
-6.5956003,106.778932,restoran
-6.595551,106.7788884,restoran
-6.5948702,106.7782735,restoran
-6.595928,106.7792049,restoran
-6.5947969,106.7784753,restoran
-6.5956529,106.7791533,restoran
-6.5950674,106.7784619,restoran
-6.5952922,106.7786748,restoran
-6.5963064,106.7797507,restoran
-6.5958314,106.7793269,restoran
-6.5669912,106.736767,restoran
-6.5651339,106.7357397,restoran
-6.5957695,106.7859198,restoran
-6.5952626,106.7850441,restoran
-6.5958667,106.7861921,restoran
-6.5942667,106.7828594,restoran
-6.5946038,106.7837318,restoran
-6.5957708,106.7856127,restoran
-6.5957668,106.7859936,restoran
-6.5937465,106.7867064,restoran
-6.5901847,106.7857294,restoran
-6.5929381,106.7864992,restoran
-6.5927193,106.7861914,restoran
-6.5916236,106.7859419,restoran
-6.5879546,106.7850789,restoran
-6.5880585,106.7851654,restoran
-6.5861187,106.7830807,restoran
-6.5874683,106.7847396,restoran
-6.5863212,106.7831518,restoran
-6.5856671,106.7823565,restoran
-6.5871592,106.7835984,restoran
-6.5856045,106.7822794,restoran
-6.5861987,106.7830136,restoran
-6.5855039,106.7821982,restoran
-6.5853587,106.7821627,restoran
-6.5849157,106.7815854,restoran
-6.5823151,106.7783976,restoran
-6.5840271,106.7801785,restoran
-6.5824523,106.7785518,restoran
-6.8629393,108.5853348,restoran
-6.831891,108.6329879,restoran
-6.563697,106.7336503,restoran
-6.5629163,106.7327712,restoran
-6.5721831,106.7427349,restoran
-6.5721432,106.7428637,restoran
-6.575713,106.7387471,restoran
-6.5721112,106.7427255,restoran
-6.5704558,106.7392467,restoran
-6.5721978,106.742865,restoran
-6.5720846,106.7428757,restoran
-6.5722458,106.7429294,restoran
-6.6542322,106.8629891,restoran
-6.6545605,106.8617559,restoran
-6.6541356,106.8641699,restoran
-6.6544067,106.8626484,restoran
-6.6537393,106.8647875,restoran
-6.6544833,106.8624124,restoran
-6.6531279,106.8665672,restoran
-6.6537779,106.8648814,restoran
-6.6536234,106.8660361,restoran
-6.6536248,106.8659998,restoran
-6.6532664,106.8675032,restoran
-6.6538539,106.8745165,restoran
-6.6525777,106.8698233,restoran
-6.6525378,106.8707199,restoran
-6.6524412,106.870347,restoran
-6.6523246,106.8697885,restoran
-6.6526284,106.8702558,restoran
-6.6527156,106.8704744,restoran
-6.6541496,106.8755981,restoran
-6.6536754,106.875696,restoran
-6.6538232,106.8765738,restoran
-6.6537303,106.8762751,restoran
-6.6537486,106.8769352,restoran
-6.6510405,106.8893445,restoran
-6.6515387,106.8847579,restoran
-6.6520755,106.8879926,restoran
-6.6538532,106.8784842,restoran
-6.6519397,106.8845728,restoran
-6.6518118,106.883225,restoran
-6.652254,106.8807654,restoran
-6.6511298,106.8899761,restoran
-6.6522847,106.8809733,restoran
-6.6525538,106.8822312,restoran
-6.6517958,106.8831539,restoran
-6.6513729,106.8886196,restoran
-6.6512843,106.8905293,restoran
-6.6507235,106.89145,restoran
-6.6512723,106.8909082,restoran
-6.650156,106.8953955,restoran
-6.6507635,106.8928179,restoran
-6.6499216,106.8968895,restoran
-6.6499296,106.8967541,restoran
-6.6497358,106.899677,restoran
-6.6503712,106.8985538,restoran
-6.6496512,106.8992485,restoran
-6.6503552,106.8986269,restoran
-6.6503305,106.8994188,restoran
-6.5649168,106.7346467,restoran
-6.5896478,106.7868237,restoran
-6.5897225,106.786695,restoran
-6.5924882,106.7879811,restoran
-6.5854959,106.7875379,restoran
-6.5855352,106.7875372,restoran
-6.5841237,106.7878738,restoran
-6.5814745,106.7961752,restoran
-6.5861494,106.7875553,restoran
-6.5852508,106.7875372,restoran
-6.5830705,106.7894865,restoran
-6.5826702,106.790029,restoran
-6.581128,106.7952351,restoran
-6.5814705,106.7962262,restoran
-6.5816903,106.7968961,restoran
-6.5831544,106.7969464,restoran
-6.5817995,106.7968605,restoran
-6.5814678,106.7969625,restoran
-6.5840118,106.7969987,restoran
-6.5855905,106.797,restoran
-6.5893148,106.7964676,restoran
-6.585814,106.7970449,restoran
-6.5889331,106.7968592,restoran
-6.5858836,106.7970419,restoran
-6.5860827,106.7970349,restoran
-6.5887952,106.7968183,restoran
-6.5888432,106.796825,restoran
-6.5889657,106.7968565,restoran
-6.5903793,106.7972361,restoran
-6.5918054,106.796536,restoran
-6.5918067,106.796766,restoran
-6.5740637,106.7967278,restoran
-6.5807744,106.7965025,restoran
-6.5695825,106.7995676,restoran
-6.5740031,106.7967211,restoran
-6.5793582,106.7964086,restoran
-6.5789558,106.7964602,restoran
-6.5693747,106.7999102,restoran
-6.5788272,106.7965856,restoran
-6.5693494,106.7999424,restoran
-6.5704572,106.8029257,restoran
-6.571521,106.8000483,restoran
-6.571577,106.8039295,restoran
-6.568991,106.8034065,restoran
-6.5701008,106.8048468,restoran
-6.5709921,106.804132,restoran
-6.5703079,106.8029894,restoran
-6.5665582,106.8027882,restoran
-6.5690523,106.8034849,restoran
-6.5689856,106.8012218,restoran
-6.5759748,106.8003977,restoran
-6.5690116,106.8034447,restoran
-6.5704139,106.8046725,restoran
-6.5761447,106.8002703,restoran
-6.5729765,106.8026635,restoran
-6.5750862,106.8009992,restoran
-6.5752754,106.8009952,restoran
-6.5744787,106.8014941,restoran
-6.5763798,106.8000343,restoran
-6.5738179,106.8015879,restoran
-6.5765404,106.799986,restoran
-6.5788752,106.7983867,restoran
-6.5801795,106.7976706,restoran
-6.5780359,106.7988454,restoran
-6.5802954,106.7979542,restoran
-6.5801795,106.7980421,restoran
-6.5777268,106.7992356,restoran
-6.5769394,106.7996125,restoran
-6.5801995,106.7981118,restoran
-6.5800796,106.7982499,restoran
-6.5802128,106.7977953,restoran
-6.578678,106.7983532,restoran
-6.5773364,106.7993805,restoran
-6.5801435,106.797971,restoran
-6.5797891,106.7977604,restoran
-6.5801022,106.7979039,restoran
-6.5799663,106.7978811,restoran
-6.5800689,106.7978409,restoran
-6.5800496,106.7981701,restoran
-6.5686086,106.8061812,restoran
-6.56849,106.8082499,restoran
-6.5702114,106.8085898,restoran
-6.5701614,106.8085925,restoran
-6.570719,106.8083947,restoran
-6.5706703,106.8084175,restoran
-6.5712539,106.8084584,restoran
-6.5751695,106.8080869,restoran
-6.5750429,106.808091,restoran
-6.5758283,106.8082036,restoran
-6.5743255,106.808207,restoran
-6.5759602,106.8080266,restoran
-6.5829826,106.8058714,restoran
-6.5893374,106.8045571,restoran
-6.5892948,106.8051647,restoran
-6.5901275,106.8049581,restoran
-6.5915256,106.8049085,restoran
-6.5914197,106.8044673,restoran
-6.5914317,106.8049836,restoran
-6.5955643,106.8053806,restoran
-6.5955696,106.8055898,restoran
-6.5956509,106.8064441,restoran
-6.5953352,106.8058647,restoran
-6.5954098,106.8058446,restoran
-6.5953605,106.8058218,restoran
-6.5957188,106.8059727,restoran
-6.595984,106.8049796,restoran
-6.599192,106.8061638,restoran
-6.596293,106.8066372,restoran
-6.5979343,106.8055335,restoran
-6.5991054,106.8069671,restoran
-6.5950141,106.8060377,restoran
-6.5964303,106.8067794,restoran
-6.5951367,106.8054262,restoran
-6.5992373,106.8058205,restoran
-6.5992919,106.8056193,restoran
-6.6011516,106.8071884,restoran
-6.6012769,106.8070181,restoran
-6.6014327,106.8068437,restoran
-6.6015833,106.8074901,restoran
-6.6014194,106.8075505,restoran
-6.6013968,106.8071857,restoran
-6.6017232,106.8074834,restoran
-6.6013675,106.8075062,restoran
-6.6014141,106.8070811,restoran
-6.6016299,106.8076819,restoran
-6.6015153,106.8074982,restoran
-6.6014887,106.806998,restoran
-6.6016379,106.8077758,restoran
-6.6014527,106.8074177,restoran
-6.6014114,106.8076873,restoran
-6.6015233,106.8076631,restoran
-6.6013048,106.8075827,restoran
-6.6013342,106.806998,restoran
-6.6012396,106.8074606,restoran
-6.6011277,106.8074875,restoran
-6.6013128,106.8071964,restoran
-6.6013688,106.8074298,restoran
-6.6010064,106.8076001,restoran
-6.6011823,106.8074137,restoran
-6.6011916,106.807301,restoran
-6.6010504,106.8073949,restoran
-6.5871303,106.7717595,restoran
-6.5726688,106.7454962,restoran
-6.5525901,106.7452736,restoran
-6.5663677,106.7611898,restoran
-6.5719729,106.7427045,restoran
-6.5718234,106.7427295,restoran
-6.5662784,106.7612556,restoran
-6.55273,106.7452294,restoran
-6.5719154,106.7427832,restoran
-6.5719291,106.7427188,restoran
-6.5718874,106.7426987,restoran
-6.5719367,106.7428744,restoran
-6.5603862,106.7894556,restoran
-6.5609118,106.7897929,restoran
-6.5608426,106.791653,restoran
-6.5615767,106.7933294,restoran
-6.5623294,106.7937814,restoran
-6.5618112,106.794012,restoran
-6.5620696,106.7936412,restoran
-6.5620816,106.7936821,restoran
-6.5663717,106.8097425,restoran
-6.5629903,106.7961833,restoran
-6.5625679,106.7999786,restoran
-6.5618964,106.7996487,restoran
-6.5656855,106.8104446,restoran
-6.5679198,106.8095487,restoran
-6.569007,106.8093958,restoran
-6.5685407,106.8093315,restoran
-6.5686872,106.809312,restoran
-6.5963377,106.7909342,restoran
-6.5966887,106.7895911,restoran
-6.5973735,106.7895146,restoran
-6.6013049,106.7924195,restoran
-6.5963024,106.7907827,restoran
-6.590258,106.8025448,restoran
-6.5956849,106.7917838,restoran
-6.5889498,106.8011615,restoran
-6.5925028,106.8037726,restoran
-6.5911473,106.8033113,restoran
-6.5894254,106.8023148,restoran
-6.6026384,106.8011729,restoran
-6.6044196,106.7962638,restoran
-6.6026471,106.8008684,restoran
-6.6044569,106.7961028,restoran
-6.608552,106.7965481,restoran
-6.6026431,106.8010589,restoran
-6.6026377,106.8010139,restoran
-6.6027443,106.8002522,restoran
-6.6045155,106.7960317,restoran
-6.6095481,106.7978352,restoran
-6.6095252,106.7982271,restoran
-6.6059043,106.7953585,restoran
-6.6078813,106.7961947,restoran
-6.6078553,106.796072,restoran
-6.6088874,106.7976176,restoran
-6.6088465,106.7973534,restoran
-6.6092574,106.7978737,restoran
-6.6496731,106.9021795,restoran
-6.650549,106.9045452,restoran
-6.6504551,106.9047759,restoran
-6.6500128,106.9030673,restoran
-6.6499895,106.9022942,restoran
-6.6496791,106.9023693,restoran
-6.6499282,106.9036876,restoran
-6.6501227,106.9003207,restoran
-6.6510871,106.9066568,restoran
-6.6507661,106.9051413,restoran
-6.6517479,106.9084679,restoran
-6.6521608,106.9091941,restoran
-6.6522547,106.9096608,restoran
-6.6515933,106.9084539,restoran
-6.6524119,106.9097916,restoran
-6.659352,106.9145887,restoran
-6.6547184,106.9102228,restoran
-6.6589843,106.9145981,restoran
-6.6589364,106.9145069,restoran
-6.6588971,106.9142917,restoran
-6.6597709,106.9136439,restoran
-6.6525724,106.9101852,restoran
-6.6524785,106.9098989,restoran
-6.6596244,106.9134307,restoran
-6.6591308,106.9145921,restoran
-6.6617503,106.9182587,restoran
-6.6703899,106.9263589,restoran
-6.6712584,106.9267653,restoran
-6.6653069,106.9223303,restoran
-6.6610883,106.9167794,restoran
-6.6701635,106.9262999,restoran
-6.6702674,106.9263133,restoran
-6.6697339,106.9261866,restoran
-6.6600346,106.9160244,restoran
-6.6634667,106.9197828,restoran
-6.6790733,106.9314229,restoran
-6.6705924,106.9264099,restoran
-6.6706177,106.9264877,restoran
-6.6767077,106.9297788,restoran
-6.6705737,106.926827,restoran
-6.6789907,106.9312271,restoran
-6.6792651,106.9315115,restoran
-6.6791159,106.9313183,restoran
-6.6826564,106.9344418,restoran
-6.6822495,106.9343559,restoran
-6.684023,106.9350547,restoran
-6.6823674,106.9344324,restoran
-6.686964,106.9399269,restoran
-6.6837793,106.9349393,restoran
-6.6841789,106.95151,restoran
-6.6843547,106.9473647,restoran
-6.6864386,106.9443204,restoran
-6.6852058,106.9460906,restoran
-6.6868928,106.942412,restoran
-6.6864166,106.944374,restoran
-6.6864799,106.9441822,restoran
-6.6865485,106.9437464,restoran
-6.6863127,106.9449346,restoran
-6.6859517,106.9451357,restoran
-6.6848995,106.9464393,restoran
-6.6847969,106.9468993,restoran
-6.6840976,106.9482377,restoran
-6.6836554,106.9490954,restoran
-6.683738,106.9492777,restoran
-6.6841083,106.952086,restoran
-6.6858905,106.9556245,restoran
-6.6845372,106.953228,restoran
-6.6883453,106.9592442,restoran
-6.6887875,106.9603626,restoran
-6.6851819,106.9540313,restoran
-6.6874156,106.9578159,restoran
-6.6882228,106.958693,restoran
-6.6862741,106.9559732,restoran
-6.6880789,106.9585508,restoran
-6.6880136,106.9592884,restoran
-6.6884146,106.9593354,restoran
-6.6890366,106.9613242,restoran
-6.6923079,106.9624829,restoran
-6.6931457,106.9621651,restoran
-6.6943433,106.9688143,restoran
-6.6960595,106.9693063,restoran
-6.6960898,106.9692507,restoran
-6.700215,106.9717714,restoran
-6.5598167,106.6897666,restoran
-6.559399,106.6913431,restoran
-6.5593557,106.688388,restoran
-6.5641267,106.678331,restoran
-6.5965788,106.7790259,restoran
-6.6002289,106.7793562,restoran
-6.6006354,106.7793276,restoran
-6.5974081,106.778942,restoran
-6.5983194,106.7790996,restoran
-6.5980263,106.7792056,restoran
-6.597905,106.7792746,restoran
-6.600768,106.779341,restoran
-6.5971916,106.7791627,restoran
-6.5975813,106.7791794,restoran
-6.6000039,106.7793122,restoran
-6.9105149,107.6074018,restoran
-6.607092,106.7893597,restoran
-6.6010044,106.7808766,restoran
-6.6009785,106.7802114,restoran
-6.6012862,106.7836641,restoran
-6.6012855,106.781415,restoran
-6.6010011,106.7806124,restoran
-6.6070933,106.7892753,restoran
-6.6018231,106.7842817,restoran
-6.6010517,106.781514,restoran
-6.6009571,106.7827857,restoran
-6.6071466,106.7889869,restoran
-6.6118765,106.8015075,restoran
-6.6169455,106.8052485,restoran
-6.6186926,106.8070462,restoran
-6.6132301,106.8031323,restoran
-6.6135078,106.8029277,restoran
-6.6136004,106.8032905,restoran
-6.6169514,106.8049387,restoran
-6.621618,106.8084383,restoran
-6.6234704,106.8124207,restoran
-6.6212044,106.8080138,restoran
-6.6216507,106.8085107,restoran
-6.6216027,106.8084899,restoran
-6.6233312,106.8116918,restoran
-6.6184871,106.812241,restoran
-6.6168595,106.8047751,restoran
-6.6233818,106.8116375,restoran
-6.6157705,106.8096983,restoran
-6.6173504,106.8116355,restoran
-6.6185221,106.81229,restoran
-6.6177228,106.8123456,restoran
-6.6131065,106.8074673,restoran
-6.6131341,106.8074875,restoran
-6.6122369,106.806597,restoran
-6.6175756,106.8114417,restoran
-6.6115308,106.8063073,restoran
-6.6114782,106.806253,restoran
-6.6111451,106.8059613,restoran
-6.6116667,106.8061698,restoran
-6.6102379,106.8048837,restoran
-6.6098123,106.8043815,restoran
-6.6103625,106.805058,restoran
-6.6107921,106.8053055,restoran
-6.6100068,106.8046356,restoran
-6.6103428,106.8050185,restoran
-6.6096278,106.8041662,restoran
-6.6102952,106.8049575,restoran
-6.6095911,106.8041085,restoran
-6.6108667,106.8056005,restoran
-6.6098736,106.8040388,restoran
-6.6102582,106.8049119,restoran
-6.6101567,106.804812,restoran
-6.6102819,106.8049393,restoran
-6.6099801,106.8046074,restoran
-6.6095505,106.8040663,restoran
-6.6097956,106.8039456,restoran
-6.6067089,106.8012372,restoran
-6.6088558,106.8030591,restoran
-6.6068149,106.8012848,restoran
-6.6084668,106.8029163,restoran
-6.6086916,106.802921,restoran
-6.6094539,106.8037706,restoran
-6.6079705,106.8024798,restoran
-6.6084828,106.8029599,restoran
-6.6056512,106.8005489,restoran
-6.6065084,106.8012936,restoran
-6.6055013,106.8003769,restoran
-6.6059289,106.8005895,restoran
-6.6035789,106.7989191,restoran
-6.605871,106.8005466,restoran
-6.6056119,106.8005117,restoran
-6.6040272,106.7993865,restoran
-6.6184488,106.8146476,restoran
-6.6173358,106.8127627,restoran
-6.6174011,106.8124864,restoran
-6.6174377,106.8124107,restoran
-6.6172415,106.8146882,restoran
-6.616266,106.8142406,restoran
-6.6146028,106.8137585,restoran
-6.6153568,106.8141058,restoran
-6.6171932,106.8146959,restoran
-6.6152529,106.8139751,restoran
-6.615195,106.8139415,restoran
-6.6150398,106.8139918,restoran
-6.615159,106.8139449,restoran
-6.6124579,106.8134287,restoran
-6.6126488,106.8134077,restoran
-6.6133979,106.8131342,restoran
-6.6107968,106.8115202,restoran
-6.6138688,106.8133011,restoran
-6.6107029,106.8114384,restoran
-6.6125327,106.8133506,restoran
-6.6124924,106.8134478,restoran
-6.6124114,106.8136425,restoran
-6.6106056,106.811378,restoran
-6.6105477,106.8113485,restoran
-6.6106489,106.8114001,restoran
-6.0480028,106.7021102,restoran
-6.0480441,106.7037262,restoran
-6.0481502,106.7036719,restoran
-6.6113443,106.8144827,restoran
-6.6093753,106.8128183,restoran
-6.6054434,106.8123637,restoran
-6.6094673,106.8128988,restoran
-6.6090383,106.8111379,restoran
-6.6089943,106.8111044,restoran
-6.6103332,106.8140495,restoran
-6.6093041,106.8131107,restoran
-6.6107082,106.8139087,restoran
-6.6108661,106.8148233,restoran
-6.6102386,106.8138852,restoran
-6.6111578,106.8143291,restoran
-6.6103045,106.8140099,restoran
-6.6057411,106.8119238,restoran
-6.6057971,106.8123543,restoran
-6.6068428,106.8105653,restoran
-6.6111498,106.8150741,restoran
-6.6118925,106.8146201,restoran
-6.6102812,106.8139576,restoran
-6.6060555,106.8114035,restoran
-6.6117248,106.8151362,restoran
-6.609727,106.8135479,restoran
-6.6064405,106.8117428,restoran
-6.6114189,106.8153584,restoran
-6.6118652,106.8140361,restoran
-6.6119371,106.8145725,restoran
-6.6120377,106.8143499,restoran
-6.6151557,106.8145645,restoran
-6.604341,106.8101274,restoran
-6.6040079,106.8101254,restoran
-6.6045128,106.8097821,restoran
-6.6045814,106.8094777,restoran
-6.604297,106.8102622,restoran
-6.6036855,106.8111393,restoran
-6.6042863,106.8092765,restoran
-6.6217206,106.8172467,restoran
-6.6038933,106.8095233,restoran
-6.6216353,106.8173298,restoran
-6.6039879,106.8093355,restoran
-6.6040505,106.8099926,restoran
-6.6277699,106.8231864,restoran
-6.6052109,106.8079287,restoran
-6.6218392,106.8174411,restoran
-6.601514,106.8124542,restoran
-6.6277459,106.8232059,restoran
-6.6218671,106.8176222,restoran
-6.6219591,106.8175364,restoran
-6.6216407,106.8177952,restoran
-6.6233012,106.8189009,restoran
-6.6233805,106.8190598,restoran
-6.6200354,106.8166338,restoran
-6.6217779,106.8176879,restoran
-6.6217019,106.8177147,restoran
-6.6217019,106.8174948,restoran
-6.6216913,106.8176021,restoran
-6.6236396,106.8192261,restoran
-6.6279178,106.8228116,restoran
-6.6232532,106.8188406,restoran
-6.621634,106.8161523,restoran
-6.6340469,106.8273479,restoran
-6.633586,106.8270636,restoran
-6.6335354,106.826916,restoran
-6.6324044,106.8250888,restoran
-6.6334055,106.8255548,restoran
-6.6335247,106.8272218,restoran
-6.6337059,106.8272969,restoran
-6.6360917,106.8288023,restoran
-6.6339963,106.8270555,restoran
-6.6347469,106.8267611,restoran
-6.6347816,106.8267792,restoran
-6.6358986,106.8286233,restoran
-6.6360904,106.8290323,restoran
-6.6393514,106.8338871,restoran
-6.6370861,106.830411,restoran
-6.6389564,106.8328625,restoran
-6.6389111,106.833235,restoran
-6.639085,106.8333688,restoran
-6.6406569,106.8357526,restoran
-6.5591172,106.7315581,restoran
-6.5586542,106.7330749,restoran
-6.5587481,106.7329354,restoran
-6.5586322,106.732342,restoran
-6.5588387,106.7336409,restoran
-6.5589593,106.7343973,restoran
-6.5590356,106.7349475,restoran
-6.5725176,106.7459904,restoran
-6.5680497,106.7464424,restoran
-6.9088771,107.6113549,restoran
-6.9091554,107.6109231,restoran
-6.9082061,107.6111349,restoran
-6.9083419,107.6115292,restoran
-6.9084071,107.6108989,restoran
-6.9087306,107.6113495,restoran
-6.9085789,107.6109526,restoran
-6.9084883,107.6114541,restoran
-6.9082993,107.6114166,restoran
-6.9083632,107.6114166,restoran
-6.9085256,107.6115681,restoran
-6.9087559,107.6111779,restoran
-6.9085163,107.6113468,restoran
-6.9086281,107.6114501,restoran
-6.9087014,107.611489,restoran
-6.9084444,107.6113683,restoran
-6.9084005,107.6113442,restoran
-6.9083046,107.6113696,restoran
-6.9084111,107.6115024,restoran
-6.908475,107.611316,restoran
-6.9262618,107.6363128,restoran
-6.9259795,107.6365703,restoran
-6.9259848,107.6368761,restoran
-6.92652,107.6360553,restoran
-6.92652,107.636396,restoran
-6.9257851,107.6368386,restoran
-6.9258357,107.6364309,restoran
-6.9251168,107.636809,restoran
-6.9255375,107.6367205,restoran
-6.9263124,107.6366374,restoran
-6.9252979,107.6368815,restoran
-6.9248133,107.637029,restoran
-6.9262245,107.6364657,restoran
-6.9255482,107.6364925,restoran
-6.9251168,107.6365945,restoran
-6.9256094,107.6368976,restoran
-6.9249837,107.636978,restoran
-6.9259156,107.6367205,restoran
-6.9253112,107.6365301,restoran
-6.926552,107.6366293,restoran
-6.9260541,107.6367983,restoran
-6.9253911,107.6366642,restoran
-6.926355,107.6362619,restoran
-6.9252553,107.6366669,restoran
-6.9257479,107.6365301,restoran
-6.9248639,107.6365972,restoran
-6.9260008,107.6364014,restoran
-6.9253591,107.6368305,restoran
-6.9255242,107.6366213,restoran
-6.9080037,107.6089302,restoran
-6.9082354,107.6090696,restoran
-6.936835,107.6100232,restoran
-6.9081608,107.6088604,restoran
-6.9081262,107.6087585,restoran
-6.9080024,107.6088363,restoran
-6.9081781,107.6091112,restoran
-6.9360102,107.6116238,restoran
-6.9345318,107.6132378,restoran
-6.9342203,107.613681,restoran
-6.930307,107.615859,restoran
-6.9270739,107.6167414,restoran
-6.9295947,107.6164155,restoran
-6.9268196,107.6167897,restoran
-6.9324097,107.6151797,restoran
-6.9241882,107.61753,restoran
-6.9327352,107.6145561,restoran
-6.9327759,107.6145018,restoran
-6.9301445,107.6159099,restoran
-6.9255309,107.6170888,restoran
-6.9221679,107.6170928,restoran
-6.9277988,107.6168266,restoran
-6.9266146,107.617133,restoran
-6.9188256,107.6177895,restoran
-6.921262,107.6186579,restoran
-6.9112789,107.6182602,restoran
-6.9118054,107.6165396,restoran
-6.9380957,107.6143395,restoran
-6.93744,107.6106354,restoran
-6.9382861,107.6242523,restoran
-6.9381716,107.624198,restoran
-6.9382688,107.6242342,restoran
-6.890207,107.5961944,restoran
-6.8903994,107.596187,restoran
-6.8903841,107.5963546,restoran
-6.8903694,107.5962594,restoran
-6.890456,107.5963399,restoran
-6.8900725,107.5963064,restoran
-6.8902802,107.5958919,restoran
-6.8895219,107.5960441,restoran
-6.8902775,107.596482,restoran
-6.8893868,107.5957847,restoran
-6.890428,107.596073,restoran
-6.8882644,107.596183,restoran
-6.8904733,107.5962031,restoran
-6.8903055,107.5956801,restoran
-6.9056512,107.597044,restoran
-6.9056885,107.5968039,restoran
-6.9058176,107.5967395,restoran
-6.9063555,107.5985943,restoran
-6.9069959,107.5998294,restoran
-6.9217839,107.6188999,restoran
-6.9452646,107.5953092,restoran
-6.9461256,107.5954263,restoran
-6.9451361,107.5953548,restoran
-6.9202968,107.6216733,restoran
-6.9461539,107.5954259,restoran
-6.9235752,107.6056619,restoran
-6.9236763,107.6054339,restoran
-6.9243673,107.6060823,restoran
-6.9236444,107.6059704,restoran
-6.9237482,107.6057692,restoran
-6.9237296,107.60545,restoran
-6.9237802,107.605399,restoran
-6.9235539,107.6054902,restoran
-6.9236138,107.6055989,restoran
-6.9240138,107.6039962,restoran
-6.9237882,107.6039701,restoran
-6.9236444,107.6055224,restoran
-6.9238787,107.6058979,restoran
-6.923874,107.604003,restoran
-6.9229401,107.6046829,restoran
-6.9226938,107.6051804,restoran
-6.9228123,107.6052837,restoran
-6.9226579,107.6047526,restoran
-6.9228136,107.6047888,restoran
-6.9227351,107.6050195,restoran
-6.922807,107.6049913,restoran
-6.9229721,107.6050892,restoran
-6.9225966,107.6051563,restoran
-6.9228802,107.6048747,restoran
-6.9226273,107.6050879,restoran
-6.9228549,107.6047271,restoran
-6.9227617,107.6047271,restoran
-6.9273328,107.6069219,restoran
-6.9230772,107.604357,restoran
-6.9231248,107.6061197,restoran
-6.9230207,107.6062144,restoran
-6.9316429,107.6041022,restoran
-6.925889,107.6072538,restoran
-6.9167135,107.6092165,restoran
-6.9164565,107.6089409,restoran
-6.9192969,107.6097395,restoran
-6.9186106,107.6097429,restoran
-6.9168559,107.609075,restoran
-6.9161583,107.6088376,restoran
-6.9172726,107.613274,restoran
-6.8929137,107.6055492,restoran
-6.8936953,107.6054004,restoran
-6.893216,107.6050745,restoran
-6.8935368,107.6057437,restoran
-6.8936633,107.6054889,restoran
-6.8934144,107.6051952,restoran
-6.8937579,107.6053856,restoran
-6.8977654,107.6041733,restoran
-6.893172,107.6051965,restoran
-6.8930389,107.6050571,restoran
-6.893871,107.6054648,restoran
-6.8930149,107.6054701,restoran
-6.8981342,107.6039091,restoran
-6.8988891,107.6039252,restoran
-6.8978799,107.6042028,restoran
-6.5667567,106.8588209,restoran
-6.566778,106.8583623,restoran
-6.5666288,106.8576542,restoran
-6.5668073,106.8580109,restoran
-6.5669059,106.8582201,restoran
-6.5669672,106.8570936,restoran
-6.5668606,106.8572196,restoran
-6.566802,106.8577614,restoran
-6.5667221,106.8570721,restoran
-6.5673909,106.8588906,restoran
-6.5670498,106.8580122,restoran
-6.5670311,106.8588585,restoran
-6.5668846,106.8574101,restoran
-6.5665782,106.8589872,restoran
-6.5670018,106.8581745,restoran
-6.5670445,106.8585581,restoran
-6.5671084,106.8588155,restoran
-6.5673376,106.8587753,restoran
-6.5670658,106.8574959,restoran
-6.5670311,106.8576837,restoran
-6.5671644,106.8582389,restoran
-6.5672043,106.8585607,restoran
-6.5669352,106.8584642,restoran
-6.566826,106.8589121,restoran
-6.5673296,106.8585071,restoran
-6.5669619,106.8575817,restoran
-6.5675108,106.8585098,restoran
-6.5670205,106.8590704,restoran
-6.5669139,106.8589443,restoran
-6.566738,106.8585151,restoran
-6.5667194,106.8580082,restoran
-6.5672443,106.8587726,restoran
-6.5670631,106.8583971,restoran
-6.5665942,106.8579626,restoran
-6.5668686,106.8591535,restoran
-6.5671311,106.8577038,restoran
-6.5666554,106.8569112,restoran
-6.567191,106.8590704,restoran
-6.5665942,106.8585151,restoran
-6.5665755,106.8573779,restoran
-6.5667487,106.8590865,restoran
-6.567287,106.8589979,restoran
-6.5669539,106.8573564,restoran
-6.5665968,106.8578392,restoran
-6.5666901,106.8587351,restoran
-6.5665995,106.8589094,restoran
-6.566826,106.8587592,restoran
-6.5671058,106.8590167,restoran
-6.5642613,106.8472458,restoran
-6.564232,106.8474403,restoran
-6.5699162,106.8120083,restoran
-6.5692881,106.8105961,restoran
-6.569771,106.8115376,restoran
-6.5697337,106.811382,restoran
-6.5697224,106.8113016,restoran
-6.8607257,107.5896742,restoran
-6.5693827,106.810979,restoran
-6.569821,106.8117381,restoran
-6.5688418,106.8096513,restoran
-6.5696438,106.8109019,restoran
-6.5697304,106.8113358,restoran
-6.5697797,106.8115792,restoran
-6.5700934,106.8128029,restoran
-6.5699329,106.8121579,restoran
-6.5698323,106.8133213,restoran
-6.5699529,106.8121974,restoran
-6.5704225,106.8146376,restoran
-6.5695705,106.812133,restoran
-6.5698476,106.8133783,restoran
-6.5701341,106.8130386,restoran
-6.5696371,106.8120854,restoran
-6.5721538,106.8169369,restoran
-6.5762226,106.8175592,restoran
-6.5723763,106.8173982,restoran
-6.5710214,106.8157835,restoran
-6.571998,106.8173338,restoran
-6.5815477,106.8180755,restoran
-6.5730172,106.8176021,restoran
-6.5772805,106.8181707,restoran
-6.5722924,106.8173647,restoran
-6.5704065,106.8155824,restoran
-6.5704458,106.8156467,restoran
-6.5789405,106.8182217,restoran
-6.5764964,106.8178488,restoran
-6.5742668,106.8178515,restoran
-6.5752394,106.8177717,restoran
-6.304872,106.6436487,restoran
-6.5742788,106.8174532,restoran
-6.5795647,106.8185549,restoran
-6.5769747,106.8179078,restoran
-6.5744793,106.817468,restoran
-6.581619,106.8180393,restoran
-6.5797152,106.818573,restoran
-6.3047413,106.6434878,restoran
-6.3043254,106.6443327,restoran
-6.5795547,106.8187675,restoran
-6.5807684,106.8182176,restoran
-6.3054878,106.8407482,restoran
-6.3047867,106.6425759,restoran
-6.5785195,106.8181868,restoran
-6.5814745,106.8180352,restoran
-6.5753147,106.8177677,restoran
-6.5756224,106.8175122,restoran
-6.5797652,106.8187661,restoran
-6.305901,106.8402332,restoran
-6.306085,106.8402547,restoran
-6.3056064,106.8404183,restoran
-6.3057344,106.8407026,restoran
-6.5796479,106.8187387,restoran
-6.3057171,106.8405014,restoran
-6.3059597,106.8404692,restoran
-6.580021,106.8181325,restoran
-6.5816783,106.8180466,restoran
-6.3066315,106.8400428,restoran
-6.3067861,106.839973,restoran
-6.5793435,106.8182076,restoran
-6.5810588,106.818219,restoran
-6.3060397,106.8401125,restoran
-6.3051839,106.6427448,restoran
-6.3060877,106.84072,restoran
-6.3051892,106.6428333,restoran
-6.5796906,106.8187118,restoran
-6.3059757,106.840083,restoran
-6.3054998,106.8406275,restoran
-6.3068075,106.8402493,restoran
-6.5802621,106.8180983,restoran
-6.5796013,106.8187702,restoran
-6.5813146,106.8180748,restoran
-6.3058664,106.8404129,restoran
-6.5805965,106.8179226,restoran
-6.3061303,106.8403579,restoran
-6.3047627,106.6432357,restoran
-6.3063583,106.8402976,restoran
-6.3062516,106.8403365,restoran
-6.3059837,106.8403164,restoran
-6.5815824,106.8180621,restoran
-6.3059064,106.8408528,restoran
-6.3056318,106.8407804,restoran
-6.3061556,106.8405028,restoran
-6.3056824,106.8402922,restoran
-6.3060423,106.8405229,restoran
-6.3043281,106.6442335,restoran
-6.3062903,106.840134,restoran
-6.3058011,106.8406275,restoran
-6.305989,106.8407965,restoran
-6.3062849,106.8402573,restoran
-6.3060903,106.8404169,restoran
-6.3057651,106.840834,restoran
-6.3057184,106.8401849,restoran
-6.3060077,106.8407147,restoran
-6.3065036,106.8401393,restoran
-6.3048,106.6428038,restoran
-6.304944,106.6438633,restoran
-6.3055265,106.840488,restoran
-6.3068208,106.8401232,restoran
-6.3058157,106.8401018,restoran
-6.3063543,106.8401836,restoran
-6.3060303,106.840425,restoran
-6.3059264,106.8406972,restoran
-6.3040562,106.6445339,restoran
-6.3046267,106.6437721,restoran
-6.3044267,106.6442388,restoran
-6.3050346,106.6434127,restoran
-6.3042828,106.6445124,restoran
-6.3040855,106.6441905,restoran
-6.3048586,106.6427341,restoran
-6.3039469,106.6441664,restoran
-6.3038269,106.6445312,restoran
-6.3042268,106.6440403,restoran
-6.3045654,106.6429433,restoran
-6.304808,106.6437721,restoran
-6.304924,106.6431901,restoran
-6.3044934,106.6435817,restoran
-6.3040055,106.6443247,restoran
-6.3037869,106.6443032,restoran
-6.3048613,106.6441101,restoran
-6.3048746,106.6434328,restoran
-6.3050666,106.6429219,restoran
-6.3043121,106.6439652,restoran
-6.3049759,106.6436246,restoran
-6.304568,106.6434771,restoran
-6.3045094,106.6441584,restoran
-6.3038029,106.6441101,restoran
-6.30488,106.6424981,restoran
-6.304656,106.643461,restoran
-6.3047867,106.6436273,restoran
-6.30464,106.6443542,restoran
-6.3047413,106.642651,restoran
-6.3050666,106.6424552,restoran
-6.3049813,106.6428816,restoran
-6.3047067,106.6440028,restoran
-6.3039495,106.6445285,restoran
-6.304736,106.6442656,restoran
-6.3048293,106.6432384,restoran
-6.3048,106.6434757,restoran
-6.3048586,106.6423881,restoran
-6.3517459,107.1965083,restoran
-6.351258,107.195178,restoran
-6.3509888,107.1944028,restoran
-6.3508582,107.1942231,restoran
-6.3507462,107.1938717,restoran
-6.3522044,107.1965459,restoran
-6.3508502,107.1953416,restoran
-6.3507116,107.1941507,restoran
-6.3513114,107.194899,restoran
-6.3511354,107.1940407,restoran
-6.3518925,107.1968007,restoran
-6.3509462,107.1942982,restoran
-6.3516686,107.1963125,restoran
-6.351506,107.1967176,restoran
-6.3514526,107.1952075,restoran
-6.3510261,107.1953228,restoran
-6.3515939,107.1954918,restoran
-6.351314,107.1959692,restoran
-6.3511194,107.1951833,restoran
-6.3511541,107.1954194,restoran
-6.3510261,107.19381,restoran
-6.3512047,107.1963984,restoran
-6.3516126,107.1964332,restoran
-6.3508635,107.1949795,restoran
-6.35141,107.1957466,restoran
-6.3510848,107.1958378,restoran
-6.3511248,107.1946415,restoran
-6.3516712,107.1960255,restoran
-6.3508608,107.1939898,restoran
-6.3510101,107.1942151,restoran
-6.3518258,107.1970046,restoran
-6.3508555,107.1946952,restoran
-6.3511408,107.1949258,restoran
-6.3520604,107.1966317,restoran
-6.3519085,107.196326,restoran
-6.3514846,107.195929,restoran
-6.3518525,107.1972325,restoran
-6.3515993,107.1958941,restoran
-6.351466,107.1953684,restoran
-6.3519751,107.1974069,restoran
-6.3519112,107.1966988,restoran
-6.3509248,107.194612,restoran
-6.3512527,107.1958029,restoran
-6.3512554,107.1956527,restoran
-6.3509621,107.19484,restoran
-6.351418,107.1961275,restoran
-6.584071,106.8171421,restoran
-6.584075,106.8174847,restoran
-6.5832237,106.8174049,restoran
-6.5830712,106.8172983,restoran
-6.5822772,106.8176296,restoran
-6.5840331,106.8174995,restoran
-6.5841043,106.8171334,restoran
-6.5842715,106.8170764,restoran
-6.5843342,106.8174358,restoran
-6.5860548,106.8165439,restoran
-6.5860288,106.8165513,restoran
-6.586132,106.8165278,restoran
-6.5859449,106.8165714,restoran
-6.5851468,106.8169221,restoran
-6.5859082,106.8165869,restoran
-6.5855439,106.8167015,restoran
-6.5867242,106.8160142,restoran
-6.5861267,106.8164085,restoran
-6.5859748,106.8165278,restoran
-6.5860827,106.8165386,restoran
-6.5866929,106.815974,restoran
-6.588297,106.8161543,restoran
-6.5886347,106.8167344,restoran
-6.5873484,106.8164822,restoran
-6.587379,106.8164688,restoran
-6.5874696,106.8165057,restoran
-6.5875542,106.8161061,restoran
-6.5876042,106.8161047,restoran
-6.5876908,106.8161161,restoran
-6.5877827,106.8165433,restoran
-6.5911639,106.8169972,restoran
-6.5918274,106.8170475,restoran
-6.5892688,106.816735,restoran
-6.5913751,106.817014,restoran
-6.589061,106.8162797,restoran
-6.5917128,106.8170308,restoran
-6.5904658,106.8169798,restoran
-6.5920106,106.8170918,restoran
-6.5925268,106.8168732,restoran
-6.5932855,106.8172815,restoran
-6.581677,106.8173526,restoran
-6.581669,106.8171823,restoran
-6.5816836,106.8175229,restoran
-6.5818209,106.8162516,restoran
-6.5820114,106.8145886,restoran
-6.5818728,106.8154912,restoran
-6.5817416,106.816666,restoran
-6.5812147,106.8129109,restoran
-6.5816783,106.8139308,restoran
-6.5818815,106.8153745,restoran
-6.5816683,106.8139087,restoran
-6.5811447,106.8127097,restoran
-6.581661,106.8138855,restoran
-6.5811993,106.8128807,restoran
-6.5817909,106.8134111,restoran
-6.5818575,106.8134205,restoran
-6.5820027,106.8139985,restoran
-6.5812853,106.8130698,restoran
-6.5814078,106.8126225,restoran
-6.5810641,106.8123027,restoran
-6.5809875,106.810914,restoran
-6.9215477,107.6125981,restoran
-6.166455,106.8327933,restoran
-6.1950579,106.8201628,restoran
-6.8884196,107.5961276,restoran
-6.1950849,106.8199599,restoran
-6.907701,106.7792465,restoran
-6.3018851,106.79476,restoran
-6.8861807,106.7794799,restoran
-6.3763106,106.904061,restoran
-6.9139615,107.6290494,restoran
-6.6018386,107.4267087,restoran
-6.8817703,107.599353,restoran
-6.8934898,107.6057076,restoran
-6.2949289,107.1343919,restoran
-6.8886642,107.6157453,restoran
-6.9019393,107.6156563,restoran
-6.8586576,107.6364995,restoran
-6.8630892,107.6276199,restoran
-6.9267296,107.6192632,restoran
-6.9055079,106.8878186,restoran
-6.9145662,107.6020322,restoran
-6.2180183,106.7824261,restoran
-6.292776,106.7987774,restoran
-6.2928137,106.7987723,restoran
-6.2929532,106.798904,restoran
-6.309094,107.304685,restoran
-6.2276204,106.8218211,restoran
-6.2214221,106.8194855,restoran
-6.2225378,106.822444,restoran
-6.1974589,106.7506496,restoran
-6.5201638,107.667998,restoran
-6.5120785,107.6757348,restoran
-6.1527172,106.8978572,restoran
-6.9424857,107.6276045,restoran
-6.339546,106.7935574,restoran
-6.2385803,106.8519223,restoran
-6.4115471,106.864716,restoran
-6.2809182,106.7961154,restoran
-6.2441724,106.7922416,restoran
-6.2449582,106.8021557,restoran
-6.2618857,106.7376521,restoran
-6.2585541,106.7365025,restoran
-6.2577189,106.7364287,restoran
-6.2335517,106.6341574,restoran
-6.2386098,106.6524525,restoran
-6.276952,106.7729379,restoran
-6.1721035,106.5807688,restoran
-6.1721428,106.5810587,restoran
-6.1719173,106.5806128,restoran
-6.1718808,106.5806179,restoran
-6.2241035,106.8234468,restoran
-6.2244515,106.8233713,restoran
-6.2243393,106.823797,restoran
-6.3266841,107.2749272,restoran
-6.3184202,107.2708898,restoran
-6.3219962,107.2718075,restoran
-6.3358826,107.3430257,restoran
-6.324945,107.3584431,restoran
-6.4320556,106.8260768,restoran
-6.1386469,106.8568898,restoran
-6.1561829,106.7343853,restoran
-6.1571211,106.7308312,restoran
-6.354859,106.721682,restoran
-6.3292239,107.3580036,restoran
-6.2439165,106.8021627,restoran
-6.2454598,106.8026116,restoran
-6.245502,106.8026138,restoran
-6.2152076,106.8148622,restoran
-6.9961618,107.5318679,restoran
-6.8724976,107.5400216,restoran
-6.3173471,106.9497179,restoran
-6.2377608,106.6587087,restoran
-6.2376515,106.6588636,restoran
-6.2365509,106.753068,restoran
-6.9947937,107.6306265,restoran
-6.335178,107.3527442,restoran
-6.3891361,106.749707,restoran
-6.2061375,107.0516932,restoran
-6.3643794,106.8283943,restoran
-6.1541714,106.9173611,restoran
-6.9671249,107.6389075,restoran
-6.9671619,107.6390146,restoran
-6.9672069,107.6386961,restoran
-6.9184788,107.6100202,restoran
-6.7383396,108.525216,restoran
-6.7378499,108.5258014,restoran
-6.7378466,108.5256859,restoran
-6.7371714,108.5270658,restoran
-6.7372219,108.5270764,restoran
-6.7371463,108.5273897,restoran
-6.738248,108.5248681,restoran
-6.8741234,107.6045594,restoran
-6.8740529,107.6045701,restoran
-6.2341808,106.9735442,restoran
-6.3263378,106.8589091,restoran
-6.5902689,106.7972555,restoran
-6.8863895,106.9556549,restoran
-6.3016639,106.6535618,restoran
-6.3020827,106.6544835,restoran
-6.6663834,106.8704865,restoran
-6.9031839,107.6529325,restoran
-6.8967323,107.6381555,restoran
-6.9040552,107.6527098,restoran
-6.9039042,107.6527236,restoran
-6.9039203,107.6527231,restoran
-6.9026301,107.6237638,restoran
-6.358082,106.7480184,restoran
-7.1395227,107.4010447,restoran
-6.2856065,106.6243161,restoran
-6.2856112,106.6246996,restoran
-6.2854406,106.6247398,restoran
-6.2854059,106.6244656,restoran
-6.2852033,106.6241531,restoran
-6.2852753,106.6238299,restoran
-6.2854406,106.6241719,restoran
-6.2855139,106.6239801,restoran
-6.2853713,106.6238842,restoran
-6.2950607,106.6103113,restoran
-6.294259,106.609076,restoran
-6.2942496,106.6092303,restoran
-6.2950503,106.6098471,restoran
-6.2950674,106.6100323,restoran
-6.2949027,106.6106248,restoran
-6.2947581,106.6106195,restoran
-6.955097,107.6975888,restoran
-6.2919474,106.6390883,restoran
-6.2860924,106.6660599,restoran
-6.2192183,107.0337486,restoran
-6.2338469,106.8169863,restoran
-6.2337644,106.8155621,restoran
-6.2212551,106.8018069,restoran
-6.1886881,106.8186428,restoran
-6.9554997,107.5933303,restoran
-6.3459712,107.165253,restoran
-6.9543155,107.6986069,restoran
-6.1702127,106.9088911,restoran
-6.2431947,107.1600346,restoran
-6.1601108,106.9979179,restoran
-6.1599691,106.9979314,restoran
-6.1596779,106.9979391,restoran
-6.7060471,108.4783702,restoran
-6.5211453,106.7888242,restoran
-6.1941191,106.8197121,restoran
-6.9020182,107.6126236,restoran
-6.0591125,106.6922299,restoran
-6.0590439,106.6925564,restoran
-6.059121,106.6928424,restoran
-6.0595582,106.6923628,restoran
-6.0595853,106.6925091,restoran
-7.3764454,108.2129595,restoran
-6.3313819,107.1391493,restoran
-6.3316564,107.139219,restoran
-6.3310779,107.1461056,restoran
-6.3310326,107.1463296,restoran
-6.3319137,107.1397434,restoran
-6.3317657,107.1398185,restoran
-6.1879194,106.7689081,restoran
-6.1629208,106.8247698,restoran
-6.2011392,106.8858243,restoran
-6.1763894,106.8739845,restoran
-6.7369429,108.5282592,restoran
-6.7366254,108.5302862,restoran
-6.9008493,106.901668,restoran
-6.736434,108.5490042,restoran
-6.7363716,108.5490079,restoran
-6.7363942,108.5491457,restoran
-6.7364295,108.5491338,restoran
-6.159638,106.8207554,restoran
-6.3482803,106.6736594,restoran
-6.2181869,106.8182257,restoran
-6.7386756,108.5240057,restoran
-6.2285082,106.5862157,restoran
-6.2246997,106.6372827,restoran
-6.2219796,106.6311076,restoran
-6.2219838,106.6185754,restoran
-6.7152206,108.5511478,restoran
-6.7153598,108.551144,restoran
-6.736834,108.5279239,restoran
-6.047411,106.7056838,restoran
-6.0457372,106.7049839,restoran
-6.2123567,106.8021754,restoran
-6.2110124,106.8241652,restoran
-7.0067626,108.4052102,restoran
-6.9130379,107.604257,restoran
-6.229449,106.8032629,restoran
-6.2284867,106.7984121,restoran
-6.2304804,106.7957741,restoran
-6.230104,106.7974387,restoran
-6.3009063,106.6915144,restoran
-6.3016376,106.6916645,restoran
-6.2239002,106.823315,restoran
-6.2846675,106.6364708,restoran
-6.2849685,106.6364823,restoran
-6.2839471,106.6364433,restoran
-6.2842618,106.6364532,restoran
-6.2841231,106.6364477,restoran
-6.2848086,106.6364781,restoran
-6.7302955,108.5410722,restoran
-6.7195732,108.557479,restoran
-6.7195433,108.5574699,restoran
-6.3569719,107.2424815,restoran
-6.3564953,107.2422603,restoran
-6.3566923,107.2423736,restoran
-6.3571091,107.2429469,restoran
-6.3571601,107.2430885,restoran
-6.3572638,107.2430248,restoran
-6.3570334,107.2437043,restoran
-6.3569561,107.2434672,restoran
-6.9417207,107.6346637,restoran
-6.1834014,106.8250914,restoran
-6.2292225,106.7980152,restoran
-6.2317588,106.7977618,restoran
-6.2963525,106.9212096,restoran
-6.2959585,106.9215656,restoran
-6.4969279,106.7536438,restoran
-6.7922323,107.5793151,restoran
-6.7923313,107.5806633,restoran
-6.7360431,108.5312379,restoran
-6.2125527,106.8042011,restoran
-6.21252,106.8042507,restoran
-6.212594,106.8041535,restoran
-6.21231,106.8042165,restoran
-6.2122927,106.8040851,restoran
-6.2854607,106.7278999,restoran
-6.9810358,106.5398934,restoran
-6.9551416,106.4581789,restoran
-6.9461372,106.4499292,restoran
-6.9784681,106.5313963,restoran
-6.9527556,106.48338,restoran
-6.9783954,106.5312607,restoran
-6.9721217,106.5254034,restoran
-6.9792269,106.5323733,restoran
-6.9606947,106.4754551,restoran
-6.9486317,106.4487323,restoran
-7.0110163,106.5635732,restoran
-6.9886302,106.5491909,restoran
-6.984458,106.543224,restoran
-7.0080599,106.5609566,restoran
-7.0148754,106.5664055,restoran
-6.2834603,106.6328677,restoran
-6.2835451,106.6329272,restoran
-6.9158673,107.610473,restoran
-6.1966559,106.8913074,restoran
-6.7215783,108.550749,restoran
-6.7214611,108.5507543,restoran
-6.7240083,108.5506792,restoran
-6.7240087,108.550698,restoran
-6.7240097,108.5507423,restoran
-6.9120427,107.6231671,restoran
-6.8865621,107.6200137,restoran
-6.2699702,106.624338,restoran
-6.8509041,106.7642163,restoran
-6.2953778,106.9958826,restoran
-6.1865194,106.8252383,restoran
-6.2384991,106.7898634,restoran
-6.1184971,106.6674146,restoran
-6.8984645,107.5970953,restoran
-6.921684,107.6124486,restoran
-6.8972018,107.5972083,restoran
-6.905677,107.6216854,restoran
-6.9085228,107.6239245,restoran
-6.9110387,107.6274018,restoran
-6.9079386,107.6221334,restoran
-6.2422722,106.7829546,restoran
-6.2416476,106.7829996,restoran
-6.2402285,106.7831907,restoran
-6.2412123,106.7893209,restoran
-6.9049367,107.6037473,restoran
-6.8968452,107.5918421,restoran
-6.9000246,107.5967562,restoran
-6.1835193,106.83393,restoran
-6.5756277,106.7980175,restoran
-6.9273798,107.635134,restoran
-6.9025236,107.6218961,restoran
-6.9054977,107.6039072,restoran
-6.8136527,107.6215934,restoran
-6.8143005,107.6227823,restoran
-6.9143585,107.6052506,restoran
-6.9004947,107.6025507,restoran
-6.572609,106.7417013,restoran
-6.86761,107.4646409,restoran
-6.8673763,107.4644342,restoran
-6.8671955,107.4643489,restoran
-6.8893282,107.6160743,restoran
-6.8883837,107.615672,restoran
-6.8897924,107.6158406,restoran
-6.8894273,107.6161589,restoran
-6.8885934,107.6157335,restoran
-6.8894248,107.6161882,restoran
-6.8875422,107.6153737,restoran
-6.8882793,107.615636,restoran
-6.8504708,107.4962348,restoran
-6.8687131,107.5321163,restoran
-6.8698612,107.5359239,restoran
-6.8813769,107.5516833,restoran
-6.8708718,107.5388127,restoran
-6.8866152,107.613184,restoran
-6.3218035,107.3247514,restoran
-6.8950794,107.5599771,restoran
-6.6002818,106.7793624,restoran
-6.6061687,106.8089915,restoran
-6.2552824,107.0041669,restoran
-6.2523294,107.0119238,restoran
-6.2491732,107.0138832,restoran
-6.9414209,107.6267707,restoran
-6.9386826,107.6241875,restoran
-6.9385697,107.6240745,restoran
-6.9372816,107.6226773,restoran
-6.9378566,107.6233102,restoran
-6.7364553,108.5289396,restoran
-6.9405229,107.6263702,restoran
-6.2983483,107.0004283,restoran
-6.2517328,106.9906388,restoran
-7.0205415,108.4176971,restoran
-6.7195006,108.5680382,restoran
-6.7195631,108.5675748,restoran
-6.7224181,108.5497954,restoran
-6.7221024,108.5499068,restoran
-6.7221604,108.549841,restoran
-6.7220711,108.5500167,restoran
-6.7221125,108.5501725,restoran
-6.7221351,108.5502575,restoran
-6.7342657,108.5424368,restoran
-6.7342937,108.5424076,restoran
-6.2967938,107.0003204,restoran
-6.7144395,108.5549726,restoran
-6.3246979,107.340776,restoran
-6.3243178,107.3406713,restoran
-6.3244382,107.340696,restoran
-6.3244956,107.3407784,restoran
-6.3246488,107.3408043,restoran
-6.324065,107.3405886,restoran
-6.3241142,107.3404952,restoran
-6.3225517,107.3381186,restoran
-6.9553477,107.6968542,restoran
-6.9494454,106.4443559,restoran
-6.9495154,106.4417153,restoran
-6.9457053,106.4459585,restoran
-6.9523802,106.442243,restoran
-6.4333141,106.789059,restoran
-6.2955891,106.9998087,restoran
-6.7160893,108.5607218,restoran
-6.7163447,108.5602466,restoran
-6.7094913,108.5599184,restoran
-6.7096134,108.5599821,restoran
-6.7037184,108.5570723,restoran
-6.7037847,108.5568446,restoran
-6.7052298,108.5577864,restoran
-6.2990538,107.2907532,restoran
-6.3104318,107.3153415,restoran
-6.3165698,106.7169282,restoran
-6.8579813,107.5941032,restoran
-6.4134329,106.8672436,restoran
-6.9554821,107.6979267,restoran
-6.7013672,108.5511158,restoran
-6.3143086,106.6975203,restoran
-6.2444388,106.8029923,restoran
-6.2441063,106.8027138,restoran
-6.3160632,106.735185,restoran
-6.2938041,106.7949009,restoran
-6.7362565,108.5312624,restoran
-6.7358779,108.5334253,restoran
-6.7357441,108.5336683,restoran
-6.7356252,108.5341196,restoran
-6.7354682,108.5349864,restoran
-6.7354694,108.5345592,restoran
-6.7342519,108.5346934,restoran
-6.7368465,108.5281594,restoran
-6.7368708,108.5283566,restoran
-6.7364849,108.528775,restoran
-6.7364793,108.5287974,restoran
-6.7364729,108.5288223,restoran
-6.3236329,106.7451845,restoran
-6.2116234,106.8056139,restoran
-6.172257,106.8201622,restoran
-6.1835683,106.8297376,restoran
-6.1846377,106.8295042,restoran
-6.185058,106.8292123,restoran
-6.1856803,106.8291852,restoran
-6.741104,108.5772931,restoran
-6.7411238,108.5772505,restoran
-6.2306308,106.797792,restoran
-6.4340156,106.7789381,restoran
-6.2353202,106.7388891,restoran
-6.2438014,106.7461406,restoran
-6.4450428,106.778031,restoran
-6.2728508,106.6926966,restoran
-6.2172356,106.8303791,restoran
-6.3000492,106.6363665,restoran
-6.1127121,106.7478304,restoran
-6.2030373,106.8188955,restoran
-6.203064,106.8188875,restoran
-7.2053284,108.5020762,restoran
-7.2053957,108.5022207,restoran
-6.2457184,106.8024907,restoran
-6.2596501,106.7415217,restoran
-6.2366684,106.7444833,restoran
-6.9554923,107.6967853,restoran
-6.9546884,107.6975191,restoran
-6.1761601,106.8124414,restoran
-6.1847492,106.6855423,restoran
-6.9225134,106.9294506,restoran
-6.8159855,107.1337948,restoran
-6.9205099,106.9293797,restoran
-6.8123116,107.1453604,restoran
-6.2881368,107.0010071,restoran
-6.9168549,106.9311574,restoran
-6.2929669,106.7362936,restoran
-6.9557432,107.697312,restoran
-6.2236392,106.5895294,restoran
-6.2321124,106.5880047,restoran
-6.2511719,106.5731795,restoran
-6.2522921,106.5752741,restoran
-6.2506048,106.571716,restoran
-6.2276275,106.6051385,restoran
-6.2505862,106.5718359,restoran
-6.2507807,106.5716704,restoran
-6.2503677,106.572114,restoran
-6.2509713,106.5712548,restoran
-6.2504145,106.5719387,restoran
-6.2505475,106.5717775,restoran
-6.3639678,106.9279517,restoran
-6.3661362,106.9285496,restoran
-6.2858354,106.9998303,restoran
-6.2444443,106.802593,restoran
-6.2446482,106.8021537,restoran
-6.2445976,106.8021528,restoran
-6.2025479,106.8253694,restoran
-6.1957138,106.9039343,restoran
-6.7454332,108.5635772,restoran
-6.7450113,108.5633984,restoran
-6.2997453,106.6690291,restoran
-6.2997106,106.6695709,restoran
-6.3199911,106.6637174,restoran
-6.7170579,108.5592885,restoran
-6.7167905,108.5590558,restoran
-6.7175987,108.5584731,restoran
-6.7459399,108.5631624,restoran
-6.2680306,107.0205741,restoran
-6.230059,106.7977455,restoran
-6.2998988,106.7149715,restoran
-6.7250693,108.5616324,restoran
-6.7180947,108.5586093,restoran
-6.7181524,108.5586227,restoran
-6.6140142,106.8073684,restoran
-6.7983754,107.5759876,restoran
-6.2782158,106.807436,restoran
-6.7240127,108.5670726,restoran
-6.7186511,108.5587802,restoran
-6.7191117,108.5592288,restoran
-7.1227625,107.4330106,restoran
-6.9196996,107.6087865,restoran
-6.3386527,106.6282609,restoran
-6.7203527,108.5484295,restoran
-6.7210313,108.5700518,restoran
-6.7188047,108.5618506,restoran
-6.2966128,107.0155924,restoran
-6.2966581,107.0157028,restoran
-6.2966683,107.0157719,restoran
-6.1496276,106.8178675,restoran
-6.9124509,107.5985737,restoran
-6.9124771,107.5993197,restoran
-6.927444,107.6352768,restoran
-6.9269491,107.6343391,restoran
-6.9267388,107.6340585,restoran
-6.9271837,107.6348004,restoran
-6.9270839,107.6345955,restoran
-6.8678621,107.463573,restoran
-6.2350232,106.7963769,restoran
-6.2326507,106.796273,restoran
-6.2441928,106.6534865,restoran
-6.1271244,106.7913182,restoran
-6.0921869,106.7436226,restoran
-6.2326749,106.7969121,restoran
-6.2780128,106.8043485,restoran
-6.3110779,106.7866455,restoran
-6.7381625,108.5430874,restoran
-6.7204341,108.5642525,restoran
-6.72081,108.5632046,restoran
-6.7150148,108.5616059,restoran
-6.715312,108.5618695,restoran
-6.7152049,108.5620702,restoran
-6.7146432,108.5624554,restoran
-6.7145662,108.5624167,restoran
-6.1512012,106.8733609,restoran
-6.4197194,106.782242,restoran
-6.1938482,106.8221097,restoran
-6.7283316,108.5498229,restoran
-6.7283143,108.5495758,restoran
-6.7284819,108.5527468,restoran
-6.9188759,106.9361624,restoran
-6.9179079,106.9301768,restoran
-6.4951421,106.8765917,restoran
-6.3994803,106.9695903,restoran
-6.7103887,108.5605085,restoran
-6.315119,106.7077186,restoran
-6.9599952,107.580528,restoran
-6.7129586,108.5547431,restoran
-6.2881628,106.8589394,restoran
-6.3028386,106.6543721,restoran
-6.3023752,106.6541694,restoran
-6.301609,106.6532574,restoran
-6.7069993,108.5514765,restoran
-6.7044046,108.5514224,restoran
-6.7038618,108.5514334,restoran
-6.7207922,108.5625152,restoran
-6.7287742,108.5507,restoran
-6.72894,108.5533886,restoran
-6.4054941,106.7702728,restoran
-6.7291905,108.555099,restoran
-6.8778043,107.6171442,restoran
-6.3454249,106.7155133,restoran
-6.3454779,106.7155236,restoran
-6.3455745,106.7155941,restoran
-6.3454073,106.7163002,restoran
-6.3454495,106.7161555,restoran
-6.3454161,106.715972,restoran
-6.1404909,106.8092599,restoran
-6.1663156,106.9239208,restoran
-6.1629889,106.9264609,restoran
-6.1628263,106.9261068,restoran
-6.4816737,106.8125897,restoran
-6.2828027,106.9956623,restoran
-6.2329512,106.7938464,restoran
-6.232424,106.794466,restoran
-6.2681383,107.0207784,restoran
-6.3742943,106.9574191,restoran
-6.3744063,106.957454,restoran
-6.3745449,106.9575022,restoran
-6.374665,106.9575427,restoran
-6.3747849,106.9576017,restoran
-6.3767868,106.9589535,restoran
-6.3764963,106.9581945,restoran
-6.378045,106.958283,restoran
-6.3781916,106.9582964,restoran
-6.3784928,106.9583018,restoran
-6.3787194,106.9582776,restoran
-6.37889,106.9582642,restoran
-6.3796284,106.9580872,restoran
-6.3797723,106.9589106,restoran
-6.3795724,106.9588972,restoran
-6.3792845,106.9588999,restoran
-6.3769068,106.958975,restoran
-6.3763523,106.9588489,restoran
-6.371309,106.9563947,restoran
-6.3806372,106.9586044,restoran
-6.388534,106.9441534,restoran
-6.3891484,106.9431672,restoran
-6.3895273,106.9428808,restoran
-6.388779,106.9425432,restoran
-6.2738003,107.0087937,restoran
-6.8926555,107.6043715,restoran
-6.3683091,106.9596642,restoran
-6.369066,106.9585516,restoran
-6.7112961,108.5413545,restoran
-6.7114279,108.5409267,restoran
-6.9544415,107.6978529,restoran
-6.9079689,107.613069,restoran
-6.9062428,107.6224118,restoran
-6.3093175,106.900776,restoran
-6.3094868,106.9006929,restoran
-6.2920277,107.0034502,restoran
-6.2477354,106.67329,restoran
-6.9270689,107.6192846,restoran
-6.9280383,107.6187527,restoran
-6.4325983,106.7624151,restoran
-6.3307527,106.9204494,restoran
-6.2951982,106.9984717,restoran
-6.2739097,107.0087908,restoran
-6.5580952,107.8186999,restoran
-6.2432054,106.625942,restoran
-6.9131759,107.7033826,restoran
-6.1157507,106.7561805,restoran
-6.2202482,106.3458258,restoran
-6.8963411,107.6132718,restoran
-6.9095088,107.6111162,restoran
-6.9095556,107.6113091,restoran
-6.5181784,106.7879338,restoran
-6.1801164,106.78379,restoran
-6.1804615,106.7835676,restoran
-6.1784688,106.7837611,restoran
-6.1802182,106.7838043,restoran
-6.1798422,106.7856107,restoran
-6.1782247,106.7853723,restoran
-6.1783038,106.7852758,restoran
-6.1783003,106.7852376,restoran
-6.1783016,106.7852068,restoran
-6.1783567,106.7840435,restoran
-6.1857488,106.7583252,restoran
-6.1802569,106.7840257,restoran
-6.175663,106.7834599,restoran
-6.1824178,106.78342,restoran
-6.182043,106.7834855,restoran
-6.181624,106.7835104,restoran
-6.181676,106.7835106,restoran
-6.182101,106.7874015,restoran
-6.1822027,106.7871506,restoran
-6.179765,106.7855267,restoran
-6.1789505,106.7835846,restoran
-6.17873,106.7837887,restoran
-6.1832386,106.7877251,restoran
-6.8666742,107.4643488,restoran
-6.8670774,107.4643481,restoran
-6.1835644,106.7833285,restoran
-6.182198,106.7831405,restoran
-6.1883533,106.6044947,restoran
-6.8984383,107.6159839,restoran
-6.176496,106.7835067,restoran
-6.1754762,106.7837146,restoran
-6.1752815,106.7834937,restoran
-6.1749284,106.7837237,restoran
-6.1748918,106.783726,restoran
-6.1742272,106.7837558,restoran
-6.1740131,106.7837233,restoran
-6.1773027,106.7817417,restoran
-6.1772889,106.7805156,restoran
-6.174651,106.7800926,restoran
-6.1739419,106.7809052,restoran
-6.1739418,106.7814552,restoran
-6.1739146,106.7817168,restoran
-6.1737101,106.7811998,restoran
-6.1737098,106.781699,restoran
-6.1739274,106.7818611,restoran
-6.1739134,106.782134,restoran
-6.1739342,106.7825632,restoran
-6.173937,106.7826271,restoran
-6.173941,106.7825926,restoran
-6.173926,106.7827789,restoran
-6.1736913,106.7826323,restoran
-6.1739147,106.7830127,restoran
-6.3692093,106.9594839,restoran
-6.8889548,107.6155118,restoran
-6.1792269,106.7838146,restoran
-6.179279,106.7838359,restoran
-6.1792871,106.7838156,restoran
-6.1736773,106.7835151,restoran
-6.9310198,107.625839,restoran
-6.1734576,106.7829924,restoran
-6.1733381,106.7829968,restoran
-6.1728814,106.7830232,restoran
-6.1727254,106.7832094,restoran
-6.1725943,106.7829477,restoran
-6.1725123,106.7831857,restoran
-6.1719736,106.7831813,restoran
-6.1696464,106.7831093,restoran
-6.3148933,106.7321923,restoran
-6.7327947,108.5403889,restoran
-6.9271073,107.6332585,restoran
-6.9266876,107.6333859,restoran
-6.9279161,107.6362954,restoran
-6.1705633,106.7831608,restoran
-6.1690381,106.7832881,restoran
-6.1736452,106.783907,restoran
-6.8970967,107.6365302,restoran
-6.8918942,107.6166874,restoran
-6.8914827,107.6156109,restoran
-6.8918848,107.6166415,restoran
-6.1739225,106.7844755,restoran
-6.173921,106.7845193,restoran
-6.1739148,106.7845872,restoran
-6.1739146,106.7846142,restoran
-6.1736481,106.7847815,restoran
-6.1739384,106.7840545,restoran
-6.1739564,106.7838091,restoran
-6.1739571,106.7837608,restoran
-6.1739564,106.7837219,restoran
-6.4157904,106.7812832,restoran
-6.1736126,106.7866259,restoran
-6.1736507,106.7867245,restoran
-6.1738461,106.7864978,restoran
-6.1738483,106.7863446,restoran
-6.1739467,106.7854234,restoran
-6.9313825,107.5401542,restoran
-6.9546571,107.60966,restoran
-6.9541862,107.6085023,restoran
-6.9529348,107.5992771,restoran
-6.9530597,107.6043045,restoran
-6.9529331,107.5992344,restoran
-6.953275,107.6040159,restoran
-6.8765407,107.6181533,restoran
-6.875312,107.6184837,restoran
-6.3102131,106.6893742,restoran
-6.1611102,106.7829754,restoran
-6.161774,106.7853601,restoran
-6.4341459,106.7756559,restoran
-6.8811227,107.6119462,restoran
-6.8836294,107.6140853,restoran
-6.3609966,106.9607074,restoran
-6.3678079,106.9566696,restoran
-6.8917073,107.6134038,restoran
-6.8964979,107.6130858,restoran
-6.303886,106.6830224,restoran
-6.3236967,107.3376289,restoran
-6.323655,107.3378693,restoran
-6.3235547,107.3379152,restoran
-6.1786868,106.7841221,restoran
-6.1786907,106.7841941,restoran
-6.2437313,106.80045,restoran
-6.4025429,107.4912901,restoran
-6.4810908,106.7570614,restoran
-6.5565183,106.7817398,restoran
-6.7760741,108.5216886,restoran
-6.7763338,108.5226059,restoran
-6.7761094,108.5189863,restoran
-6.7644127,108.5278478,restoran
-6.7651612,108.526948,restoran
-6.9205582,106.9217078,restoran
-6.9204308,106.9212789,restoran
-6.408201704675047,106.89064586045988,restoran
-6.423663738950832,106.88901778930197,restoran
-6.438269407951332,106.87904217407687,restoran
-7.372974710842117,108.54151406612638,restoran
-6.395674024114664,106.77214403839471,restoran
-6.256719821512458,107.16676527578238,restoran
-6.369114355517264,106.82574778203463,restoran
-6.8892581624804325,107.60944975110357,restoran
-6.888759428434109,107.6127583995486,restoran
-6.89340055,107.61248579999999,restoran
-6.895949676122767,107.61322157831975,restoran
-6.908676752597574,107.6098535616084,restoran
-6.909564643864654,107.61037442484924,restoran
-6.256758488626724,106.86373233470353,restoran
-6.249103935336799,106.94104753076167,restoran
-6.246883382999887,106.90904174253185,restoran
-6.202093413135443,106.82345459531315,restoran
-6.201813460662077,106.82218353773915,restoran
-6.232173040465273,106.80780279898245,restoran
-6.230893916457886,106.8077651138092,restoran
-6.231005924867897,106.80804649544746,restoran
-6.231120576705401,106.80777938242147,restoran
-6.230901650000001,106.80909514999998,restoran
-6.884638000000001,107.61495894999999,restoran
-6.229714888880817,106.79653360235291,restoran
-6.8860058,107.62263755000001,restoran
-6.912538059541886,107.61626901062222,restoran
-6.302617121830934,106.89836800069735,restoran
-6.93236091877968,107.77889115207306,restoran
-6.363170404386005,106.83031273802521,restoran
-6.363533000000001,106.83010165,restoran
-6.393520822308948,106.82408094639601,restoran
-6.167545050000005,106.82936815000001,restoran
-6.183823165434147,106.83041012919877,restoran
-6.1837158,106.82937295000002,restoran
-6.184076966080556,106.82958770035287,restoran
-6.178912822262481,106.8403091873278,restoran
-6.201185121078722,106.85626146546225,restoran
-6.201782033380723,106.85687345743501,restoran
-6.173281260311438,106.766242158032,restoran
-6.175962463875242,106.80103077613197,restoran
-6.176777892195799,106.79991375891939,restoran
-6.6015596705937885,106.79397550424652,restoran
-6.590075339465074,106.8051114777768,restoran
-6.598786600284795,106.8038162404651,restoran
-6.602835681474237,106.80543869064556,restoran
-6.603338725787634,106.80562903552274,restoran
-6.6061148,106.80896045,restoran
-6.605790850000001,106.80867874999998,restoran
-6.61058050063943,106.81242547355839,restoran
-6.626616922622702,106.81070907687858,restoran
-6.614051610224359,106.81430593695151,restoran
-6.589406074595927,106.78826365939939,restoran
-6.6015473,106.79389783333332,restoran
-6.611325387345044,106.81271947856435,restoran
-6.611865025296385,106.81316402374499,restoran
-6.610393102707893,106.81217133185406,restoran
-6.57230875,106.75383030000002,restoran
-6.689512149658952,106.79139873355999,restoran
-6.590127535647992,106.80288772936304,restoran
-6.601554724864619,106.79393904421104,restoran
-6.601030849999998,106.78146630000002,restoran
-6.573711658039184,106.80775842404117,restoran
-6.601811209415854,106.79441031260495,restoran
-6.62699815330374,106.8222039656156,restoran
-6.629700750000001,106.82433635,restoran
-6.616386450000002,106.8107914,restoran
-6.591029910284746,106.80676942524684,restoran
-6.561215685904238,106.79002668108014,restoran
-6.620859074652117,106.81706958512063,restoran
-6.277544488761257,106.80087571609188,restoran
-6.295401279267524,106.83136193129427,restoran
-6.277912416237581,106.80092953302174,restoran
-6.277987063220295,106.80314096427706,restoran
-6.277627900000001,106.803115,restoran
-6.277982797862816,106.8026670209926,restoran
-6.295622840574151,106.83151476957816,restoran
-6.2846507631671455,106.90835797972528,restoran
-6.284918692005895,106.90478800232734,restoran
-6.883038786202766,107.60049200951958,restoran
-6.809908600059752,107.59375030001627,restoran
-6.785449665495019,107.65243736492424,restoran
-6.794253358916464,107.65367108770093,restoran
-6.817111972382945,107.61536880581804,restoran
-6.7941542403551205,107.65414231170315,restoran
-6.563039351933153,106.79782492586787,restoran
-6.563157150000002,106.79630065,restoran
-6.605213767304445,106.79279775254749,restoran
-6.242395509472379,106.8425347719392,restoran
-6.612538232920886,106.80687737731353,restoran
-6.572448650000001,106.75274879999999,restoran
-6.611584827278728,106.81522868147555,restoran
-6.610544199999998,106.81454724999998,restoran
-6.361714934167176,106.82806658248498,restoran
-6.403199458836301,106.76871383861211,restoran
-6.655468181426714,106.86108252742629,restoran
-6.578883649999999,106.80757060000002,restoran
-6.195873333950496,106.82478359078529,restoran
-6.29291476497147,106.95881967372277,restoran
-6.474688069642279,106.82556959815645,restoran
-6.322439907745231,106.78350608075637,restoran
-6.325161459938064,106.78424028303718,restoran
-6.200304214621165,106.63728067222588,restoran
-6.228913503435875,106.63477239790097,restoran
-6.298943169282888,106.66521387770126,restoran
-6.1939455506995715,106.8482957930455,restoran
-6.2235245353100845,106.61961278868975,restoran
-6.105001867443716,106.77418988650764,restoran
-6.815850149999998,107.62529769999999,restoran
-6.225755499999999,106.85688545,restoran
-6.40794505,106.7538885,restoran
-6.407745200000001,106.75398835000001,restoran
-6.407721428906704,106.75387670274466,restoran
-6.407799278536449,106.75397996050243,restoran
-6.407845820030593,106.75397793796542,restoran
-6.610220480890513,106.74204222359602,restoran
-6.6101488562427395,106.74194924291723,restoran
-6.6099739461044305,106.74212399583915,restoran
-6.625329924717862,106.79712875644718,restoran
-6.255402249999998,106.81305155000001,restoran
-6.188632113286144,106.84688965909069,restoran
-6.290067171935422,106.88318279977979,restoran
-6.22572200366873,106.85671249058058,restoran
-6.811907967640767,107.61637269056762,restoran
-6.8114366302737235,107.61652689004069,restoran
-6.304660200000002,106.85029495000002,restoran
-6.2006984,106.85455645,restoran
-6.200782044895554,106.85465455011477,restoran
-6.36085895549526,106.83359972918892,restoran
-6.36077295,106.83311599999998,restoran
-6.35929107355072,106.83231240400433,restoran
-6.359115807264158,106.83309791019099,restoran
-6.3631810729125755,106.83384776834372,restoran
-6.32358376969809,106.81964550320792,restoran
-6.374998999999999,106.83262835,restoran
-6.377422749999999,106.8320312,restoran
-6.299192132955126,106.81509081543113,restoran
-6.29936110893075,106.81502812480592,restoran
-6.171382899999999,106.63217449999999,restoran
-7.045815747478535,107.99720000778282,restoran
-7.263358678250974,107.35585448417244,restoran
-6.897076454014669,107.61078884545351,restoran
-6.900050800000001,107.61092015000001,restoran
-6.564376710495716,106.77948929869558,restoran
-6.3700595039365915,106.83335831969008,restoran
-6.368577774265975,106.81997090663444,restoran
-6.394208180039666,106.79523973500804,restoran
-6.369745473140591,106.83347297922175,restoran
-6.3586465500000005,106.81540954999998,restoran
-6.358443570020248,106.84293833797055,restoran
-6.355917699999999,106.84259739999997,restoran
-6.3550944124252355,106.8426142245096,restoran
-6.358881909220616,106.84321222386617,restoran
-6.3647346958266215,106.83352082329235,restoran
-6.367454674964905,106.83384774551273,restoran
-6.202370932122905,106.82458465228034,restoran
-6.368271625417366,106.83490585508477,restoran
-6.37071847479429,106.82881384269629,restoran
-6.239184824217834,106.81913095212093,restoran
-6.370900299999999,106.82952315,restoran
-6.293830290733188,106.96278022736719,restoran
-6.357863436295299,106.82278262872191,restoran
-6.367481649999999,106.83428099999999,restoran
-6.364515850000001,106.83364385,restoran
-6.4293634281654874,106.82635124115646,restoran
-6.394682338412508,106.78864616756042,restoran
-6.3602183000000005,106.84156445,restoran
-6.37753145,106.77020144999999,restoran
-6.419125842220729,106.81383818328412,restoran
-6.393049903846117,106.79507757565511,restoran
-6.5981875,106.81367885000002,restoran
-6.575649566004544,106.8006888931554,restoran
-6.267253802838805,106.78399936060173,restoran
-6.246210549999999,106.79210615,restoran
-6.360124700271514,107.26159267857827,restoran
-6.188466755111991,106.82590865872058,restoran
-6.235648800000001,106.81346690000001,restoran
-6.235788447921105,106.81352576005116,restoran
-6.2391422253572815,106.81207964205412,restoran
-6.2358414,106.81115475000003,restoran
-6.236073979434198,106.81364560964988,restoran
-6.23620832727974,106.81370361111581,restoran
-6.583719537915406,106.80568276318422,restoran
-6.583953538807016,106.80562893298791,restoran
-6.897940412071659,107.61820017150428,restoran
-6.177416849313474,106.79018375002005,restoran
-6.176804081504151,106.79088694674357,restoran
-6.239306100000001,106.80912960000002,restoran
-6.239210199922335,106.81046304689872,restoran
-6.932132304264624,107.78018630367183,restoran
-6.436215136213539,106.73379441535826,restoran
-6.176376756818179,106.87403057264812,restoran
-6.176520749999999,106.87471320000002,restoran
-6.195525918070106,106.82482580926174,restoran
-6.893459232441662,107.61278100816052,restoran
-6.110216192718036,106.6868883150059,restoran
-6.368827364926511,106.82179575719822,restoran
-6.840424011891647,107.9261858167585,restoran
-6.1930611,106.87013619999998,restoran
-6.812370372191844,107.5974623774546,restoran
-6.1974167690651765,106.8238942947123,restoran
-6.277825078216284,106.7996131571662,restoran
-6.277289842287893,106.7992771251822,restoran
-6.336104931925682,106.6406179521964,restoran
-6.886851437848513,107.61249418164572,restoran
-6.886696561103124,107.61190257965815,restoran
-6.896056017777834,107.61753558287666,restoran
-6.892065572007706,107.61752536985435,restoran
-6.886048918801598,107.6149134079485,restoran
-6.897923253960516,107.6135161390198,restoran
-6.903556862673165,107.61544324646047,restoran
-6.904447737071863,107.61730847612347,restoran
-6.906787705413076,107.62028649514299,restoran
-6.9166458645609135,107.61620708504726,restoran
-6.92165515,107.61854215,restoran
-6.9229032754260835,107.60768820396666,restoran
-6.100358943255919,106.96066771331554,restoran
-6.100008750000001,106.96055015,restoran
-6.100887,106.96063425,restoran
-6.307479699999999,106.85084005,restoran
-6.3046973999999985,106.84903354999999,restoran
-6.304171412392757,106.84390458075366,restoran
-6.88270259492179,107.61488490997898,restoran
-6.879849973505303,107.61602465661605,restoran
-6.882095735919568,107.61530769447378,restoran
-6.883011354624239,107.61500010449325,restoran
-6.876190463457033,107.61782702470451,restoran
-6.877109705247796,107.61768836670777,restoran
-6.882448198218439,107.61509271593691,restoran
-6.88222905196137,107.61517299877177,restoran
-6.877616003840646,107.61675642529391,restoran
-6.876917044008531,107.61718875885177,restoran
-6.885110249999999,107.61390395,restoran
-6.877391208052891,107.6174795892151,restoran
-6.8748046811392705,107.61858756175297,restoran
-6.875012849999999,107.61870350000001,restoran
-6.882495850000001,107.61505675000001,restoran
-6.874104,107.61910845,restoran
-6.875744913983037,107.61835829261149,restoran
-6.902488601202983,107.6083291835082,restoran
-6.939630875435168,107.66445881961249,restoran
-6.93921330128423,107.66948882653745,restoran
-6.2319410047589265,106.81085981714206,restoran
-6.127570923909559,106.79088661373179,restoran
-6.237459337621089,106.80885509090986,restoran
-6.183990700000001,107.46454030000001,restoran
-6.1820382,107.46189445,restoran
-6.296467809500795,106.66806980753073,restoran
-6.436210372786685,106.89279535964653,restoran
-6.322052148303973,107.15283048019803,restoran
-6.273272605211968,106.72507157349983,restoran
-6.27763255,106.8028545,restoran
-6.214223648786828,106.88889958278803,restoran
-6.218151701696946,106.89158934334739,restoran
-6.214218100000002,106.88869165000001,restoran
-6.213708247665626,106.6776716685702,restoran
-6.1862435981019654,106.40823536615557,restoran
-6.294815026224325,106.81087517741275,restoran
-6.294720276945353,106.80949905725849,restoran
-6.2893103913923785,106.80969960969821,restoran
-6.291726698535613,106.80992148537801,restoran
-6.226812348798635,106.99735746772527,restoran
-6.316186818366232,106.81630672623767,restoran
-6.311029464240642,106.81461633058142,restoran
-6.720281699893781,106.94960028513404,restoran
-6.295038026289033,106.80939308112379,restoran
-6.296306674701077,106.80876536273358,restoran
-6.296652448569422,106.8086255098617,restoran
-6.556551982564155,106.77479572162962,restoran
-6.2075022443705965,106.85865883029575,restoran
-6.201000649999999,106.85482080000001,restoran
-6.202296670879063,106.85718878985833,restoran
-6.580705128134664,106.76371987957623,restoran
-6.906919232122927,107.59835550666246,restoran
-6.2045036499999995,106.8573523,restoran
-6.20369835,106.85708445,restoran
-6.20379619366403,106.85706688109804,restoran
-6.570908838128955,106.91313108256135,restoran
-6.595716427255587,107.73462803451027,restoran
-6.354748925188159,106.84255696180404,restoran
-6.355284816259053,106.84294501714918,restoran
-6.245555499999999,106.61862429999998,restoran
-6.246156950000001,106.62296814999998,restoran
-6.275441560047931,106.65742773369898,restoran
-6.275634912922946,106.65779131098027,restoran
-6.359196899999999,106.84307225,restoran
-6.280249759786546,106.66290738455585,restoran
-6.2833482597979495,106.66437866309295,restoran
-6.371788802794675,106.88155166681393,restoran
-6.371993850000001,106.8730774,restoran
-6.5565854783169595,106.77467634699447,restoran
-6.5568424741650455,106.77675914507441,restoran
-6.556851860903219,106.77266277294481,restoran
-6.572434162685454,106.74399730665503,restoran
-6.201315777992046,106.82029365964105,restoran
-6.202554217137453,106.82537980094516,restoran
-6.201002077168787,106.82423480496023,restoran
-6.183389858070517,106.82530372624336,restoran
-6.237745327538159,106.85701570666502,restoran
-6.27391453455979,106.81892314504952,restoran
-6.206837050000001,106.82472289999998,restoran
-6.208621407056009,106.82812356792543,restoran
-6.208793703499172,106.82414932867577,restoran
-6.2563926499999996,106.62287135,restoran
-6.270432049999999,106.81516515000001,restoran
-6.21547227552703,106.87136159699193,restoran
-6.270170636833866,106.8155794695827,restoran
-6.308763749999999,106.6534953,restoran
-6.2340041,106.85514640000002,restoran
-6.228988201879174,106.85611660038387,restoran
-6.228340200000001,106.85627860000001,restoran
-6.2288927175627835,106.856546751556,restoran
-6.24171589220277,106.83968747911175,restoran
-6.241723111523656,106.83988072173652,restoran
-6.237757025163531,106.8566259727128,restoran
-6.272217762434992,106.83082872288834,restoran
-6.231004699512994,106.85579321630163,restoran
-6.2337067252879,106.8570936577851,restoran
-6.234018900000001,106.85699554999998,restoran
-6.233927517212057,106.8567221760577,restoran
-6.228998600000001,106.85376634999999,restoran
-6.240173057537955,106.82212432648518,restoran
-6.200191151459946,106.82371669903047,restoran
-6.200470019609427,106.8244857653149,restoran
-6.200572928354748,106.82435466358534,restoran
-6.199829803251314,106.82407619905865,restoran
-6.232845550000001,106.85648749999999,restoran
-6.23247025,106.8566626,restoran
-6.222272100000001,106.8697208,restoran
-6.406428328660614,106.9001861393578,restoran
-6.227285921786952,106.85511067291924,restoran
-6.265731502671788,106.82407522508491,restoran
-6.1763596714293785,106.8479162457229,restoran
-6.2556565,106.81006375,restoran
-6.236078083139436,106.8466194277173,restoran
-6.257860105699135,106.81358732891414,restoran
-6.255666113159133,106.81419637267378,restoran
-6.255585900000001,106.81348320000001,restoran
-6.1830790830779305,106.8325203243724,restoran
-6.225321293423313,106.82866667899795,restoran
-6.22508195,106.84696674999999,restoran
-6.187025172620016,106.83202032258423,restoran
-6.2549623500000004,106.81220654999998,restoran
-6.227777999999998,106.8461082,restoran
-6.250619511370313,106.8658108643912,restoran
-6.258398071285135,106.82331065129006,restoran
-6.257758129297132,106.87057740723795,restoran
-6.153505211203589,106.80818977437676,restoran
-6.255360322087003,106.81377058520508,restoran
-6.169848613569051,106.89918158481349,restoran
-6.229346725368879,106.82161353436356,restoran
-6.218580041194207,106.8198845909117,restoran
-6.234464200000001,106.85067169999999,restoran
-6.258501132245978,106.81487564588707,restoran
-6.260139867724611,106.81577966614772,restoran
-6.258773388078636,106.81552744016994,restoran
-6.217524349999999,106.82517585000001,restoran
-6.214852966469169,106.8149792020969,restoran
-6.21473815,106.81487495000002,restoran
-6.216467702087575,106.81960787666958,restoran
-6.248290050000003,106.8722773,restoran
-6.2621582335231105,106.86420387957992,restoran
-6.191497951020573,106.82951171655613,restoran
-6.37320511446369,106.83254734279258,restoran
-6.23005081515431,106.85179616807136,restoran
-6.208007799999999,106.79296665000001,restoran
-6.183986938128608,106.87168132974388,restoran
-6.20152435,106.7971695,restoran
-6.203948118665504,106.79738949596695,restoran
-6.193352508184143,106.80518677314576,restoran
-6.174404200000001,106.86040464999999,restoran
-6.258313050000003,106.87004765,restoran
-6.235669425190126,106.87136175877554,restoran
-6.2507829,106.83819444999999,restoran
-6.2260735,106.87296770000002,restoran
-6.2058028499999995,106.85385450000001,restoran
-6.21729233172652,106.8443139451975,restoran
-6.217793117351517,106.84467305727529,restoran
-6.230873417013617,106.85582275628504,restoran
-6.239288589949333,106.81462462333405,restoran
-6.24482305,106.82408065,restoran
-6.147071805816878,106.79982167469647,restoran
-6.176647600000001,106.8406956,restoran
-6.145366125643215,106.7963946947547,restoran
-6.263231185542068,106.83141483021787,restoran
-6.1772495122934865,106.95396448155786,restoran
-6.175745,106.95636994999998,restoran
-6.260892199297161,106.81525836807235,restoran
-6.28760845,106.87101769999998,restoran
-6.135615981033807,106.81282742210034,restoran
-6.2802732500000005,106.86542610000001,restoran
-6.210281600000002,106.8757507,restoran
-6.188066104614757,106.82484947573951,restoran
-6.126387568662926,106.8336261705127,restoran
-6.183327674644519,106.82561597051637,restoran
-6.124095405771521,106.84184017341495,restoran
-6.210824414264679,106.85144566097412,restoran
-6.166713344532497,106.823783675157,restoran
-6.163524620692202,106.81838125333562,restoran
-6.222984025765751,106.85753491272354,restoran
-6.288180799999999,106.85198889999998,restoran
-6.193745823159238,106.81823994441515,restoran
-6.2216388,106.53950359999999,restoran
-6.200259228706171,106.82029165414517,restoran
-6.153281515479295,106.80104431304164,restoran
-6.187447370417688,106.82610094542385,restoran
-6.572102249999999,106.74130439999999,restoran
-6.1947183,106.78172599999999,restoran
-6.23320495,106.86263970000002,restoran
-6.194321573347405,106.78691714409963,restoran
-6.2145113499999995,106.81455869999999,restoran
-6.215260670251474,106.81333850492248,restoran
-6.295352590843544,106.86145075144717,restoran
-6.295266888976847,106.86110902977464,restoran
-6.152062829046677,106.80807195172251,restoran
-6.2126373,106.81226724999999,restoran
-6.16782344666078,106.85402841987975,restoran
-6.1970118,106.8125323,restoran
-6.161700812071912,106.8119596096977,restoran
-6.168722796353023,106.81463027066955,restoran
-6.1601173,106.84564400000001,restoran
-6.167004679537992,106.8268873159901,restoran
-6.215258254232118,106.73741897585782,restoran
-6.204678700000001,106.81666695000001,restoran
-6.1989418500000015,106.80983175,restoran
-6.17776645,106.80059435,restoran
-6.162716900000004,106.82530145000001,restoran
-6.29048630566789,106.89018137067679,restoran
-6.243685867116271,106.79641945203002,restoran
-6.145429087412553,106.85583351049272,restoran
-6.1424283,106.85768024999999,restoran
-6.22751305,106.7906704,restoran
-6.266435350000001,106.80601880000002,restoran
-6.239329,106.8089745,restoran
-6.247006538795846,106.80733137909274,restoran
-6.22746065,106.8119064,restoran
-6.238802682577767,106.80990616587228,restoran
-6.197552539215204,106.81476903500652,restoran
-6.161505800000001,107.00862690000002,restoran
-6.3847739500000005,106.90266565,restoran
-6.330820254750415,106.82949984165992,restoran
-6.206359450000001,106.8075251,restoran
-6.1878316881255175,106.97582544198158,restoran
-6.331219373208369,107.14492089868097,restoran
-6.309740255369005,106.79656445376057,restoran
-6.332279481583256,106.83466087692584,restoran
-6.405296290908884,106.89478806548344,restoran
-6.404769470431526,106.74183069568633,restoran
-6.164709259652307,106.82677232886708,restoran
-6.208797248955768,106.81219331744671,restoran
-6.238892913488147,106.63759305970358,restoran
-6.112217643860255,106.68625637190138,restoran
-6.27798215,106.8003285,restoran
-6.1925766000000015,106.8797076,restoran
-6.151530900000001,106.8068145,restoran
-6.152996300000001,106.80772034999998,restoran
-6.157455518958793,106.58321504287817,restoran
-6.594545149999998,106.81043255,restoran
-6.325843305197284,106.64010502386336,restoran
-6.244529629728372,107.11604586483081,restoran
-6.252880483454537,106.90972027557989,restoran
-6.360630952543559,106.84319712363776,restoran
-6.36071345,106.84320519999997,restoran
-6.20242386605445,106.78214837618772,restoran
-6.213207902721952,106.7800780903312,restoran
-6.277139200000001,106.79866925,restoran
-6.200849750000003,106.88496965,restoran
-6.275321303944431,106.80042974979776,restoran
-6.275510529354093,106.80042473931863,restoran
-6.2973003,106.77330295,restoran
-6.162670445387456,106.83373212021657,restoran
-6.161751615248085,106.83394631844803,restoran
-6.199906599999999,106.76943800000001,restoran
-6.1602318696503335,106.83232412284929,restoran
-6.161879979288553,106.83160361135745,restoran
-6.151705550000002,106.83779310000001,restoran
-6.188103272848027,106.75536866598758,restoran
-6.189954839211099,106.80629765307852,restoran
-6.202569823941433,106.78290871241073,restoran
-6.202315250000001,106.78175974999999,restoran
-6.277056850000002,106.7923895,restoran
-6.19079495,106.80177214999999,restoran
-6.143744500000001,106.827785,restoran
-6.416700349999998,106.84855244999999,restoran
-6.169259326576057,106.77137334358727,restoran
-6.169087573450698,106.7733830097182,restoran
-6.169042552810028,106.77387092605072,restoran
-6.16916975,106.7723455,restoran
-6.169047649999999,106.77381605,restoran
-6.169460623479176,106.77408661131938,restoran
-6.169581623545189,106.77255755758968,restoran
-6.1696145499999995,106.77218015,restoran
-6.1691286,106.77293795,restoran
-6.169661576452884,106.7716408422027,restoran
-6.203096713116688,106.81882337472557,restoran
-6.2183724090663555,106.93952247925256,restoran
-6.1693723500000015,106.77007865000002,restoran
-6.610725336511812,106.80084883993264,restoran
-6.328194200000003,106.85123235,restoran
-6.203908636081595,106.79075312471493,restoran
-6.308563737792304,106.87436999585071,restoran
-6.652551409500147,106.90855282800416,restoran
-6.199044250000001,106.80227995000001,restoran
-6.155595524925318,106.82988054655253,restoran
-6.186168950000001,106.80852295,restoran
-6.202353260135007,106.77977672911538,restoran
-6.2040742999999985,106.78280409999999,restoran
-6.153588027881319,106.82428994700382,restoran
-6.216604149999999,106.77495200000001,restoran
-6.310861790159534,106.90003445585384,restoran
-6.216556149999999,106.76689265,restoran
-6.249156678122058,106.94263400262061,restoran
-6.349386595541974,106.83135577971721,restoran
-6.1928568747928425,106.7724471047575,restoran
-6.194109392345573,106.76919617528527,restoran
-6.247663775323749,106.91549594514296,restoran
-6.280479027237446,106.81997769307137,restoran
-6.316220373771012,106.81418709326428,restoran
-6.122439689464841,106.84345339437685,restoran
-6.1238916,106.84352019999999,restoran
-6.182490850000002,106.7838153,restoran
-6.165549617793298,106.89223484367608,restoran
-6.901368492094952,107.59711992641948,restoran
-6.268390082875338,106.80908002741462,restoran
-6.309782497018359,106.86334825221762,restoran
-6.903122673833366,107.60421844107675,restoran
-6.90217955,107.60402039999998,restoran
-6.9027068499999995,107.6142188,restoran
-6.9002770223899255,107.61477874841819,restoran
-6.712428045427335,108.55069822552056,restoran
-6.7122093000000005,108.54992809999999,restoran
-6.905569489199636,107.62015622597,restoran
-6.24748365,106.79178745,restoran
-6.248320743893874,106.79174267782291,restoran
-6.2465638,106.78984459999998,restoran
-6.914619025047759,107.6181340023172,restoran
-6.918353454072046,107.61770827325206,restoran
-6.729242829972445,108.54728466784893,restoran
-6.72973495,108.54621875000001,restoran
-6.728874,108.5469242,restoran
-6.00545757734468,106.78184949732403,restoran
-6.91718205,107.6138203,restoran
-6.910871796590875,107.60816249133113,restoran
-6.155480650000004,106.81350540000001,restoran
-6.179666697267203,106.75842069011402,restoran
-6.171398964222968,106.78323752566877,restoran
-6.172115674350083,106.7832513699204,restoran
-6.889386500000001,107.60135079999999,restoran
-6.237388309664348,106.94313562372274,restoran
-6.219571250000002,106.900042,restoran
-6.1557387,106.89512960000002,restoran
-6.897885542424701,107.62041982392181,restoran
-6.320578550000001,106.85803695000001,restoran
-6.93940715268791,107.66465352289096,restoran
-6.924981072945167,107.61417309481341,restoran
-6.915851097605627,107.60641046698733,restoran
-6.318935967128461,106.87788530281689,restoran
-6.195648599999999,106.75553775,restoran
-6.600427568788888,106.80715860218956,restoran
-6.166481449999998,106.7125843,restoran
-6.595554001892287,106.7851804240594,restoran
-6.917356068691488,107.60951987841638,restoran
-6.915685921440583,107.60869121440105,restoran
-6.176836362884769,106.78344498647671,restoran
-6.866164749999999,107.59356110000002,restoran
-6.277865412759863,106.79985409483456,restoran
-6.242831799999999,106.934222,restoran
-6.168986134777765,106.78299357482761,restoran
-6.170209574823172,106.78282836626812,restoran
-6.166069693461532,106.78264867477954,restoran
-6.143513010688557,106.86967337850605,restoran
-6.174004634819636,106.78105481503798,restoran
-6.175668504871383,106.78029767985369,restoran
-6.174392899999999,106.78013714999999,restoran
-6.17480772604775,106.7801738945045,restoran
-6.165872325165957,106.79182744442504,restoran
-6.312647919916888,106.81286257512468,restoran
-6.176094984050069,106.7993531417851,restoran
-6.1332680577561955,106.86892397951662,restoran
-6.294103644169804,106.7986208773987,restoran
-6.17574555,106.79797940000003,restoran
-6.175554451893487,106.78381811789804,restoran
-6.1739707534479065,106.78388169423532,restoran
-6.1745221728932265,106.78379303089343,restoran
-6.173987236064793,106.78222543346563,restoran
-6.173496753543671,106.7832448939309,restoran
-6.17344615,106.78191120000001,restoran
-6.1225145,106.73163639999999,restoran
-6.173982224548451,106.78569135394831,restoran
-6.309008237459262,106.7939333199947,restoran
-6.17305205,106.78473679999999,restoran
-6.869482319912611,107.60891580826807,restoran
-6.8690083,107.608885,restoran
-6.356787351796724,106.80109851168265,restoran
-6.873783044117102,107.60495589214553,restoran
-6.2198193932192165,106.77959112774197,restoran
-6.1424322,106.83665435,restoran
-6.111491099999999,106.74110100000001,restoran
-6.110826599999999,106.74024474999999,restoran
-6.111047250000002,106.74052910000002,restoran
-6.11069170812885,106.74007836519468,restoran
-6.1538850499999995,106.89721505,restoran
-6.160972949999997,106.77588350000002,restoran
-6.122490441530858,106.88913957474699,restoran
-6.121078523918387,106.88811482630157,restoran
-6.286932500000001,106.81906985000002,restoran
-6.331553800000001,106.83466630000002,restoran
-6.228190326409901,106.79505560586023,restoran
-6.256633954791382,106.78434982214338,restoran
-6.167338285757266,106.72416917421053,restoran
-6.2474672,106.77492769999999,restoran
-6.257612300000002,106.80245950000001,restoran
-6.258692444082422,106.76811502681964,restoran
-6.2702212500000005,106.76250379999998,restoran
-6.2389221500000005,106.80454705,restoran
-6.238788210551682,106.8071135250968,restoran
-6.236277124986157,106.80782353588266,restoran
-6.23680778445743,106.80781454642882,restoran
-6.1524566742938855,106.73124349389822,restoran
-6.153193067253153,106.7311447834805,restoran
-6.121289999999998,106.79145995,restoran
-6.235089749999999,106.81323110000001,restoran
-6.232915635869066,106.81145229086808,restoran
-6.232848700000001,106.81133885,restoran
-6.232269999999999,106.81118649999999,restoran
-6.1411124500000005,106.73791885,restoran
-6.236111999999999,106.81627679999998,restoran
-6.25033691384259,106.79500907541276,restoran
-6.13966075,106.78291354999998,restoran
-6.1114534628765576,106.77876706829285,restoran
-6.118063550000001,106.77554724999999,restoran
-6.113535400483306,106.77385511616698,restoran
-6.147278399999999,106.73438045,restoran
-6.14674255,106.7336405,restoran
-6.901352463053746,107.60444532643851,restoran
-6.901421413701734,107.60444533836265,restoran
-6.901623920419589,107.60447500552564,restoran
-6.901746690976586,107.60455711457573,restoran
-6.902906919110063,107.60421458658968,restoran
-6.900770264227938,107.60457182987075,restoran
-6.90311727970191,107.60521032395357,restoran
-6.9032639589693,107.60522457189519,restoran
-6.915662649999999,107.66082135000002,restoran
-6.790160103397601,107.18357972417625,restoran
-6.30712565,106.87912460000003,restoran
-6.886684398067273,108.49755547820811,restoran
-6.3044049510411115,106.75850153331275,restoran
-6.721111390572388,108.54979544261641,restoran
-6.725169252633591,108.54993526356536,restoran
-6.721019376581309,108.55084617100546,restoran
-6.723851650000001,108.55095360000001,restoran
-6.7194275500000025,108.55082935,restoran
-6.71919965,108.55086295,restoran
-6.711808399999999,108.55423334999999,restoran
-6.712021671453507,108.55275530382826,restoran
-6.714620421610984,108.55102408988506,restoran
-6.710662063305984,108.55607253366324,restoran
-6.710774511159375,108.55642992932205,restoran
-6.710634820822695,108.5568339554196,restoran
-6.711342172632202,108.5562682550707,restoran
-6.711062353288386,108.55710381111739,restoran
-6.728970510096472,108.55217842538562,restoran
-6.733471447738657,108.58496397020036,restoran
-6.1202441499999996,106.8127376,restoran
-6.7354916672591685,108.55003271675447,restoran
-6.7302052003202215,108.5504000691308,restoran
-6.3052291999999985,106.68013444999998,restoran
-6.304046550000001,106.6801295,restoran
-6.3044747500000025,106.68047420000002,restoran
-6.3024426,106.67974969999999,restoran
-6.302316756699293,106.67974272466142,restoran
-6.707425362000881,108.53409637281187,restoran
-6.233307975105466,106.80797409432388,restoran
-6.158181749999999,106.5829199,restoran
-6.075883813507051,106.66701625637812,restoran
-6.347602316453989,106.6831257117861,restoran
-6.891094116904535,107.61644859123012,restoran
-6.885548889154222,107.61310780510337,restoran
-7.553226449999999,107.564212,restoran
-6.89512709312533,107.61471288904801,restoran
-6.736809105996203,108.52799576637462,restoran
-6.740666286479704,108.52360744818665,restoran
-6.73833251638336,108.52482893997674,restoran
-6.872212350000001,107.62795095,restoran
-6.882859889050264,107.59945766741622,restoran
-6.8732533615505655,107.60526689666978,restoran
-6.730508879946489,108.5432412440462,restoran
-6.73165916974565,108.53771840077943,restoran
-7.746940945049092,108.49676177248755,restoran
-6.5238837266139775,106.87672774847245,restoran
-6.732719895004984,107.65284228102124,restoran
-6.732441832108868,107.65294526378702,restoran
-6.232918394387722,106.66018947366328,restoran
-6.240767057106229,106.653141070597,restoran
-6.177820986504918,106.79013246419935,restoran
-6.240168205064718,106.67595239900405,restoran
-6.840684950546357,107.92562026709757,restoran
-6.840570618529563,107.9256787429575,restoran
-6.345106585957055,106.65221282950287,restoran
-6.347197753213699,106.751215825094,restoran
-6.254559650000001,106.7000525,restoran
-6.593562386911231,106.79365654388587,restoran
-6.588758786911233,106.79575404388589,restoran
-6.588770386911233,106.79531434388586,restoran
-6.5887831869112325,106.79489174388587,restoran
-6.591996786911231,106.79021574388587,restoran
-6.592194386911233,106.79017514388586,restoran
-6.214409844187088,106.96344717526446,restoran
-6.5895324869112315,106.78958064388588,restoran
-6.588257986911231,106.79181314388586,restoran
-6.223073521990104,106.997491851737,restoran
-7.206711415747015,107.89544258635549,restoran
-7.206727026359669,107.89496770802613,restoran
-7.217111689719755,107.90498549439222,restoran
-7.219520122293267,107.89919744501246,restoran
-6.277627947414287,107.84979581372635,restoran
-6.685726193455673,108.42788866528458,restoran
-6.296039352824048,106.6237289791186,restoran
-6.306698678181404,106.64965574220203,restoran
-7.299035400000001,108.76757529999999,restoran
-7.210686974116617,106.88263116238923,restoran
-6.222914071059647,106.70786827984561,restoran
-6.59312262347766,106.78762985498324,restoran
-6.59283362347766,106.78797795498325,restoran
-6.591620823477658,106.78765235498324,restoran
-6.59227512347766,106.78773205498325,restoran
-6.592325623477661,106.78765315498325,restoran
-6.592238123477661,106.78763305498323,restoran
-6.59144902347766,106.78789325498323,restoran
-6.540859323685869,107.39160304193705,restoran
-6.59104752347766,106.78676595498324,restoran
-6.588301186911232,106.78768454388587,restoran
-6.8196457609344945,107.13770729281637,restoran
-6.578153520337582,106.80670962369986,restoran
-7.679881485139527,108.64409620178715,restoran
-6.79698125305162,107.65322651767403,restoran
-6.797054867431288,107.65318554330361,restoran
-6.374982850000001,106.91482655000002,restoran
-6.8735959,107.57258890000001,restoran
-6.3439577499999995,106.57113835000001,restoran
-6.947197475734466,107.60459677728593,restoran
-6.937476811972696,107.60272367987717,restoran
-6.28947445,106.63606955,restoran
-6.265979550000001,106.65410275,restoran
-6.937279588073683,107.60769576095535,restoran
-6.937301352523085,107.60818936878603,restoran
-6.940180320299652,107.62613999874874,restoran
-6.938533978201905,107.6246584764145,restoran
-6.2404668643592895,106.65313636643694,restoran
-6.939346094377137,107.62471152451995,restoran
-6.942401958441028,107.62768051678047,restoran
-6.943457481356295,107.62869025890673,restoran
-7.488429539395149,107.35832328086082,restoran
-6.235423055135775,106.62726601986053,restoran
-6.2290953,106.61490655,restoran
-6.229005269079618,106.61505244783551,restoran
-6.932670939459096,107.57461298776354,restoran
-6.8949521,107.58767625,restoran
-6.925956422409529,107.63209657703909,restoran
-6.878519368438356,107.61531587770976,restoran
-6.897178131657387,107.61744983218361,restoran
-6.883040262741653,107.61162557497217,restoran
-6.889112922658505,107.62096276620854,restoran
-6.882296674719144,107.61185505627562,restoran
-6.879796532846014,107.6109676795235,restoran
-6.881714188683252,107.61190352597424,restoran
-6.881926744519026,107.61251368929021,restoran
-6.906729188339925,107.61482183095947,restoran
-6.8822483327952195,107.61279262236933,restoran
-6.894856054695651,107.5890146546203,restoran
-6.345665645103142,107.15363328835981,restoran
-6.1860209051116115,106.706215717662,restoran
-6.202656442341508,106.64168203424235,restoran
-6.331126530816969,107.14573058740417,restoran
-6.257694531969351,107.02108515261365,restoran
-6.281437693902585,107.00677798079754,restoran
-6.2809645,107.00626424999999,restoran
-6.261931827749609,106.61092475430658,restoran
-6.169964273685542,106.58925189667526,restoran
-7.029470767043484,107.52830325901749,restoran
-7.0293316798381476,107.52837100741675,restoran
-7.028448350000001,107.52855445,restoran
-6.878847300884959,107.61262623305032,restoran
-6.3887880857019805,106.8381525801477,restoran
-6.407794130980773,108.28055199432575,restoran
-6.628135664046867,106.82901155470182,restoran
-6.106771071585719,106.68329314072228,restoran
-6.117660867258121,106.7828844117181,restoran
-6.244010479685991,106.79858409828664,restoran
-6.193100821569004,106.75579016063597,restoran
-6.299619442768443,107.30494285761789,restoran
-6.969913234959382,107.62733607617099,restoran
-6.814505049999999,107.61482665,restoran
-6.272640500000001,106.74240975000002,restoran
-6.272947524325202,106.74256156509293,restoran
-6.273133099999999,106.74264685,restoran
-6.281378492162768,106.66373464855273,restoran
-6.858357700000001,107.63863820000002,restoran
-6.174322889530502,106.78338915550347,restoran
-6.174009215568567,106.78335672311835,restoran
-6.158323249826584,106.99788924050678,restoran
-6.394111799999999,106.89189279999997,restoran
-6.9478221193805325,107.75265929683037,restoran
-6.947560367929733,107.75274856745271,restoran
-6.94238641631336,107.7549570997632,restoran
-6.942685658677556,107.75406933827452,restoran
-6.951378598593069,107.7509611004271,restoran
-6.46636601618001,106.8562902529131,restoran
-6.457187474077481,106.89670744108403,restoran
-6.254889485521784,106.46898145282675,restoran
-6.255532860265878,106.46864081791585,restoran
-7.749949694435391,108.5004953233756,restoran
-6.778187149999999,108.56705244999998,restoran
-6.778593395561419,108.56695107226169,restoran
-6.77872437755905,108.56729119189747,restoran
-6.778552546362821,108.56780662265345,restoran
-6.278264361027349,106.72118900729622,restoran
-6.3517262,106.93608655,restoran
-6.862356800000001,107.59347385000001,restoran
-6.877502378673375,107.67368419011827,restoran
-6.352387475069778,106.93667219187392,restoran
-7.350319022197316,108.46885618676552,restoran
-7.348406213358711,108.47581314810513,restoran
-7.34952945,108.47868275,restoran
-7.3506178624912755,108.46030329709086,restoran
-7.349971476433106,108.46102388615084,restoran
-7.349445351408379,108.45549551095779,restoran
-7.3502755602921965,108.45735448006631,restoran
-6.222432585545905,106.80680947859766,restoran
-6.160650273883424,106.97433808733246,restoran
-6.288869152839362,106.6659432779044,restoran
-6.289098400000001,106.66585110000003,restoran
-6.290003430560177,106.66597601088421,restoran
-6.29113195,106.66624769999999,restoran
-6.290572119931076,106.66609439270535,restoran
-6.2905287527318965,106.66609127690016,restoran
-6.2920333,106.66617139999998,restoran
-6.2918375717576405,106.66622811184304,restoran
-6.279828288656678,106.66290063539269,restoran
-6.299190749999999,106.6647539,restoran
-6.299190749999999,106.6647921,restoran
-6.29919075,106.66474230000001,restoran
-6.299190750000002,106.66470410000001,restoran
-6.879381916229248,107.61271286721905,restoran
-6.3883337171083046,106.93876221551903,restoran
-6.314127272073158,106.69973489488693,restoran
-7.374634964338557,108.54169786571457,restoran
-7.370917025944219,108.53993145560746,restoran
-7.370861219080224,108.53964565157372,restoran
-7.369732850000001,108.53587479999997,restoran
-7.373334579227434,108.53934065269982,restoran
-6.276439774529695,106.71821418080377,restoran
-7.360691133940716,108.56395105074843,restoran
-7.3688876,108.55337280000002,restoran
-7.357235749999999,108.56352835,restoran
-7.0604189791652265,107.57524446746022,restoran
-7.06044545,107.5753614,restoran
-6.568880373841897,106.85505027789347,restoran
-7.368818650000001,108.5456047,restoran
-7.3683008,108.54525675000001,restoran
-7.366764171196905,108.54413549597312,restoran
-7.366724229008674,108.54395881237558,restoran
-6.831711089035533,108.20902557433692,restoran
-6.831963116634958,108.20993406260936,restoran
-6.83386396883984,108.2212175502469,restoran
-6.8340009017079835,108.22150893481424,restoran
-6.834952818820266,108.23228431463922,restoran
-6.835690544942988,108.23242386953908,restoran
-6.835767407256564,108.23167258497233,restoran
-6.835669629511734,108.23196475528738,restoran
-6.835164330414197,108.23041014516998,restoran
-6.835321487285973,108.23044341760362,restoran
-6.835625853194159,108.2293387396759,restoran
-6.835466184324872,108.2254415347542,restoran
-6.835555009108343,108.22509911177127,restoran
-6.835501428182392,108.22442273947264,restoran
-6.8354961158184135,108.22323043145914,restoran
-6.834525611231477,108.2233006060475,restoran
-6.834677003421321,108.22520581715216,restoran
-6.834625284091828,108.22540835302294,restoran
-6.835029295511799,108.22686411826488,restoran
-6.834794774549646,108.22584952592506,restoran
-6.834800578994852,108.22604941023398,restoran
-6.8347943157925,108.22680059743243,restoran
-6.834505109071612,108.2230164810429,restoran
-6.834360586422799,108.22124570339015,restoran
-6.834382509714567,108.22170722255197,restoran
-6.834060519191889,108.21621253073258,restoran
-6.833760943893229,108.2158555993974,restoran
-6.831052210349377,108.20764401273252,restoran
-6.830663390216959,108.20669821924426,restoran
-6.8298914716003605,108.20582265448397,restoran
-6.830419698534541,108.20590873333333,restoran
-6.829972146993008,108.20536442359226,restoran
-6.833173826787454,108.2079861517601,restoran
-6.833775235619225,108.20841792788461,restoran
-6.834940413806364,108.21423129156787,restoran
-6.834609718530918,108.2146799104531,restoran
-6.835322760784933,108.22022725811266,restoran
-6.835388861573972,108.22087515382134,restoran
-6.835342071210538,108.22051166797216,restoran
-6.83542342078479,108.22074096385455,restoran
-6.835386779430156,108.22058447506411,restoran
-6.835301571298732,108.22117306062951,restoran
-6.835450730256017,108.2221556257072,restoran
-6.83546918363793,108.22300645193233,restoran
-6.835258413611861,108.22302306408326,restoran
-6.834828997483018,108.22302007099177,restoran
-6.835922685697966,108.23012152698391,restoran
-6.8359600650657555,108.22979638956126,restoran
-6.836011268514498,108.23078413707549,restoran
-6.835992839609558,108.2309585680239,restoran
-6.835793989104567,108.22596138106134,restoran
-6.835893491669077,108.22442911173465,restoran
-6.835710190691359,108.22321220759046,restoran
-6.835709481132123,108.22190159229154,restoran
-6.835672429539951,108.22175264527843,restoran
-6.835637519670295,108.22103879715822,restoran
-6.8351435543013865,108.2164890361055,restoran
-6.8297797837391245,108.2085742048499,restoran
-6.829385512694844,108.21015287215947,restoran
-6.829525790514245,108.21182132010952,restoran
-6.831856400357978,108.21741159074965,restoran
-6.831925469882454,108.21794601692477,restoran
-6.832752834359221,108.22331269587914,restoran
-6.83303969475595,108.22342961319778,restoran
-6.833681670542604,108.22663303555986,restoran
-6.977520401870439,107.63096739303307,restoran
-6.833672157626153,108.23009524042881,restoran
-6.833967325422082,108.23148356567023,restoran
-7.369124737682108,108.54618047482464,restoran
-7.355183499999997,108.5814252,restoran
-7.362361624180297,108.54341159503579,restoran
-7.365044382220417,108.54269194707442,restoran
-7.359852500000001,108.54140344999999,restoran
-7.3604118002935195,108.54218571670064,restoran
-7.3601123162916,108.54225985186162,restoran
-7.358463291958837,108.5314892204509,restoran
-6.2720257,106.6981293,restoran
-7.073098491909081,107.48886088444891,restoran
-6.343451829099653,106.67691795487772,restoran
-6.217915361792534,106.84472098395847,restoran
-6.654775599999999,106.86111235,restoran
-6.241513955063051,106.84238817237684,restoran
-6.603742920654423,106.80982701567531,restoran
-6.884732549362475,107.63204908363468,restoran
-6.2297883999999994,106.6581554,restoran
-6.237892005806751,106.65919137262082,restoran
-6.240486383047991,106.65654428401099,restoran
-6.496628023904324,106.79475183983473,restoran
-6.563812100000001,106.80965875,restoran
-6.537460917492976,107.692851917534,restoran
-6.531020988355334,107.69323124549035,restoran
-6.1943945853177595,106.63612623587291,restoran
-6.288680327152575,106.65160664212762,restoran
-6.80588635,107.5941176,restoran
-6.8135897000000005,107.6013106,restoran
-6.96096635,107.64408215,restoran
-7.367714046227021,108.14127293998112,restoran
-6.9810393044307695,107.63499857029612,restoran
-6.14051575,106.82291304999998,restoran
-6.933025649999999,107.71625030000001,restoran
-6.989415306254178,107.75164897316691,restoran
-6.863714239484241,107.47844921657327,restoran
-7.076800915188869,107.48733344410346,restoran
-6.812872899999999,107.61977969999997,restoran
-6.8431629296350795,107.59754520970914,restoran
-6.867459532900844,107.61939028164166,restoran
-6.867554333389838,107.61946580018817,restoran
-6.168768079864084,106.72847389651646,restoran
-6.892279625014136,107.63431907659779,restoran
-7.326134495367709,108.34278933073679,restoran
-6.880512808795463,107.62494494783478,restoran
-7.014481058558354,107.53057988399823,restoran
-6.9332825000000025,107.77667695,restoran
-6.884205924218418,107.80229509278475,restoran
-6.106580500000001,106.68339044999999,restoran
-6.32916674731248,107.2959157082829,restoran
-6.564990615327532,106.82232946832849,restoran
-6.565146812889723,106.82228658856347,restoran
-6.565449785185491,106.82228856053557,restoran
-6.56531224453977,106.82227172467482,restoran
-6.707958895919062,107.02200369834429,restoran
-6.293364090080364,106.99856527668368,restoran
-6.297637168552944,106.9926088939598,restoran
-6.294952290703259,106.99708216193841,restoran
-6.295209954123447,106.99721646331852,restoran
-6.2621807102027605,106.99898794662019,restoran
-6.237066860619544,106.99887831458852,restoran
-7.345144532211837,108.43158392682363,restoran
-6.605576637691534,107.05002781924348,restoran
-6.46874877466451,106.9739677689947,restoran
-6.595426821712798,106.78934014098755,restoran
-6.247754140397054,106.95678252560889,restoran
-6.248167325336787,106.95674186153109,restoran
-6.642379582638183,106.87019213794044,restoran
-6.403745749901001,107.44967017447047,restoran
-6.597910858737909,106.83664485591326,restoran
-6.677484499999999,107.03352044999998,restoran
-6.365355101977508,107.17885417239563,restoran
-6.5649567499999995,107.76133195000001,restoran
-6.499439825857766,107.03379319974538,restoran
-6.2576772,106.62074065,restoran
-6.258585149999999,106.62016309999998,restoran
-6.2586618000000005,106.62013019999999,restoran
-6.503998475484929,108.42663446794104,restoran
-6.5044148684074745,108.42665478532015,restoran
-6.650565661459308,106.9042236314537,restoran
-6.236340098535857,106.99150145440959,restoran
-6.608449003684636,106.81222523501681,restoran
-6.603256204800218,106.81047338293334,restoran
-6.602964582580223,106.8109194282694,restoran
-6.60428189756817,106.80865078425337,restoran
-6.58708195,106.81647939999999,restoran
-6.649803494404903,106.89857938390601,restoran
-6.2400179036277565,106.99346183167397,restoran
-6.6096877202183935,106.81303182353085,restoran
-6.649836504114444,106.89600372261782,restoran
-6.650066048555889,106.8964349827312,restoran
-6.649854576176404,106.89734640063614,restoran
-6.6494425125143835,106.90150466924263,restoran
-6.357389583304879,106.75079126666562,restoran
-6.235671972272457,107.000166841604,restoran
-6.228366584049917,107.0018588544197,restoran
-6.228454585261838,107.00155670876072,restoran
-6.220908800000002,106.61661660000001,restoran
-6.335075763414474,106.72936005388598,restoran
-6.530851868278956,106.80141664840623,restoran
-6.616120655959138,106.80416287067736,restoran
-6.262426555773004,106.6916496719136,restoran
-6.316973599999999,107.13974279999998,restoran
-6.15307716136315,106.58265471722433,restoran
-7.59730275,107.6323874,restoran
-7.597214200000002,107.63238945000002,restoran
-7.597389524864032,107.63238885717759,restoran
-7.597478600000001,107.6323886,restoran
-7.597566324864033,107.6323861571776,restoran
-7.597667375135966,107.6323832428224,restoran
-7.597811025201618,107.63237415583768,restoran
-7.597325440751277,107.63214257475043,restoran
-6.3250570371461885,107.1242530302059,restoran
-6.138747049999999,106.54123934999998,restoran
-6.13936815,106.54241640000001,restoran
-6.2541280600990286,106.95208533180225,restoran
-6.468047633646655,106.85640402833894,restoran
-6.4494820499999985,106.46148664999998,restoran
-6.5263135783247,106.87875096267464,restoran
-6.885012671582897,106.80487764159832,restoran
-6.8937798608741385,106.78704527429878,restoran
-6.715335333318309,107.02474140008142,restoran
-7.3345866552405825,108.39172166595277,restoran
-6.714479053118967,107.02381194007256,restoran
-6.894548799999999,106.79083259999999,restoran
-7.371409800000002,108.56126635,restoran
-6.918577793529389,107.73695498687162,restoran
-6.224568184762512,107.00281930217851,restoran
-6.561735537898641,106.79924881500382,restoran
-6.893034999999999,107.5994491,restoran
-6.917117370911515,106.93644217872374,restoran
-6.372609434138777,106.86759079763661,restoran
-6.372194851613125,106.86810889963913,restoran
-6.372171048767303,106.86819304907368,restoran
-6.369542956716125,106.88468508139141,restoran
-6.285993965837073,106.6395814273614,restoran
-6.257907266491458,106.949907891322,restoran
-6.232958997293957,106.85683677412246,restoran
-6.238155550032566,106.85687217162051,restoran
-6.2365778391941555,106.85718473017214,restoran
-6.971306,108.48072825,restoran
-6.1803567500000005,106.85372564999999,restoran
-6.894146574675739,106.78705541256296,restoran
-6.25329203008807,106.66813919224244,restoran
-6.565485718533834,107.76081288722466,restoran
-6.5656839987282245,107.76076558233677,restoran
-6.1937315612104165,106.86742797909221,restoran
-6.317556151143891,106.67955303297909,restoran
-6.092503170362888,106.74885033756257,restoran
-6.317773059060008,106.68045937725272,restoran
-6.3176609836596604,106.68041181574182,restoran
-6.317466954047728,106.68026663276406,restoran
-6.31732605,106.68005974999998,restoran
-6.3168823,106.6796861,restoran
-6.316907939061977,106.67970538374664,restoran
-6.3167664,106.67959870000001,restoran
-6.316936360523475,106.68005655447733,restoran
-6.3170709,106.68014674999999,restoran
-6.718174291381331,107.03723597472633,restoran
-6.278736991189687,106.71823345651008,restoran
-6.279121154625502,106.71829982828542,restoran
-6.280819458126745,106.71445662907111,restoran
-6.715997104895568,107.00963209459093,restoran
-6.7136176,107.0226878,restoran
-6.713500898077649,107.02272356623004,restoran
-6.713554149999999,107.02282964999999,restoran
-6.71362755,107.02286655,restoran
-6.713677409395764,107.02283788462613,restoran
-6.714696434835339,107.02314745450435,restoran
-7.359585049999999,108.54145929999999,restoran
-7.368821820929804,108.54574394236442,restoran
-7.367040783312595,108.56123949859135,restoran
-7.3668991314637,108.56136055415102,restoran
-7.359362249999999,108.53265005,restoran
-6.924650787097518,107.71074863986684,restoran
-6.916123922379728,107.66148223460479,restoran
-6.649683523553619,106.9004239587475,restoran
-6.145621663497848,106.73402302965789,restoran
-6.282449650000001,106.71304964999999,restoran
-6.282894499999999,106.71377045000001,restoran
-6.28255565,106.71366474999998,restoran
-6.317555232456159,106.68032262411506,restoran
-6.367424937838372,107.36039139643519,restoran
-6.367634634033945,107.36023285175905,restoran
-6.367875699999999,107.36055919999998,restoran
-6.3677242663063005,107.3602008319499,restoran
-6.366913776106105,107.36048416055415,restoran
-6.336658647564397,106.73922527864119,restoran
-6.294600439294089,106.68347987044466,restoran
-6.919808950000002,106.91860390000001,restoran
-6.2514105641788955,106.7565352357436,restoran
-6.897531817778155,107.61211989608842,restoran
-6.897435271406191,107.61196529397942,restoran
-6.894008989616649,107.61247522873221,restoran
-6.898699550000002,107.6341725,restoran
-6.2407958590754395,106.79365696569727,restoran
-6.218429079252511,106.75103552073675,restoran
-6.2638381999999995,106.61836624999998,restoran
-6.265681406104182,106.61673922065913,restoran
-6.263631300000001,106.63027155,restoran
-6.2294297499999995,106.65812729999998,restoran
-6.236464273380432,106.66040315947652,restoran
-6.24475785,106.84245485000001,restoran
-6.2719659389519915,106.75572612027493,restoran
-6.207842802309952,107.02114399910897,restoran
-6.207903586234133,107.02134386263525,restoran
-6.2195014273417355,106.93149094931263,restoran
-6.294743300000001,106.68674084999999,restoran
-6.29471076108837,106.68683514654838,restoran
-6.227788735040047,106.85568544110956,restoran
-6.938764904771266,107.62484826530263,restoran
-6.939202998007421,107.6251775271305,restoran
-6.260610027594472,106.6074986621459,restoran
-6.3079216967738025,107.38406007758364,restoran
-6.30772266802392,107.38405170583599,restoran
-6.241279878410203,106.75242240162409,restoran
-6.241408309516195,106.75248272069484,restoran
-7.331678100000003,108.3597324,restoran
-7.384595396488346,108.48464433146712,restoran
-6.241252903877818,106.75178101416529,restoran
-6.241269839610679,106.75199575629958,restoran
-6.305761251905909,106.67995787838535,restoran
-6.271944065016367,106.71764122894707,restoran
-6.509439815442215,107.71817434735992,restoran
-6.50967297883645,107.71759572154261,restoran
-6.509760917719433,107.71794790272656,restoran
-6.509631119979419,107.71903937236866,restoran
-6.233954575040344,106.85699324205454,restoran
-6.253827520592655,106.69993859338175,restoran
-6.322066185876977,106.67534666983123,restoran
-6.3217486,106.67785415,restoran
-6.139318587630046,106.7275727795504,restoran
-6.890290524753187,107.61172483506135,restoran
-6.947672962548373,107.63358963897278,restoran
-6.320165986074567,106.8581057344046,restoran
-6.919291297082441,107.70859570843497,restoran
-6.879376931346392,107.61265721479472,restoran
-6.960074451997211,107.69481017985801,restoran
-6.9593034,107.69467630000001,restoran
-6.959392952408088,107.69468962879868,restoran
-6.9594377000000005,107.6946963,restoran
-6.959527247591913,107.69470967120132,restoran
-6.958629117106524,107.6946221834453,restoran
-6.958351028814325,107.69463498975969,restoran
-6.9577358,107.6947665,restoran
-6.201994306202651,106.82347274629636,restoran
-6.331720854537528,106.6867626220915,restoran
-6.924952016476014,107.62793409679976,restoran
-6.917066732457526,107.61291423852369,restoran
-6.283447250000001,106.9301117,restoran
-6.283236322774244,106.92961546682955,restoran
-6.956463031798026,107.68764773351087,restoran
-6.241808154422856,106.6665828115784,restoran
-6.278669621754568,106.97399346237395,restoran
-6.293328944559924,106.80259742653492,restoran
-6.2783384244075044,106.97446049022425,restoran
-6.54179665,107.39151665,restoran
-6.240350233661538,106.63266814706013,restoran
-6.123952574375319,106.84340558617367,restoran
-6.9112123558444605,107.67005258098412,restoran
-7.016755676157432,107.53039110120456,restoran
-6.830833412507367,108.62393415978268,restoran
-6.275108382689737,106.61195167489662,restoran
-6.360368422078305,106.8416218346443,restoran
-6.356238490044384,106.84295050060452,restoran
-6.8318920690755,108.63299057102458,restoran
-6.907017320698179,107.59501988420593,restoran
-6.906741788271634,107.58940738143625,restoran
-6.6414127015985995,107.39091660309921,restoran
-6.312537744633303,106.69112129101761,restoran
-6.348862639772303,106.9610785241198,restoran
-6.230067,106.65813199999998,restoran
-6.233444649999997,106.65856184999998,restoran
-6.157881186499589,106.97325088647317,restoran
-6.2692303768723034,106.7242060753175,restoran
-6.28316782402893,106.69951464734709,restoran
-6.245260530607622,106.80266056305302,restoran
-6.28492766576124,106.93382855097943,restoran
-6.200770961071328,106.75343570698435,restoran
-6.590359568532376,106.785811539171,restoran
-7.041194749815598,107.49848479333754,restoran
-6.196921992976516,106.51191438830048,restoran
-6.222022139641508,106.99684357464872,restoran
-6.22725805,106.99741349999998,restoran
-6.227397450000001,106.99750525000002,restoran
-7.48457724015071,108.7793590969211,restoran
-6.725356326255234,108.53414623644493,restoran
-7.414210369308988,107.8303247952466,restoran
-6.295026302111752,106.99756409878717,restoran
-6.228823942775756,106.99536084000297,restoran
-6.57286437713073,106.74373090171616,restoran
-6.566332725615668,106.75140573717071,restoran
-6.5729593,106.7432276,restoran
-6.549470820995993,106.73829460772996,restoran
-6.566524208735866,106.73587646753337,restoran
-6.5781158742426165,106.74067137376481,restoran
-6.570018835229833,106.75318994712414,restoran
-6.568153934991841,106.7587293095275,restoran
-6.5723982273447525,106.7433213047072,restoran
-6.558328149999998,106.74936414999998,restoran
-6.580310900000001,106.76372670000002,restoran
-6.5832429,106.76985040000001,restoran
-6.557358600000001,106.76181399999999,restoran
-6.537365400000001,106.70250975,restoran
-6.554853733740596,106.69765773135484,restoran
-6.554554350000001,106.6977517,restoran
-6.555463212186622,106.70106667100181,restoran
-6.5555235000000005,106.70122900000001,restoran
-6.555419170385852,106.7012684731449,restoran
-6.561843642709301,106.71547898369721,restoran
-6.562829399999998,106.71857195,restoran
-6.556555971876756,106.77447755362644,restoran
-6.558976200000002,106.7789074,restoran
-6.567865899999998,106.78532689999999,restoran
-6.569730550000002,106.78557655,restoran
-6.8629397928802005,108.58534244087662,restoran
-6.650572438948515,106.89191522268985,restoran
-6.263280268412076,106.63027324615416,restoran
-6.2634568999999995,106.63022360000001,restoran
-6.580464340605696,106.80632578989896,restoran
-6.049233733333333,106.70411111045811,restoran
-6.050481573595602,106.70421781866787,restoran
-6.6545899494614495,106.9100843013791,restoran
-6.6608865,106.91728459999999,restoran
-6.664297860571744,106.9214593789022,restoran
-6.665100204830889,106.92214023497355,restoran
-6.685415095530768,106.93689646656232,restoran
-6.685400700000001,106.946751,restoran
-6.69411745,106.96597940000002,restoran
-6.693923249999999,106.9667973,restoran
-6.562141992484747,106.68337873018604,restoran
-6.562208770772433,106.68349015427499,restoran
-6.617252151768783,106.80511216467652,restoran
-6.6174414000000015,106.81382270000003,restoran
-6.60883740794054,106.8125268337145,restoran
-6.6314252,106.82509195,restoran
-6.915110605479011,107.64109344296868,restoran
-6.921487065515277,107.61784066069819,restoran
-6.974381128656531,107.62877392296002,restoran
-6.974242424466117,107.62925956558927,restoran
-6.9067786,107.5980228,restoran
-6.9273473,107.60717445000002,restoran
-6.9175940801240206,107.612962834082,restoran
-6.580959335086147,106.81783264427807,restoran
-6.5885152056942,106.81670415827249,restoran
-6.050392660270537,106.69226930190048,restoran
-6.2802292500000005,106.7142939,restoran
-6.874853158970224,107.6043623410432,restoran
-6.874323809747751,107.60459711528009,restoran
-6.874273401195718,107.60445746537636,restoran
-6.874677973352604,107.60450454382665,restoran
-6.8742835499999995,107.60355394999998,restoran
-6.873919882428426,107.60469091734095,restoran
-6.8799834980262,107.75626131123957,restoran
-6.155039301629655,106.71438212486471,restoran
-6.94377980755878,107.62892028307387,restoran
-6.701585405691248,106.99295973306151,restoran
-6.956951857345168,107.69491360831911,restoran
-7.099331874147342,107.47176152609165,restoran
-7.0898135469168055,107.4794367337469,restoran
-6.050790255057971,106.70109439163936,restoran
-7.326268290001035,108.36608419766506,restoran
-6.290135878453843,106.88280267315555,restoran
-6.290256211845193,106.88268992741277,restoran
-6.346288943785859,106.70294585315662,restoran
-6.257714984836065,106.79616561971311,restoran
-6.318421934412581,107.27089245386458,restoran
-6.8546945606010405,107.5890580310309,restoran
-6.21378068564194,107.03552157229518,restoran
-6.089162343704104,106.73022853343527,restoran
-6.27030025,106.6167853,restoran
-6.262410788631513,106.73380376844527,restoran
-6.2410575092305,106.65410017068861,restoran
-6.907581173718184,107.59794361260109,restoran
-6.888801823643355,107.61300268751141,restoran
-6.215346617891611,107.03344539480325,restoran
-6.815033532773354,107.61382895738777,restoran
-7.158064025655705,106.87774977054777,restoran
-6.738020084278189,108.52602969871566,restoran
-6.7373454,108.52666195,restoran
-6.264574580029688,106.61811875879116,restoran
-7.217609100000001,106.60339635,restoran
-6.916142546816036,107.60669409374836,restoran
-6.918042865149177,107.60585034882087,restoran
-6.92273878743864,107.60771924495603,restoran
-6.922688583321012,107.60780611656159,restoran
-6.922695101059667,107.60785752501475,restoran
-6.922700232647214,107.60790047571385,restoran
-6.922737699497165,107.60826412109923,restoran
-6.56739096916756,106.86196321359981,restoran
-6.567127832824775,106.86228960272247,restoran
-7.3474273489832695,108.43516795500598,restoran
-6.720070465505135,108.56926793063802,restoran
-6.294122362733279,106.60973372562076,restoran
-6.294326075753785,106.61016273171064,restoran
-6.2950014064028235,106.60940397559092,restoran
-6.286837099999998,106.64155345,restoran
-6.217585289514075,106.82519546628576,restoran
-6.394539319161131,106.79521193250281,restoran
-6.276668904239237,107.04485692138444,restoran
-6.278078692872948,107.0468965808621,restoran
-6.278275489948644,107.04680926305763,restoran
-6.2784350361194985,107.04729406047518,restoran
-6.2785120573166875,107.04741772136431,restoran
-6.278931350000001,107.04645085,restoran
-6.27870180901101,107.04658941716693,restoran
-6.279346199999999,107.04653855000001,restoran
-6.343437093888951,107.15406841393185,restoran
-6.343164581787576,107.15364699935878,restoran
-6.40770615,107.00579989999999,restoran
-6.408308100000002,107.0052774,restoran
-6.082497292301429,106.72278409237049,restoran
-6.082696002972991,106.7228339278085,restoran
-6.081405799999999,106.7214945,restoran
-6.081240084220498,106.72138612826765,restoran
-6.080569983682353,106.72094264267615,restoran
-6.080869800428528,106.72113858318575,restoran
-6.082041932787854,106.72257199516051,restoran
-7.334702179670697,108.39192912153268,restoran
-6.953135199999999,107.60573169999999,restoran
-6.953252119945357,107.6062567124317,restoran
-6.953011435605507,107.60630510090006,restoran
-6.952969516706975,107.60632641775807,restoran
-6.95305275265605,107.60598943074861,restoran
-6.278191819328748,106.71665681658364,restoran
-6.27956542678693,106.71654225662095,restoran
-6.329735,107.13017395000001,restoran
-6.329383314834042,107.12977220292804,restoran
-6.333040700000001,107.14012965000003,restoran
-6.333114677585468,107.13939604521599,restoran
-6.15087015,106.8567748,restoran
-6.736840142176149,108.52862556649985,restoran
-6.736670449166048,108.52960064883054,restoran
-6.736367311437606,108.53032960038269,restoran
-6.731722023335113,108.54090982559092,restoran
-6.3483834562491115,106.67369444587735,restoran
-6.348475893901739,106.67359978040336,restoran
-6.219395300007441,106.81894208443474,restoran
-6.736171394893553,108.53137212578693,restoran
-6.346231849645269,106.68817859015233,restoran
-6.346768927941715,106.68801049625067,restoran
-6.346746781269597,106.68795900203516,restoran
-6.276902446469464,106.77626425220852,restoran
-6.335136453916617,106.72221462654846,restoran
-6.735048543349113,108.5348969293428,restoran
-6.712565422037248,108.55065249205737,restoran
-6.412342191204093,106.61614427511881,restoran
-6.232763156609574,106.9655534391489,restoran
-6.2421276500000005,106.66653614999998,restoran
-6.24242575,106.66646994999999,restoran
-6.228849020185413,106.65898066416943,restoran
-6.886614299999998,107.6151291,restoran
-6.723152360329175,108.55004746687199,restoran
-6.7246306630369865,108.55014598625418,restoran
-6.7161237,108.5504775,restoran
-6.717117291622972,108.54906451829416,restoran
-6.718364284081497,108.55111011634476,restoran
-6.7262779471530925,108.5507998779536,restoran
-6.850913667749579,106.76419078664844,restoran
-6.7333229,108.55007355000001,restoran
-6.177554262482819,106.95496821936369,restoran
-6.176201000000002,106.9560515,restoran
-6.90118663187795,107.61165508360817,restoran
-6.338396825759857,106.75894919255413,restoran
-7.647105940701864,107.71091534698672,restoran
-6.736709846179392,108.5302369375542,restoran
-6.736690152523407,108.5298073308763,restoran
-6.736695303265019,108.52989833538365,restoran
-6.72138597514103,108.5465571626794,restoran
-6.759000304095336,108.53360368438895,restoran
-6.1921484499999995,106.83622215000001,restoran
-6.300064415658651,107.29176296572489,restoran
-6.704902412632533,108.5505812757487,restoran
-6.070985828144003,106.6462040579813,restoran
-6.959452179050452,107.6996412470724,restoran
-6.9595357,107.69918574999997,restoran
-6.959083550000001,107.7015133,restoran
-6.95911435,107.70134055000001,restoran
-6.959190550000001,107.70092774999999,restoran
-6.960074777686687,107.70085188030427,restoran
-6.960175649999996,107.70027165,restoran
-6.960109799999997,107.70065015,restoran
-6.247583504642769,106.64953814699737,restoran
-6.370412366584706,107.95697254947895,restoran
-6.921757919783397,107.61745305299324,restoran
-6.863563906546663,107.47857564520221,restoran
-6.319132811783009,106.66084334203228,restoran
-6.867627855423247,107.46426820564325,restoran
-6.867633138403356,107.46446705356254,restoran
-6.867624308380085,107.46465514577692,restoran
-6.332702464968786,106.4426371992539,restoran
-6.3348520375314346,106.44104089635759,restoran
-6.335751580256389,106.44047218166472,restoran
-6.3363659,106.43458695,restoran
-6.714092356590056,108.55927367303576,restoran
-6.5266003,106.87918365,restoran
-6.5280292896941186,106.88094492843783,restoran
-6.87969935,107.61197655000002,restoran
-6.87965965,107.61197984999998,restoran
-6.876585392614084,107.54618019981838,restoran
-6.7132232777419585,108.55843919569747,restoran
-6.717462495355484,108.57148464369702,restoran
-6.715293848197129,108.56655365860496,restoran
-6.699888004734258,108.55359246739513,restoran
-6.233141135392465,106.99221031333313,restoran
-6.808844848030253,107.64164539141007,restoran
-6.897066945755092,107.22676499165745,restoran
-6.939472919704571,107.66610072946804,restoran
-6.332987709546287,106.46255162404553,restoran
-6.33342821117417,106.46353407563706,restoran
-6.160730686542233,106.93014924945389,restoran
-6.1668792,106.9280347,restoran
-6.223624366197956,106.99571895508494,restoran
-6.223775901433064,106.99554796626816,restoran
-6.22356928223529,106.9974537223298,restoran
-6.223576781859139,106.99719361522273,restoran
-6.224115900000001,106.99537315,restoran
-6.224340292315044,106.99550762181606,restoran
-6.223055449999998,106.99620244999998,restoran
-6.182167504555748,106.78170352395725,restoran
-6.174871338499539,106.78342042635853,restoran
-6.349579483897869,106.96068707803862,restoran
-6.175056381394396,106.78013032161043,restoran
-6.177272213979335,106.78200432517615,restoran
-6.314901926487186,106.73219445532165,restoran
-6.258219799999997,107.15793485,restoran
-6.9178866999999995,107.70691349999998,restoran
-6.273410354873857,106.61623495293242,restoran
-6.27299005,106.6163033,restoran
-6.262924319249887,106.61873569635561,restoran
-6.299739722533433,106.77816111964238,restoran
